# 3ds Max Wavefront OBJ Exporter v0.97b - (c)2007 guruware
# File Created: 23.12.2019 23:25:04

mtllib Ekershe_Sasha_lp.mtl

#
# object Ekershe_Sasha_lp
#

v  -6.412109 63.355225 6.072753
v  -3.026550 62.684021 9.112304
v  -6.505371 66.605042 5.925292
v  -3.521271 64.700806 9.265624
v  -7.020996 70.400879 6.084961
v  -4.184998 68.890686 8.800781
v  -8.073608 75.179932 4.733154
v  -3.643768 77.256592 5.711914
v  0.403474 90.577217 10.259480
v  -1.079327 90.868698 10.081154
v  -2.694019 90.334885 9.309326
v  -3.017044 91.818039 8.220919
v  -1.130938 92.495926 9.699650
v  -0.347964 89.868942 9.671508
v  -1.081692 90.258980 9.828877
v  -2.014199 89.854202 9.430386
v  -0.131946 89.292999 9.666747
v  -3.056555 89.306007 8.464654
v  -2.265950 89.494217 9.117838
v  -3.017276 87.969635 8.940172
v  -2.242371 89.095490 9.053223
v  -2.607372 87.654037 9.278809
v  -1.960609 88.934692 9.248047
v  -0.638306 87.427124 10.064697
v  -1.073975 88.684082 9.593262
v  -0.230289 88.359070 10.157203
v  -0.363725 88.891136 9.744218
v  -1.201073 89.763763 9.968018
v  -0.638004 89.645958 9.799707
v  -1.850533 89.645782 9.688965
v  -2.003490 89.428284 9.314453
v  -0.436520 89.457794 9.603271
v  -0.651427 89.238792 9.556526
v  0.086474 90.179329 10.337605
v  -1.088863 90.636185 10.083539
v  -2.470764 90.164597 9.439941
v  -2.634739 89.506691 8.918114
v  -2.649166 88.501190 9.081339
v  -2.145775 88.150314 9.425293
v  -0.978271 88.221008 9.734863
v  -0.273720 88.717117 9.955517
v  0.114454 89.373085 9.972500
v  -1.125362 89.118958 9.791260
v  -0.537598 86.779785 10.171143
v  -0.285156 87.133759 11.052002
v  -0.227334 87.621925 10.744041
v  0.029409 88.237427 10.791574
v  0.412791 87.275444 11.714874
v  0.405954 86.696022 10.749028
v  -0.060059 86.084412 10.913086
v  0.427673 86.061035 11.085938
v  -1.114746 85.829689 9.944092
v  -0.185974 85.737000 10.907471
v  0.430054 85.764069 11.088867
v  -0.956177 85.613281 10.177002
v  -0.201660 85.405518 10.629639
v  -0.784424 85.344849 10.228516
v  -0.273926 84.954170 10.616699
v  0.394411 84.989494 10.854367
v  -0.695435 85.101959 10.167236
v  -0.112793 84.268127 10.341309
v  -0.571075 84.553406 9.992188
v  -1.987549 86.217957 9.134766
v  -1.355713 85.604797 9.753418
v  -1.544556 84.682480 9.328613
v  -1.289551 85.043884 9.627686
v  -1.075043 84.517334 9.564941
v  -1.067383 84.974518 9.620361
v  -1.184082 85.381836 9.820313
v  -0.979248 85.193604 9.818115
v  -1.501465 85.165039 9.564697
v  -1.816406 85.264771 8.918213
v  -0.085773 83.437988 10.187652
v  0.424434 83.357796 10.061388
v  -0.596986 83.349213 9.965518
v  -1.008522 83.451149 9.626204
v  -1.720064 83.726379 8.790266
v  -1.985760 84.188614 8.054811
v  -2.704590 86.841980 8.753418
v  -2.538086 85.300415 7.670898
v  -2.337295 84.601486 7.277176
v  -3.289307 87.552795 8.172607
v  -3.232910 85.796936 6.655151
v  -3.092041 89.098824 7.155029
v  -3.479248 88.517273 7.130493
v  -3.603440 88.007141 6.923373
v  -3.489299 86.419548 5.991230
v  -3.350786 85.353050 5.625529
v  -3.093596 86.959076 5.163839
v  -3.129361 85.557747 5.165046
v  -3.536773 87.957138 5.292382
v  -3.796673 88.567734 5.218775
v  -2.864079 85.075165 5.048116
v  -2.941939 84.503540 5.349144
v  -2.631118 83.906746 6.146438
v  -2.359064 83.647621 7.037259
v  -2.083422 83.397415 7.737781
v  -1.761148 83.079750 8.581540
v  -1.071723 82.819511 9.569271
v  -0.641501 82.640694 9.992948
v  -0.091282 82.581810 10.124274
v  -3.911936 89.076538 5.069012
v  -3.370850 90.276978 7.370605
v  -3.553467 90.984985 7.012573
v  -3.053955 93.423988 6.763553
v  -3.876953 92.261230 6.066650
v  -3.159786 94.059914 4.834965
v  -4.127441 92.373962 4.787537
v  -1.653212 94.341614 7.646759
v  0.440824 94.680664 7.658644
v  -1.719855 95.299286 4.533001
v  0.278563 95.452354 2.528720
v  -1.693250 94.919449 2.509984
v  0.228122 93.220085 -0.042165
v  -1.705459 93.000786 0.198654
v  0.154714 90.423706 -0.935370
v  -1.753119 90.409203 -0.555542
v  -1.633958 86.411736 0.439932
v  -1.737408 88.437302 -0.264154
v  0.167043 88.389420 -0.508403
v  -3.374697 93.770020 3.077244
v  -4.389893 91.949829 3.403198
v  -3.286968 92.458336 1.075546
v  -3.331694 90.133331 0.757892
v  -3.223169 88.558746 1.122544
v  -2.906888 86.421577 1.789070
v  -4.364627 91.078514 2.518472
v  -4.082304 89.737465 2.282847
v  -3.822042 88.439789 2.435503
v  -3.633100 86.530190 3.160585
v  -4.423584 89.860008 4.272095
v  -4.055657 88.056969 3.107174
v  -3.707477 87.020958 4.020526
v  -3.420410 85.303162 3.348267
v  -3.119301 85.626434 4.243350
v  -4.229825 88.883430 4.785018
v  -4.136190 88.339821 4.689174
v  -4.655209 89.695313 4.268520
v  -3.850714 87.484116 5.164749
v  -3.495791 87.072327 5.119228
v  -3.893805 87.136223 4.193992
v  -4.450937 87.738770 3.332036
v  -4.630371 89.944305 3.421997
v  -4.387829 89.181404 3.092615
v  -4.544434 89.002686 3.340088
v  -4.587402 89.673584 3.715431
v  -5.050366 89.021324 3.150081
v  -4.978024 89.683327 3.672865
v  -4.798362 87.610489 3.420776
v  -4.374362 86.832329 4.190682
v  -3.858650 86.633728 4.907943
v  -4.028830 86.853012 5.017609
v  -4.601779 86.964867 4.436379
v  -5.007694 87.699860 3.615531
v  -5.288658 88.936890 3.370850
v  -5.182776 89.551598 3.808136
v  -4.778092 89.625038 4.296477
v  -4.926262 89.508766 4.158240
v  -4.399882 88.868782 4.737527
v  -4.312275 88.279671 4.400043
v  -4.699935 88.881744 4.168932
v  -4.864098 88.023315 3.783962
v  -4.239254 87.327362 4.639160
v  -2.760742 84.883301 2.246582
v  -1.783496 84.880898 0.460593
v  0.212280 85.228760 0.682373
v  -0.134538 82.505684 9.586905
v  0.387283 82.573242 9.520509
v  -0.523245 82.619301 9.416835
v  -0.789451 82.796219 9.030485
v  -1.129235 82.896629 8.547342
v  -1.408582 83.658173 7.365829
v  -1.642943 83.759567 6.712584
v  -1.250200 83.561684 5.169201
v  -0.268833 82.826591 8.591908
v  -0.428059 82.803291 7.901945
v  -0.468161 82.587135 7.024909
v  -2.331192 84.209358 4.811212
v  -2.734199 85.038788 4.806058
v  -2.074005 82.834961 4.716553
v  -1.548120 82.920601 4.487849
v  -1.291939 82.962730 5.144146
v  -2.718018 83.626526 1.563721
v  -3.461182 81.936035 1.684570
v  -2.225060 83.584549 0.331916
v  0.273166 83.572105 0.184383
v  0.260518 81.593536 -0.574430
v  -2.175050 81.892838 -0.437990
v  0.354242 79.265060 -1.390757
v  -3.181273 80.016090 -1.014627
v  -1.774012 78.470284 -2.093938
v  -3.774864 82.222672 0.866928
v  -4.439750 81.276497 -0.206668
v  -4.688646 79.730797 -1.163815
v  -5.604591 80.934288 1.559793
v  -4.502365 80.650841 2.121516
v  -6.085076 80.712097 0.393162
v  -5.653323 79.198845 -1.127453
v  -3.554749 78.340210 4.955566
v  -1.919128 78.207642 5.613770
v  -1.826416 81.045349 4.804199
v  -1.260696 81.007629 4.906006
v  -1.425293 81.727112 4.839844
v  -0.822024 79.160896 5.290736
v  -0.262451 77.478516 5.828613
v  -0.535171 79.182518 5.194802
v  0.387943 77.281105 5.298216
v  -0.936998 82.042191 5.705946
v  -0.374896 81.260727 6.228543
v  -0.086053 79.567535 5.367069
v  0.385029 78.355453 4.493976
v  -0.347473 77.183594 6.182129
v  0.495613 76.919800 6.151015
v  -1.957886 77.735962 5.888672
v  -3.655060 77.787109 5.421631
v  -5.919416 79.078491 3.255371
v  -5.422485 79.789063 2.728760
v  -6.908203 80.126587 1.796875
v  -7.715576 79.461060 2.213623
v  -7.676137 78.613388 2.994860
v  -7.278043 79.856529 0.516859
v  -8.097900 79.166626 0.595162
v  -8.622070 78.835693 2.159534
v  -9.344971 78.331055 2.439453
v  -8.842041 78.640015 1.000739
v  -9.685547 78.255249 1.242153
v  -6.855014 78.509277 -0.861250
v  -7.881591 78.117310 -0.447756
v  0.390232 71.401085 -1.440736
v  -1.454370 73.911095 -2.729558
v  -1.910513 68.222420 -2.309066
v  -4.266333 73.750496 -3.119896
v  -3.001688 75.286667 -2.824132
v  -6.073200 77.433479 -1.976473
v  -3.746089 77.096420 -2.794384
v  -4.746536 78.643593 -2.026180
v  -6.248637 77.734978 -1.774375
v  -2.127380 77.086426 6.041748
v  -0.330811 76.726563 6.556396
v  0.497070 75.572151 7.032959
v  -4.246094 70.087891 9.051025
v  -7.282227 71.111694 6.577148
v  -8.635254 77.828125 3.544434
v  -9.603394 76.580078 4.219727
v  -9.068970 71.812134 5.140381
v  -10.723877 74.782135 4.700439
v  -10.679321 70.503296 4.516846
v  -10.244690 70.858887 3.977539
v  -4.181061 66.640434 9.043700
v  -6.799194 69.981934 5.841797
v  -7.342089 71.670265 3.921226
v  -9.470764 71.235718 4.176514
v  -8.777435 71.362358 3.367104
v  -7.265170 67.986908 3.279855
v  -8.407475 68.676826 2.407581
v  -6.763184 63.983276 3.586913
v  -5.759854 61.478043 3.087337
v  -6.143160 60.839760 5.760537
v  -2.990234 58.971191 8.884031
v  -1.469360 70.268127 9.773682
v  0.756439 71.033936 8.949463
v  -1.517395 68.924957 9.496338
v  0.709625 68.905136 9.501465
v  -1.734558 67.336380 9.826660
v  0.691834 67.911400 9.411133
v  -1.478851 65.297356 9.809569
v  -1.365509 62.712158 9.742675
v  -1.215881 59.115334 9.633055
v  -1.172028 55.855309 9.775389
v  -2.548340 55.765213 8.945311
v  -6.509766 58.637573 5.966063
v  -5.291016 57.557587 8.123289
v  -3.881104 55.718765 8.409666
v  -5.725103 55.779903 7.336285
v  -4.656854 54.637333 7.634749
v  -1.223511 52.218262 9.253904
v  -2.333740 53.635666 8.352781
v  -2.203369 51.574768 8.152586
v  0.551025 49.571167 8.852537
v  -0.555664 49.779114 7.537107
v  -6.535447 56.669601 5.718521
v  -6.477320 59.056187 3.546251
v  -6.254395 57.712730 3.127822
v  -8.425058 66.856133 1.008335
v  -7.606185 65.574890 1.149532
v  -6.340726 63.470455 1.384805
v  -4.560011 60.915512 1.571522
v  -8.232462 67.427177 -0.263751
v  -7.302994 65.823280 0.081467
v  -5.025116 63.456421 0.107000
v  -2.740845 61.452209 0.729248
v  -8.147373 68.522766 -0.876035
v  -6.411894 67.227509 -1.460020
v  -3.802945 65.320580 -1.351517
v  -1.144714 61.959778 0.713623
v  -5.918885 69.521263 -2.856880
v  -5.880557 72.522285 -2.653154
v  -8.479185 70.460907 -1.275892
v  -8.294649 72.770370 -0.979614
v  -7.019297 75.268837 -2.436315
v  -7.500994 76.815285 -1.639613
v  -8.688173 72.637032 -2.337465
v  -7.820452 74.859367 -2.449764
v  -8.871704 70.447952 -1.762416
v  -8.978027 68.287270 -1.726982
v  -8.688362 65.782272 -0.791443
v  -8.649233 75.893730 -1.715799
v  -9.451754 77.096756 -0.451056
v  -10.103165 77.549683 1.084496
v  -9.747437 77.613525 2.767456
v  -10.619141 76.743896 3.086426
v  -11.651001 75.102417 3.437256
v  -11.760254 70.299927 4.222168
v  -11.577515 69.243103 3.910889
v  -12.596300 69.549133 3.553835
v  -11.919678 67.830933 3.190430
v  -11.602509 72.814133 4.586914
v  -12.409180 73.046936 3.653564
v  -13.011827 68.754852 2.597135
v  -12.160156 67.061127 2.775391
v  -12.794264 71.325111 3.799193
v  -13.337765 70.894760 2.336357
v  -12.790747 73.057472 2.044563
v  -12.086426 75.070313 1.691406
v  -11.196772 76.361328 1.239503
v  -10.868795 75.728806 -0.354365
v  -12.926758 68.749100 1.482300
v  -12.454590 66.973465 1.870483
v  -12.957253 70.439331 0.856924
v  -12.606892 72.598206 0.281141
v  -11.841705 74.338043 -0.134661
v  -9.805176 74.082397 -1.987793
v  -11.210938 72.909058 -1.683838
v  -10.073969 71.222710 -1.826546
v  -12.157227 71.421753 -0.994873
v  -11.241238 70.340530 -1.048662
v  -12.664387 70.100327 -0.022517
v  -11.962646 69.521973 -0.215088
v  -12.747820 68.883263 0.761703
v  -12.578341 68.479309 0.590481
v  -3.127197 85.012512 6.407471
v  -9.806160 71.195465 -1.723060
v  -8.910936 71.553940 -1.668553
v  -11.024834 70.130028 -0.864870
v  -11.868370 69.229973 -0.243616
v  -12.616344 68.203064 0.433340
v  -12.652540 66.055237 1.695621
v  -9.751150 70.202019 -1.966413
v  -9.997421 68.196999 -2.330612
v  -9.930910 65.457672 -1.840571
v  -11.069427 69.464027 -1.352386
v  -11.325054 67.786934 -1.707067
v  -11.576048 65.352325 -1.413813
v  -12.174103 68.259048 -0.558217
v  -12.404575 66.834106 -0.765139
v  -12.548662 64.969078 -0.709786
v  -13.183542 66.725815 0.442922
v  -13.318092 65.463989 0.164495
v  -13.089640 64.213745 -0.097332
v  -12.833048 65.207596 1.656016
v  -12.981623 64.089607 1.444291
v  -13.121080 62.291443 0.870215
v  -12.089077 65.847557 2.862378
v  -12.227985 64.873604 2.849163
v  -12.411499 63.117802 2.806810
v  -12.801748 61.690426 2.212858
v  -12.420902 61.858238 2.795824
v  -12.622293 58.339848 1.884816
v  -12.017805 60.283623 2.623353
v  -10.922085 59.273823 2.559035
v  -10.872370 60.220909 2.658019
v  -9.862579 60.493118 1.754703
v  -9.808075 61.072113 2.165574
v  -9.081699 65.505722 3.077419
v  -8.883396 66.003334 1.139431
v  -9.164587 64.069084 2.486577
v  -9.044691 64.603516 1.018798
v  -9.530195 67.783569 4.387112
v  -8.949295 67.418892 3.902540
v  -10.515856 67.806145 4.358057
v  -11.636591 67.500488 4.067986
v  -11.849335 65.791298 4.141065
v  -10.792492 65.858154 4.444215
v  -9.632879 65.708664 4.279995
v  -12.008949 64.190796 3.991895
v  -11.069704 63.834343 4.363565
v  -9.700285 63.610096 3.929723
v  -12.071058 62.865337 3.749547
v  -11.141144 62.433479 3.987634
v  -10.052732 62.201168 3.548586
v  -9.417686 62.510471 2.409938
v  -12.217382 61.847992 3.249111
v  -11.506699 61.370003 3.474586
v  -10.484844 61.146950 3.224881
v  -9.736382 61.625484 2.321045
v  -9.127811 63.339874 1.078864
v  -9.217241 62.249058 1.171135
v  -9.458824 61.627457 1.021730
v  -9.422834 61.001701 1.095455
v  -9.336485 63.981926 -0.475915
v  -9.493824 63.028191 -0.395308
v  -9.970018 61.639046 -0.858841
v  -10.892813 63.612251 -1.454487
v  -10.653963 62.937805 -1.285842
v  -10.844498 61.811966 -1.190923
v  -11.922447 64.002274 -1.180094
v  -12.829037 61.857178 -0.619342
v  -13.082207 60.887283 0.248210
v  -12.570322 63.743149 -0.849832
v  -12.433434 62.115341 -1.045848
v  -11.537563 62.020386 -1.264658
v  -9.486629 58.945557 0.528097
v  -11.187584 59.330894 -1.312291
v  -11.333925 60.507568 -1.357407
v  -11.889631 60.607224 -1.323686
v  -12.448872 59.682930 -1.314855
v  -12.744600 58.828888 -1.027799
v  -13.052788 59.370827 -0.227331
v  -11.707525 58.251717 -1.145239
v  -9.826847 57.182556 0.051986
v  0.668153 59.778675 1.630531
v  -0.932861 59.973816 1.220703
v  0.662739 58.060799 1.455184
v  -0.887207 58.482239 1.196289
v  -1.952179 59.593628 1.423828
v  -2.141235 58.713928 1.422607
v  -2.470490 56.720581 0.725830
v  -3.764893 59.537903 1.668701
v  -3.451294 58.768860 1.708740
v  -3.432159 57.499023 1.383545
v  -5.371035 58.976833 2.514405
v  -5.355216 58.026241 2.319484
v  -4.243164 58.892212 2.157715
v  -4.609589 58.033417 1.899481
v  -5.317613 59.947510 2.484880
v  -4.220825 59.679504 2.002197
v  -13.604433 62.166458 1.783967
v  -13.273844 60.794968 2.631084
v  -12.926517 57.756588 2.646224
v  -11.237356 58.453529 2.845351
v  -9.900179 59.108135 2.024221
v  -10.121107 57.441032 2.380455
v  -11.700119 56.967350 2.953475
v  -13.240448 56.427765 2.607676
v  -13.678545 61.022369 1.147231
v  -13.839745 58.257011 0.326279
v  -13.121868 57.216576 -0.684440
v  -12.125860 57.069527 -0.720628
v  -14.151834 58.731647 3.183629
v  -14.375010 57.378914 3.422457
v  -13.937721 59.857468 3.046669
v  -14.794008 59.283012 2.415282
v  -15.273813 57.653839 2.764817
v  -14.328535 60.571110 2.010127
v  -13.914131 60.186584 0.824837
v  -14.815407 58.943386 1.182268
v  -15.032177 56.823158 1.004254
v  -13.566645 55.720673 -0.246572
v  -11.426481 55.268158 -0.499856
v  -11.962799 55.272305 3.124475
v  -11.335518 56.175472 2.977868
v  -10.877218 54.849689 2.525372
v  -10.421782 56.052181 2.487037
v  -10.178757 55.708794 0.785013
v  -10.574257 54.701088 0.761546
v  -13.076632 52.156342 0.234050
v  -14.594503 52.746361 0.194833
v  -15.885872 53.348839 1.304847
v  -15.960091 53.867043 2.377399
v  -15.082352 53.965599 3.208359
v  -14.358313 53.522938 3.207064
v  -13.272415 52.864338 3.103829
v  -12.605461 52.223801 2.680918
v  -12.349586 51.857269 1.046334
v  -15.491817 49.203674 1.051390
v  -16.606520 49.761909 1.789494
v  -14.338928 48.538940 1.097648
v  -13.895523 48.586082 2.076763
v  -16.919025 50.486458 2.824223
v  -16.009398 50.318970 3.321524
v  -15.403305 50.095490 3.307441
v  -14.648117 49.611122 2.921277
v  -14.211914 49.237305 2.485107
v  -16.284128 46.994247 1.658914
v  -17.207867 47.714668 2.135295
v  -14.813847 47.033432 1.722383
v  -17.424217 48.691696 3.339098
v  -16.678709 48.689316 3.816460
v  -16.376528 48.044968 3.718913
v  -15.600132 47.441238 3.376704
v  -14.552080 47.499054 2.985484
v  -14.219728 47.485550 2.599105
v  -13.888193 46.125137 2.939926
v  -14.740162 45.825096 2.458692
v  -16.337072 45.828545 2.179994
v  -17.465525 46.356579 2.527491
v  -18.345167 47.335522 4.644863
v  -17.386541 48.081970 5.184603
v  -16.832661 47.588730 5.349156
v  -16.718000 46.310753 4.197948
v  -15.578577 46.162621 3.522843
v  -16.844259 46.270580 4.816945
v  -17.132103 45.551403 4.324490
v  -15.782997 44.832230 3.671280
v  -17.292589 45.985741 5.124435
v  -17.805105 44.591927 4.971447
v  -16.866007 44.054817 4.322687
v  -17.797121 45.682373 5.908810
v  -18.451752 45.163559 5.646195
v  -18.487864 44.729420 5.453077
v  -16.979586 43.060562 4.930612
v  -15.835007 42.981422 4.385807
v  -17.996786 43.469051 5.373970
v  -18.561140 43.774124 5.824029
v  -14.310997 46.360847 3.596246
v  -14.327593 45.292213 3.769789
v  -13.775375 45.185867 3.364736
v  -14.863129 43.149254 4.284087
v  -14.231647 43.223076 4.088302
v  -14.640995 44.604286 2.747718
v  -14.746181 42.460346 3.694121
v  -16.278069 44.403660 2.700729
v  -16.049706 41.973747 3.486008
v  -17.813965 44.644085 3.471694
v  -17.708641 42.272766 3.957813
v  -18.667738 44.287411 4.394727
v  -18.770685 45.262245 5.171455
v  -18.940794 44.644993 5.299584
v  -19.105783 43.596607 5.563120
v  -18.793900 46.535049 6.153044
v  -17.029263 46.910870 5.847908
v  -17.711859 46.136169 6.584505
v  -17.712860 47.373283 5.992513
v  -18.017965 45.347000 6.468893
v  -18.649628 45.205250 6.338901
v  -18.760618 45.743633 7.027599
v  -18.033396 45.730736 6.968705
v  -18.747105 44.520870 7.264482
v  -18.882433 44.969860 7.773269
v  -18.186884 44.661083 7.253469
v  -17.981531 45.013466 7.681890
v  -18.460093 44.094940 8.432576
v  -18.147955 44.083504 8.310370
v  -18.393024 43.807110 8.160599
v  -18.128944 43.839909 8.091978
v  -17.965879 42.905521 5.386545
v  -17.740271 42.701607 5.377512
v  -16.797438 42.346161 4.536529
v  -16.554701 42.125324 4.543245
v  -15.351185 42.265118 4.315885
v  -15.122551 42.412315 4.317727
v  -14.249268 42.086697 5.102829
v  -14.591915 41.614532 4.659410
v  -14.993689 41.824566 4.853119
v  -15.443611 41.406105 4.986822
v  -15.885084 40.925175 4.662200
v  -16.306070 41.286083 5.074304
v  -16.813257 41.355911 5.337793
v  -17.527618 41.197155 5.080587
v  -17.630033 41.707829 5.804623
v  -18.106176 42.095341 6.188164
v  -18.617159 41.925610 6.036123
v  -18.934998 42.153549 6.309501
v  -18.621298 42.511299 6.664533
v  -18.091608 42.409077 6.544256
v  -17.070045 41.729237 5.760816
v  -15.753746 41.815216 5.347720
v  -14.721062 42.234543 5.289970
v  -18.409727 41.555305 7.563044
v  -17.925537 41.635063 7.473996
v  -17.940887 41.332695 7.311441
v  -18.631588 41.207870 7.330099
v  -18.269314 40.930641 7.250402
v  -16.830936 40.340820 6.662183
v  -17.326521 40.162067 6.526590
v  -17.587721 40.687202 6.877173
v  -16.952751 40.950073 7.055866
v  -16.146862 40.537170 6.362164
v  -15.743240 41.016735 6.621326
v  -15.498470 40.588642 6.282964
v  -15.774914 40.190247 6.157948
v  -14.362818 41.563820 5.882784
v  -14.566223 41.116707 5.635241
v  -14.939020 41.301010 5.713265
v  -14.762955 41.757607 6.015316
v  -17.873617 40.984646 8.472428
v  -17.637259 41.102135 8.339063
v  -18.054047 40.794079 8.313826
v  -17.859360 40.634659 8.230702
v  -17.615553 40.817360 8.315875
v  -17.242748 40.081280 8.142216
v  -16.824785 40.320953 8.266186
v  -16.687527 39.917732 8.042572
v  -17.091400 39.690742 8.002146
v  -16.086473 40.271011 7.564968
v  -15.769289 40.521507 7.626032
v  -15.554213 40.258270 7.519787
v  -15.833563 39.949436 7.470173
v  -14.864441 41.403851 6.789234
v  -14.627480 41.261765 6.731116
v  -14.691416 40.967144 6.659437
v  -15.009457 41.104809 6.685092
v  0.452393 48.627106 9.172849
v  -0.418213 48.692627 8.083737
v  0.315430 47.221497 9.341550
v  -0.731689 47.302307 7.999021
v  0.235840 46.482086 9.414060
v  -0.952881 46.258545 8.305661
v  0.440186 45.781738 9.197751
v  -0.299316 45.334473 8.201901
v  -0.015761 45.473091 6.367689
v  0.874268 46.153809 6.709714
v  -0.638916 46.062378 6.582028
v  -0.364014 47.016113 6.114499
v  -0.237549 48.049316 6.892575
v  0.140137 48.656433 6.456296
v  -0.076416 48.284912 5.942624
v  -2.994446 51.519348 7.098386
v  -4.487418 53.723392 7.602241
v  -6.054278 55.137001 7.362444
v  -6.738865 55.929604 5.829032
v  -6.536040 56.855309 2.943882
v  -5.590945 57.091812 2.085634
v  -4.924805 57.407349 1.829346
v  -4.274109 56.824097 1.052490
v  -3.666626 56.228638 0.298096
v  -0.447266 48.629883 1.828857
v  -1.826843 47.449707 0.771240
v  -5.010559 54.766846 0.195313
v  -5.712703 55.439522 1.506650
v  -7.111566 55.229553 2.892210
v  -7.431039 55.192654 4.191288
v  -6.704590 53.734375 6.019043
v  -6.333021 53.644932 7.109140
v  -5.604950 53.253174 7.495115
v  -7.477597 54.009716 4.172704
v  -7.104173 53.899788 2.757607
v  -6.175317 53.692871 1.957254
v  -5.682788 52.982422 0.732559
v  -4.179069 46.614227 0.386587
v  -3.709045 51.445435 7.344724
v  -2.895262 48.432861 7.489504
v  -2.162286 45.374771 7.053879
v  -0.776890 44.606091 6.352485
v  -1.227058 41.208229 6.346403
v  -0.768527 42.599892 5.708115
v  -0.799201 37.213085 4.672404
v  -0.372402 38.531357 3.791984
v  -0.580707 34.560291 2.931398
v  -0.890265 35.107040 1.415652
v  -0.104421 43.679390 5.130456
v  -0.906943 40.178425 1.219472
v  -0.933179 30.756241 1.910402
v  -2.171384 30.663776 0.278068
v  -1.713995 35.544174 0.137294
v  -2.773404 32.774059 0.352221
v  -4.395416 47.712708 8.237790
v  -3.434928 44.455936 8.061419
v  -2.550982 40.422028 7.318842
v  -1.400824 36.128342 5.595510
v  -1.047981 33.598755 4.143057
v  -6.212895 45.283752 1.243543
v  -7.032471 43.845245 2.185547
v  -7.445388 45.242302 2.985425
v  -5.981567 49.661621 1.787842
v  -5.734741 50.862122 1.937012
v  -6.132080 51.710220 2.432373
v  -6.673584 51.742233 3.123779
v  -6.959717 51.190948 4.176758
v  -7.176025 51.503326 5.256592
v  -7.154464 51.193916 7.001563
v  -6.116798 50.552944 7.653047
v  -5.600708 47.582092 8.414792
v  -6.853516 49.971905 2.610352
v  -7.112793 47.804993 2.968018
v  -7.479736 48.110596 4.174805
v  -7.488037 49.952393 4.878662
v  -7.558489 49.620792 6.874687
v  -7.887792 47.832523 6.492575
v  -6.790527 47.459106 7.419431
v  -6.632324 48.974834 7.591063
v  -7.837158 45.608978 4.586182
v  -7.368408 44.972137 7.002927
v  -5.528076 44.886963 8.873044
v  -7.865966 39.955566 4.196343
v  -7.888343 43.347294 4.265430
v  -7.283936 39.728882 2.261410
v  -0.458534 47.295570 2.219369
v  0.179411 46.559826 5.522390
v  0.692748 46.703365 4.241297
v  0.678559 47.123810 5.430939
v  -1.804321 46.550049 0.976807
v  -3.965920 45.612389 0.667721
v  -5.644699 44.467354 0.594673
v  -6.483869 43.030273 1.162972
v  -6.675621 39.790161 0.837035
v  -0.450845 44.492493 1.874048
v  -2.001787 41.304710 -0.109635
v  -4.093922 42.689964 0.207284
v  -3.281131 37.152332 -0.496703
v  -4.082260 34.110252 0.157446
v  -4.529414 38.480530 0.199010
v  -4.768057 34.733624 0.750782
v  -5.568971 39.340942 -0.068302
v  -5.771568 34.609470 0.346231
v  -6.409410 34.922058 1.163171
v  -6.604041 35.031418 2.273714
v  -3.613096 33.150608 0.691726
v  -4.259181 33.940994 0.731804
v  -4.804048 34.180462 0.889040
v  -5.383620 33.755230 0.506951
v  -5.911120 32.886604 0.454484
v  -4.753354 33.167133 1.144439
v  -2.926235 31.549095 -0.158167
v  -3.707404 31.837341 -0.418936
v  -2.203603 29.991909 -0.072035
v  -4.453637 31.443932 -0.234745
v  -5.595306 31.293854 -0.567010
v  -5.650533 30.326355 -1.094868
v  -6.067257 30.205772 0.343269
v  -6.376263 32.979084 0.585641
v  -6.580552 32.621510 1.565887
v  -6.624983 32.525513 2.527094
v  -6.671877 30.407356 0.612376
v  -6.638865 30.476570 1.438344
v  -6.460364 30.561317 2.213235
v  -3.320750 30.385891 -1.041578
v  -4.264925 30.269711 -1.285516
v  -7.330811 34.839783 4.001475
v  -6.324485 32.178219 3.755864
v  -6.087254 30.119049 3.269709
v  -1.500007 30.489262 2.961536
v  -2.927585 31.700607 5.002262
v  -2.931603 29.890022 4.305261
v  -4.326175 35.206264 6.981045
v  -5.252438 40.064030 8.508518
v  -5.603535 29.838619 4.250973
v  -5.588939 31.050629 4.699590
v  -4.652782 31.915653 5.511598
v  -4.408649 31.173042 5.543336
v  -3.477437 31.052551 5.455827
v  -3.420600 29.488419 4.810746
v  -5.234589 30.644112 5.112504
v  -5.228036 29.646725 4.708493
v  -4.402676 29.565331 5.130564
v  -5.550281 27.056427 2.586075
v  -4.462730 25.569904 2.630335
v  -3.488540 26.332863 2.568267
v  -2.838265 28.684570 3.555482
v  -5.868386 28.391178 2.681955
v  -6.114280 29.547737 2.933195
v  -1.769370 29.547150 2.692701
v  -2.330913 27.151115 2.201388
v  -6.407244 29.592384 2.122177
v  -6.521514 28.984085 1.367417
v  -6.750634 28.889877 0.505966
v  -6.265092 28.799091 0.130134
v  -5.904412 28.642063 -1.843437
v  -6.516930 27.029446 1.126719
v  -7.015861 27.186668 0.249585
v  -6.696980 27.211746 -0.400550
v  -6.071969 27.420654 -2.392250
v  -1.302853 29.677658 1.511605
v  -1.852237 28.200356 0.839399
v  -2.159191 28.542534 -0.960626
v  -3.142365 28.729256 -2.004393
v  -4.252914 28.841549 -1.904266
v  -2.171565 26.760754 0.786368
v  -1.762461 27.101490 -1.535493
v  -2.775453 27.258648 -2.749809
v  -4.335860 27.247173 -2.931996
v  -4.040739 22.952000 2.138355
v  -2.948433 23.273575 1.138991
v  -1.630561 23.894405 0.089803
v  -5.546071 23.158760 1.973358
v  -6.836411 23.336838 0.853662
v  -7.416749 23.761265 -0.420071
v  -7.343326 24.247807 -1.672583
v  -6.332188 24.605839 -3.448481
v  -4.174353 24.477058 -4.015303
v  -2.111127 24.398098 -3.902962
v  -1.073280 24.243610 -2.122150
v  -1.970836 20.930580 -4.305429
v  -4.031033 21.016338 -4.634705
v  -6.260492 20.916103 -3.972965
v  -6.989005 20.676769 -2.640610
v  -7.068561 20.195831 -0.976441
v  -6.533449 20.315300 0.508267
v  -5.235148 20.089516 1.429010
v  -3.754282 20.219383 1.562287
v  -2.589167 20.526833 0.401045
v  -1.295396 20.654831 -0.725320
v  -0.851547 20.921070 -2.580225
v  -1.880083 16.723526 -3.857001
v  -3.706576 16.758667 -4.188485
v  -5.013092 16.658405 -3.543107
v  -5.842846 16.564671 -2.609083
v  -6.157610 16.461010 -1.417448
v  -5.538202 16.416061 -0.134491
v  -4.483672 16.422634 0.368936
v  -3.334354 16.559738 0.785758
v  -2.235761 16.532524 -0.199336
v  -1.263613 16.632919 -1.419499
v  -1.161007 16.831608 -2.730902
v  -3.208027 12.333500 -3.641906
v  -1.910722 12.492657 -3.474831
v  -1.317675 12.587151 -2.468443
v  -1.265856 12.540489 -1.403440
v  -1.760520 12.423523 -0.645294
v  -2.442761 12.299194 -0.021242
v  -3.575688 12.299168 -0.097071
v  -4.312478 12.230324 -0.620467
v  -4.942523 12.117374 -1.420065
v  -4.689965 12.346935 -2.492323
v  -4.160752 12.329628 -3.233528
v  -3.800742 8.682892 -0.062675
v  -3.188717 9.399498 0.733557
v  -4.567892 8.029289 -1.064495
v  -4.031975 7.515079 -1.999894
v  -3.704834 6.439068 -3.397477
v  -2.833448 6.440605 -4.109120
v  -1.782280 6.821507 -3.515625
v  -1.033040 8.824669 -2.327990
v  -0.536280 9.203041 -1.319268
v  -1.342615 9.710823 0.051206
v  -2.094798 9.656208 0.535466
v  -4.324776 9.805733 -2.367828
v  -4.347719 10.117882 -1.316750
v  -3.844778 10.460777 -0.569888
v  -3.294267 10.815426 0.070372
v  -2.311085 10.926941 -0.008817
v  -1.591990 11.050941 -0.406543
v  -0.852125 10.891483 -1.356999
v  -1.053399 10.510948 -2.398382
v  -1.917003 9.658913 -3.383873
v  -2.978248 9.386887 -3.645903
v  -3.706151 9.404194 -3.136050
v  -4.198556 6.534065 3.692039
v  -1.890793 6.700752 4.248271
v  -0.811225 7.166882 1.994892
v  -4.591376 6.379906 1.536113
v  -4.447260 6.143063 -0.543186
v  -0.973370 7.298595 -0.739655
v  -1.313726 5.857086 1.837181
v  -1.698050 5.665352 -0.380723
v  -1.480673 5.766762 -3.637843
v  -2.833201 5.444588 -4.304117
v  -3.958535 5.384720 -3.480182
v  -4.863502 5.117523 -1.007524
v  -5.623678 5.176628 2.375362
v  -6.160746 5.286438 5.369549
v  -4.677158 5.086792 8.352531
v  -2.254234 4.949707 9.151115
v  -5.628169 5.022797 7.080379
v  -0.871121 4.995934 4.974979
v  -1.608643 4.918701 8.174065
v  -4.697372 4.486053 8.335197
v  -2.353195 4.486076 9.184563
v  -5.653613 4.485870 7.076806
v  -6.252585 4.486221 5.430377
v  -5.721947 4.486298 2.402250
v  -4.934114 4.486099 -1.001098
v  -3.978496 4.486336 -3.535876
v  -2.830230 4.486649 -4.369220
v  -1.511996 4.486526 -3.641119
v  -1.575079 4.487701 -0.465216
v  -1.620605 4.486023 8.154289
v  -0.683743 4.486565 5.022877
v  -1.911675 4.487694 1.629936
v  7.248779 66.535370 6.530517
v  6.999268 63.208412 6.656493
v  4.610107 63.297760 8.516601
v  5.139893 65.602295 8.795165
v  6.950195 70.790909 6.325439
v  7.078613 69.199951 5.871094
v  6.018677 67.187256 8.113770
v  6.258545 69.777344 7.362793
v  7.112169 76.305916 3.772788
v  6.678345 72.276733 6.371338
v  5.382996 71.342773 7.423584
v  5.062500 75.092651 5.908936
v  6.057495 77.035156 3.014648
v  4.187805 76.946533 4.572021
v  0.463162 92.542473 9.697989
v  2.081614 92.498550 9.154572
v  1.916722 90.642548 9.666316
v  3.506266 91.764343 7.646158
v  3.361551 89.992256 8.769989
v  1.925147 90.205391 9.239712
v  1.216943 90.006493 9.645085
v  2.200512 89.858070 7.105150
v  1.675786 90.133148 7.612721
v  2.885643 90.014771 8.063843
v  1.114048 89.379684 9.257815
v  0.799332 89.383255 9.745478
v  1.335507 89.846352 8.949033
v  3.520996 88.801308 8.273682
v  3.091933 88.965546 7.976482
v  3.263550 87.875290 8.921631
v  2.616546 88.161148 8.540981
v  1.649292 87.467346 9.472168
v  1.862549 87.914795 9.495119
v  1.118436 87.451401 10.116216
v  1.286320 88.241516 9.744591
v  0.775261 88.583351 10.495875
v  0.953948 88.908363 9.861054
v  1.136648 88.970421 9.188758
v  1.367312 89.481262 7.303687
v  1.259386 89.647316 8.074861
v  1.651826 89.403572 6.946068
v  2.582455 88.947006 7.449279
v  1.876776 88.758911 7.477256
v  2.427099 88.373032 7.728069
v  2.068597 88.299683 8.428161
v  1.232475 89.446465 8.678591
v  1.296500 89.134842 8.353022
v  0.428918 89.483925 10.152197
v  1.599609 88.498901 8.951357
v  1.464429 88.919228 8.062848
v  0.945801 86.851440 10.218750
v  0.429932 87.060028 10.096924
v  0.392187 87.748672 10.427775
v  0.381958 88.330956 10.420430
v  0.414762 87.813843 11.473240
v  0.392786 88.446320 11.033017
v  0.685459 86.355560 10.361816
v  0.386522 86.200554 10.491720
v  0.877647 86.049500 10.248779
v  0.490479 85.887634 10.648926
v  1.692871 86.029556 9.729126
v  0.863041 85.616287 10.357422
v  0.433853 85.447624 10.815430
v  0.952759 84.973114 10.531006
v  1.417725 84.998291 10.072266
v  0.867432 84.395782 9.935547
v  0.370453 84.133972 10.440186
v  1.309814 84.383942 9.552734
v  1.936523 84.560608 8.426147
v  1.676605 84.454834 9.020996
v  1.682861 85.009979 9.231812
v  0.859401 83.404640 9.693170
v  1.258491 83.396942 9.469941
v  1.709717 83.636444 8.901613
v  1.988847 83.802109 8.439008
v  2.357178 84.202637 7.754883
v  2.502441 86.787964 8.688965
v  2.818726 87.409668 7.294189
v  2.721069 84.670105 7.177734
v  3.343987 86.863281 8.379395
v  3.201172 87.292725 6.880005
v  3.812023 89.210648 7.612597
v  3.911133 88.342773 7.620361
v  4.017822 87.312233 7.322711
v  3.148039 85.730339 5.926382
v  4.010986 87.579102 5.710236
v  3.414117 86.166946 5.056265
v  4.132608 88.102081 5.822207
v  3.170654 88.313232 7.490845
v  3.181869 84.683334 5.571760
v  2.724812 83.671188 6.902030
v  2.887207 85.117371 6.860352
v  2.987768 84.033653 6.113866
v  2.501052 83.300629 7.745935
v  2.141059 82.975967 8.488106
v  1.639160 82.856445 9.363039
v  1.243896 82.767334 9.657473
v  0.843628 82.751953 9.874880
v  0.395782 82.622437 10.027588
v  2.979955 89.254227 7.320995
v  3.661733 90.026451 8.353522
v  3.643933 90.170311 8.049465
v  3.764558 92.538071 6.572556
v  3.605263 90.684494 7.098054
v  3.845536 93.210197 4.887624
v  4.214441 91.636475 5.130093
v  2.165202 94.104057 7.289438
v  0.363877 95.643761 4.625403
v  2.226941 94.821938 4.622075
v  2.220988 94.718872 2.588333
v  2.143984 93.063812 0.453103
v  2.166262 90.357239 -0.201964
v  1.675308 86.410683 1.367986
v  2.048891 88.352463 0.142618
v  3.615939 93.535614 3.080060
v  4.373384 91.659348 4.060615
v  3.574791 92.081116 1.258367
v  3.437300 89.896034 0.886669
v  3.250750 88.051094 1.352804
v  3.081181 86.274086 3.042603
v  4.435374 91.205376 3.227739
v  4.257253 89.266068 2.951424
v  4.111681 87.963058 3.212829
v  3.341569 85.808365 3.543970
v  3.334207 89.833931 6.892622
v  4.056965 88.181107 4.973679
v  3.617920 87.479034 4.991028
v  4.307550 90.588402 4.891804
v  4.041418 89.212166 4.870525
v  0.889648 85.316040 2.373657
v  0.860474 82.700928 9.356020
v  1.140182 82.672363 9.278505
v  1.444534 82.723633 9.008181
v  1.761865 82.878639 8.336099
v  2.186126 83.143311 7.510075
v  2.529661 83.501656 6.706846
v  2.829394 83.813416 5.894820
v  0.949126 82.952461 8.509537
v  0.368449 82.896095 8.462257
v  1.217504 83.060303 7.753520
v  0.408634 82.795174 7.771873
v  1.575101 83.329498 6.924649
v  0.408729 82.457985 7.238018
v  3.147032 84.418961 5.323564
v  2.060963 82.579109 3.955406
v  2.135444 82.238640 3.513900
v  2.516343 82.177185 2.968747
v  1.921764 83.884598 4.638350
v  2.415519 83.292717 1.992192
v  1.026333 83.046097 1.607730
v  1.155779 81.140778 0.967304
v  1.891458 79.021660 -0.024953
v  0.394012 76.128967 -1.543241
v  2.577022 78.160667 -1.661290
v  3.462966 80.472610 0.179480
v  4.099514 79.193993 -0.768376
v  4.373352 77.862251 0.083885
v  4.346436 78.324707 0.969177
v  5.096333 77.466034 -0.729609
v  5.181439 78.195145 -0.991225
v  3.475342 79.631348 2.381027
v  2.867892 79.686790 3.457369
v  2.182504 80.151726 4.052358
v  3.278748 78.381104 3.831299
v  1.933594 78.040039 4.491211
v  1.655921 80.211044 4.075421
v  1.423259 80.552299 4.529935
v  1.705070 83.647064 5.427384
v  1.150360 77.221558 5.576416
v  1.553220 83.067764 6.296211
v  0.378221 77.279251 4.585507
v  1.132058 76.906975 5.911891
v  2.327563 76.734123 5.707358
v  4.180664 77.419922 4.972412
v  5.832827 78.594650 3.408391
v  6.018347 78.019936 3.667435
v  3.645508 77.966309 3.229614
v  2.929688 79.397217 2.983185
v  4.818481 77.727051 1.536285
v  4.239014 77.929932 2.403870
v  4.945557 77.305420 0.319885
v  7.373103 78.980820 2.174907
v  7.473999 78.572159 2.520020
v  7.221078 78.065971 -0.529870
v  8.967218 78.105255 0.624453
v  5.546059 78.233582 -1.441452
v  6.353027 76.714272 -2.031006
v  0.465545 62.893311 1.113039
v  2.869128 68.616066 -1.478692
v  3.341339 76.003540 -2.474854
v  3.790580 77.634979 -2.055727
v  4.658504 78.183510 -1.706017
v  4.933441 76.721771 -2.378906
v  2.403937 76.363045 5.873674
v  1.184676 76.428940 6.225142
v  2.721191 75.088318 6.903809
v  8.141876 77.300537 2.754517
v  8.298523 75.901611 3.316162
v  7.562988 72.834229 5.073364
v  7.275795 72.454269 4.951322
v  7.672607 70.871277 4.432861
v  8.040840 67.654373 3.899738
v  7.699216 64.073921 4.232840
v  6.716797 60.799767 6.275389
v  6.924508 61.199070 3.595078
v  4.459106 59.111694 8.476316
v  3.186768 71.079498 8.569824
v  3.584595 69.238922 9.067383
v  3.571167 67.602783 9.419677
v  3.712646 65.239502 9.575928
v  0.774413 65.571434 9.926268
v  3.810059 62.842377 9.506103
v  0.788208 62.782043 9.941161
v  3.661458 59.283867 9.209153
v  0.728775 59.090027 9.729002
v  2.814453 55.350952 9.433347
v  0.665128 55.815338 9.802487
v  4.089355 55.056458 8.409910
v  6.841797 58.977577 5.859862
v  5.784912 57.356110 7.585447
v  5.174316 55.245117 7.865232
v  5.983093 55.217819 7.380613
v  4.843262 52.863220 7.360594
v  2.881104 51.759521 8.080809
v  0.844513 52.569458 9.844969
v  3.696167 53.398560 8.188475
v  3.708252 51.115845 7.200193
v  0.894775 50.288635 7.738156
v  0.995834 49.947998 9.073729
v  0.900391 49.496933 7.144773
v  6.812500 57.229004 5.380126
v  6.858196 59.042839 3.728660
v  6.781897 57.689636 3.294707
v  7.266858 67.485672 1.379525
v  6.727713 64.183105 1.625191
v  5.520560 61.518188 2.152238
v  7.444045 70.333511 1.329427
v  6.859500 67.885963 0.458367
v  5.559689 64.156708 0.850966
v  3.552332 61.841732 1.665135
v  7.469086 70.643402 0.039487
v  5.534379 69.755493 -1.126645
v  4.503759 66.489166 -0.559664
v  2.338571 62.362869 0.925669
v  4.303000 69.322250 -1.732850
v  2.174413 59.954887 1.458840
v  2.144004 58.433479 1.226801
v  1.555298 54.091675 -0.864502
v  3.409803 59.973167 1.972339
v  3.428239 58.750969 1.846909
v  3.487061 56.619995 0.948730
v  5.110046 59.655411 2.200798
v  4.880748 58.800461 2.063977
v  6.115559 58.001160 2.517900
v  6.030923 58.965279 2.754650
v  4.948797 57.838890 1.681423
v  6.140955 59.861080 2.706025
v  0.883789 49.164635 8.036618
v  1.008331 48.771713 9.506590
v  0.820557 48.953796 7.079343
v  0.852539 47.619629 8.922727
v  0.972535 47.487701 9.854489
v  0.884521 47.654297 7.645872
v  0.885986 46.600128 8.873654
v  1.019776 46.573753 10.029782
v  0.930420 46.777344 7.869260
v  0.793579 46.194454 8.743680
v  0.956421 45.678223 9.446286
v  0.885986 46.323486 7.877744
v  0.814575 45.628906 7.729978
v  0.872559 48.345398 6.652829
v  1.019287 48.706482 6.314939
v  1.036499 51.952454 -0.812500
v  0.763725 50.597656 0.151855
v  0.856354 49.558838 1.382080
v  0.748253 48.690796 2.554443
v  4.920218 23.236336 0.885923
v  6.272172 23.257069 0.998237
v  7.017079 23.323967 0.022665
v  7.475294 23.243481 -0.862562
v  7.774611 22.423916 -2.444888
v  7.100477 22.531277 -4.046060
v  4.897567 22.955811 -4.651367
v  2.748359 23.020340 -3.938060
v  1.994392 23.259640 -2.373620
v  2.685524 20.743629 -4.919404
v  4.930797 20.719761 -5.097254
v  6.980327 20.937050 -4.127708
v  7.565893 20.798691 -2.750996
v  7.596901 20.507790 -1.389708
v  6.935638 20.446663 -0.446012
v  6.153328 20.474369 0.525397
v  4.815416 20.552933 0.571110
v  3.515670 21.536736 -0.576929
v  2.618855 20.513153 -1.290569
v  1.766654 20.997448 -3.014249
v  3.085888 16.914558 -4.172673
v  4.929831 16.909618 -4.715795
v  6.380057 16.794060 -3.968448
v  7.031049 16.736141 -2.845901
v  7.073095 16.679070 -1.783010
v  6.391136 16.666565 -0.783411
v  5.639436 16.534302 -0.406420
v  4.629682 16.654011 0.046677
v  3.661855 16.610039 -0.839125
v  2.567313 16.759727 -1.764288
v  2.501916 17.039684 -3.175707
v  4.611042 10.825352 -3.839395
v  3.801566 10.807159 -3.847492
v  2.911155 11.258347 -2.965599
v  2.664118 11.426239 -1.995386
v  3.172612 11.540367 -0.946775
v  4.143531 11.663937 -0.346847
v  5.393913 11.581871 -0.582187
v  5.950086 11.236710 -1.087691
v  6.297602 10.966946 -1.801136
v  6.125894 10.997890 -2.702188
v  5.528811 11.029171 -3.224032
v  6.027877 8.145664 -0.662446
v  5.694369 8.636974 0.348745
v  5.448444 9.937878 -0.350129
v  5.862156 9.669621 -1.131243
v  6.274594 9.545246 -1.699190
v  6.685888 7.731876 -1.719399
v  6.163724 10.174137 -2.629762
v  6.157669 7.010597 -2.585405
v  5.380600 10.548805 -3.124895
v  5.800632 6.446812 -2.419527
v  4.732882 10.463104 -3.204508
v  4.603887 7.071354 -3.058013
v  3.872060 10.431801 -3.038498
v  3.549858 7.308002 -2.065465
v  3.009840 10.654621 -2.976494
v  2.771616 8.010334 -2.081813
v  2.579324 9.885563 -1.769068
v  2.450245 8.061897 -1.581748
v  3.272410 10.063873 -0.546946
v  3.155096 8.585381 0.734317
v  4.222397 8.690086 0.851012
v  4.249979 9.834610 -0.237953
v  6.408203 6.412354 3.533195
v  4.327934 6.343330 3.980063
v  3.189634 7.051128 1.671808
v  6.946665 6.438911 1.433518
v  6.735525 5.984825 -0.889147
v  2.926634 6.978088 -0.489336
v  3.453353 5.835770 1.753067
v  3.639091 5.666435 -0.702394
v  3.479159 6.730885 -3.491969
v  4.939286 6.864319 -4.094520
v  6.222021 5.387047 -2.905580
v  6.935303 5.036865 -0.308235
v  7.869044 5.130135 2.323056
v  8.413245 5.207588 5.332403
v  7.071411 5.053711 8.281242
v  4.787720 5.032471 8.997063
v  8.038383 5.035919 7.089180
v  3.336174 5.030319 5.036812
v  4.037905 4.903175 8.149561
v  7.054049 4.486015 8.264485
v  4.765354 4.485992 9.109367
v  8.110403 4.485901 7.101696
v  8.727890 4.486267 5.417534
v  8.164462 4.486305 2.323866
v  7.186279 4.486511 -0.156136
v  6.347006 4.486725 -2.996440
v  4.639601 4.486588 -4.381722
v  3.193293 4.486588 -3.208752
v  3.492859 4.486488 -0.760436
v  3.984613 4.486031 8.167585
v  3.373257 4.486565 4.899531
v  3.454162 4.486519 1.499372
v  5.281367 22.864620 -3.342860
v  6.499210 22.743252 -2.725876
v  7.781672 23.258450 -2.244273
v  3.630575 23.310532 -0.152184
v  2.939640 23.348206 -0.545942
v  4.373630 22.913044 -2.734369
v  0.911211 46.459801 6.943703
v  1.030762 46.913696 7.209836
v  0.795654 47.712402 6.642820
v  0.889282 48.363647 5.939450
v  1.452921 49.399742 -0.740815
v  1.527357 48.549416 0.203378
v  0.673699 47.401726 3.384368
v  0.728772 47.547859 4.685011
v  0.424587 46.754738 5.756091
v  0.682618 47.130066 6.161862
v  0.865145 47.771824 5.558482
v  1.776184 48.105347 5.951902
v  1.683105 48.721924 6.215817
v  2.046265 49.584717 7.098386
v  2.962555 49.193970 6.064939
v  3.158081 50.367004 7.124265
v  1.522217 51.079224 -1.458984
v  1.845809 48.186905 1.772491
v  1.863255 48.542969 0.159109
v  2.482358 48.199692 1.330946
v  1.841824 49.418945 -0.662350
v  1.985840 50.914574 -1.176025
v  1.254883 52.222290 -0.059814
v  1.746948 50.721375 1.436523
v  1.887587 50.212387 1.565390
v  2.223920 49.629829 1.245551
v  1.430908 51.260330 0.450928
v  3.431705 51.897064 0.307341
v  3.549601 51.158607 0.511756
v  3.650863 50.573402 0.585373
v  3.237863 49.890717 0.661839
v  2.712138 49.487228 0.818109
v  2.863650 48.487946 0.499794
v  1.408834 47.411758 2.218699
v  2.552620 47.471405 0.998027
v  1.936830 47.086624 1.027890
v  2.767184 47.511993 0.314590
v  1.296359 46.596336 1.871437
v  3.077710 52.600380 -0.171905
v  4.422852 53.888126 1.675047
v  3.458108 53.129395 1.179965
v  3.407977 52.520264 0.907665
v  3.617499 51.633141 0.678673
v  3.757765 51.107933 0.789582
v  4.588135 48.933964 0.681638
v  3.872667 48.503326 0.590536
v  4.496410 47.172188 0.245194
v  5.722303 46.981186 0.657831
v  3.931879 50.473526 0.967226
v  4.698730 49.021000 1.067380
v  5.724678 47.299320 1.816648
v  5.195679 50.077610 1.131834
v  5.910461 49.143864 1.582273
v  4.783447 50.745029 1.189939
v  4.763428 51.395481 0.858885
v  4.475952 52.131779 0.851072
v  5.706421 52.938114 1.413816
v  6.648071 52.220371 1.559568
v  7.244629 51.437748 1.675291
v  6.799652 50.491337 1.372068
v  6.880127 49.406498 1.440183
v  7.677612 50.330448 1.446043
v  7.442139 49.496609 1.577634
v  7.260742 49.101933 0.998776
v  6.840942 49.095219 1.094480
v  6.752930 48.781162 1.451413
v  6.495850 48.294987 1.676023
v  6.649902 48.434086 0.835690
v  6.164856 47.072388 2.164792
v  6.728271 47.637333 0.175168
v  7.223145 47.784466 1.890378
v  7.047363 47.540314 2.297360
v  6.499023 46.510502 1.910153
v  6.548815 46.362793 1.134402
v  6.728963 45.515884 0.411098
v  6.818237 46.673100 1.241452
v  6.682898 45.917267 -0.776542
v  7.063477 47.143681 1.441403
v  6.707754 46.914040 -0.497881
v  7.164490 48.474613 0.528562
v  7.130249 47.737797 0.034909
v  7.141632 46.853519 -0.526126
v  7.173815 46.159065 -0.759541
v  7.345425 45.556969 0.361958
v  5.208489 45.324684 -0.284872
v  1.073155 46.160789 3.084521
v  1.126760 45.397919 4.220766
v  1.434615 45.672722 5.113787
v  2.415790 46.178986 6.177751
v  3.147156 48.265747 6.109373
v  4.109097 46.540878 6.430773
v  5.216985 46.734291 6.315559
v  5.543920 47.955395 6.517228
v  5.732398 48.849934 6.652675
v  5.093002 49.945271 6.936245
v  6.375098 49.698410 7.700480
v  5.185780 50.052475 7.538311
v  5.389493 51.228928 7.103119
v  5.450143 51.232513 7.390304
v  6.615428 51.176376 7.401566
v  5.798007 52.716480 6.919120
v  5.739330 52.727890 7.304823
v  5.840759 54.210480 7.387693
v  6.229797 54.047974 7.383787
v  6.812988 55.372314 7.091795
v  7.107422 56.770508 5.272215
v  7.044394 57.237896 3.259035
v  6.527104 57.184902 2.382445
v  5.594116 56.552475 1.577635
v  5.204834 54.749516 0.980467
v  6.958537 53.610168 1.578772
v  7.383301 52.491856 1.852049
v  7.716553 51.667568 1.901365
v  6.903727 54.450932 1.444313
v  6.802832 55.668606 1.554093
v  7.350688 55.996258 2.450575
v  7.685061 56.107513 3.182019
v  7.874201 55.151051 4.606027
v  7.430420 54.933228 5.879881
v  7.032723 53.681126 7.263692
v  6.774045 52.439846 7.231780
v  7.000677 52.261765 6.893270
v  7.024546 52.726860 6.968060
v  6.789827 51.119259 7.276978
v  7.210921 52.626564 6.927219
v  7.405706 53.199074 7.114145
v  7.304239 52.293167 6.897997
v  7.632801 52.462570 7.077555
v  7.695198 51.077969 7.029025
v  8.031871 51.247829 6.986766
v  6.575946 49.860340 7.602718
v  7.875148 50.492325 7.008447
v  8.264982 50.498692 6.933539
v  7.145485 49.797127 7.554447
v  7.594726 49.787518 7.436733
v  6.615961 48.862534 7.739193
v  5.744698 48.359390 7.100137
v  7.724816 48.742447 7.599818
v  8.349375 48.714272 6.901171
v  8.794546 48.842129 6.664033
v  7.165771 54.330017 7.213133
v  7.248535 54.720093 7.028318
v  7.317383 54.012451 7.102049
v  7.403564 54.538574 6.503660
v  7.841656 53.498924 6.734320
v  8.269326 52.787766 6.548320
v  8.850042 51.582268 6.379181
v  9.084974 50.770195 6.287025
v  9.455276 49.098534 5.894647
v  7.878868 53.800961 6.049301
v  7.855480 53.890141 5.369140
v  8.410440 52.891376 5.686617
v  8.185556 52.625980 4.561417
v  8.990259 51.550549 5.220929
v  8.537514 51.261177 4.035683
v  9.339430 50.545235 5.042350
v  8.842119 50.269821 3.840246
v  9.610163 49.113098 4.837730
v  8.957596 48.999260 3.623506
v  5.644778 47.768631 7.151269
v  5.458067 46.586250 7.387996
v  6.560751 47.790573 7.982325
v  6.514491 46.456730 8.152935
v  7.735672 47.624168 7.821422
v  7.701943 46.388840 7.952817
v  8.644510 47.637039 6.697468
v  8.791714 46.307697 6.606740
v  9.055841 47.706985 6.296413
v  9.179693 46.422112 5.841844
v  9.514479 47.711132 5.529227
v  9.473585 46.518257 5.182127
v  9.639477 47.783913 4.629673
v  9.523338 46.677261 4.295713
v  9.053514 47.796616 3.373256
v  9.309223 46.505898 3.459233
v  7.780490 54.646526 2.264844
v  7.944333 53.608116 2.277190
v  7.941057 52.791145 2.356682
v  8.160140 51.915909 2.562731
v  8.094639 54.592384 2.920895
v  8.229197 54.167797 4.100015
v  8.316503 53.098160 3.665148
v  8.243466 53.590408 2.925318
v  8.411006 51.836487 3.337805
v  8.178346 52.762230 2.858985
v  7.812134 50.966434 1.470213
v  8.137695 51.195438 1.839598
v  8.599895 51.079849 2.418435
v  8.736031 50.956284 3.194571
v  8.784180 49.058960 2.883543
v  8.250000 49.378136 2.145750
v  8.169800 50.076969 1.692137
v  8.692869 47.598145 2.884519
v  7.836426 48.110561 1.833982
v  7.383057 48.568119 1.727536
v  8.816149 47.337608 2.791126
v  7.896973 47.874882 1.626462
v  7.808838 47.438969 1.199460
v  7.588135 48.654301 1.249753
v  7.487061 48.214237 0.772458
v  7.454346 47.577030 0.374021
v  7.757324 46.949711 0.986325
v  7.481201 46.175114 0.393674
v  7.648193 46.376530 0.827878
v  7.657472 44.840881 0.912106
v  6.976737 44.746986 0.630350
v  5.450345 43.609291 -0.720694
v  3.463270 45.954979 -0.225513
v  4.201325 43.782478 -0.559738
v  2.397731 45.712547 0.651640
v  1.959980 45.738190 0.870820
v  1.316107 45.658379 1.549971
v  8.769224 46.167442 2.410244
v  8.543765 45.443192 2.149619
v  8.640909 43.510803 2.107643
v  8.812201 41.356659 2.629029
v  7.909424 41.531437 1.196529
v  7.413335 41.600586 1.015859
v  5.966424 41.594070 -1.050925
v  4.711375 40.843994 -0.929152
v  7.457959 39.476830 1.183596
v  6.167490 39.568665 -1.350504
v  3.552264 41.583633 -1.555497
v  3.427807 43.974838 -0.646317
v  3.119187 44.971565 -0.391279
v  2.627815 44.897110 -0.032921
v  2.638890 43.964622 -0.227985
v  2.422647 43.845886 0.395077
v  2.214759 41.458061 -0.848659
v  2.959920 40.908562 0.118329
v  1.940062 43.869362 0.723629
v  1.331854 43.822784 1.315697
v  1.050856 45.336617 2.843204
v  1.080781 43.601295 2.433700
v  1.193246 44.606743 4.172449
v  1.220870 43.226913 3.808951
v  1.950887 41.082703 0.450143
v  1.601328 40.757050 1.530256
v  1.169915 40.762093 2.562074
v  4.662943 39.513390 -0.573366
v  3.365005 39.316795 0.186948
v  1.993272 39.293266 0.206565
v  1.708171 39.129326 1.293052
v  1.249391 39.044670 2.549293
v  7.980427 39.487473 1.579423
v  8.521732 39.239380 2.858819
v  1.640895 44.409969 5.021830
v  1.681815 43.031261 4.891859
v  2.594686 44.381256 6.179553
v  2.908308 42.663094 5.866493
v  3.956055 44.577637 6.396152
v  3.683867 42.530502 6.180400
v  4.657606 44.223103 5.829591
v  3.941061 42.549919 6.336255
v  5.055868 44.332798 7.505920
v  4.763350 42.355370 7.390782
v  6.424877 44.291035 8.204023
v  6.379189 42.174103 8.017053
v  7.682173 44.493336 7.820892
v  7.682160 42.215260 7.424265
v  8.926561 44.409004 6.428730
v  8.994545 42.592693 6.004765
v  1.430304 40.869713 3.881697
v  1.568767 39.007973 3.746813
v  1.801782 41.023117 4.559221
v  1.991551 39.139355 4.183942
v  2.716012 40.809532 5.352116
v  2.535389 39.078888 4.918385
v  3.432131 40.506596 5.604099
v  2.966414 38.943409 5.422811
v  3.485683 40.149914 6.375336
v  3.408901 38.638855 6.449455
v  4.604678 40.030678 7.160575
v  4.639958 38.625637 7.002932
v  6.216719 39.854576 7.703662
v  5.999321 38.366840 7.365798
v  7.741077 40.594742 6.916775
v  7.397508 38.475441 6.566823
v  8.780426 40.563663 5.794359
v  8.580952 38.406773 5.412797
v  8.817898 39.009171 4.108022
v  8.985554 40.843647 4.144513
v  9.224522 43.019272 4.045726
v  9.296078 44.957169 3.745286
v  9.265478 44.956223 5.674026
v  9.346062 45.196030 5.031642
v  9.313679 45.052509 4.498985
v  9.311726 43.841797 5.320067
v  2.513635 24.680275 -1.618800
v  2.750749 24.538960 -2.158334
v  3.117809 22.992832 -2.288408
v  3.124755 24.675728 -0.134957
v  3.861606 24.411903 0.646221
v  5.363484 24.656082 1.296895
v  6.380633 24.637630 1.065603
v  6.963063 24.642185 0.107548
v  7.342194 24.828728 -0.792765
v  7.473893 24.988235 -1.897390
v  6.431341 24.655334 -1.898523
v  5.697359 24.917995 -2.335701
v  5.080316 24.835724 -1.821495
v  4.124421 25.201218 -1.463554
v  3.057205 24.288574 -1.728809
v  2.784713 24.692154 -1.564696
v  3.618614 25.524883 -1.640891
v  2.630625 24.813110 -1.331769
v  2.619191 26.016365 -1.024662
v  2.681892 25.962929 -0.053885
v  3.766850 25.921333 1.272690
v  5.355971 26.030396 1.874252
v  6.641096 26.289963 1.062889
v  6.905384 26.288532 0.341302
v  6.798681 26.326694 -0.230481
v  7.195744 26.763809 -1.363498
v  6.550132 26.725960 -1.409883
v  5.823800 26.878922 -1.675171
v  5.449904 26.657391 -1.233235
v  5.079366 26.715118 -1.175539
v  4.535036 26.972546 -1.523398
v  3.384374 27.436340 -1.179711
v  2.548033 26.797157 -0.559735
v  2.355118 27.751976 0.049250
v  3.353174 27.460648 -0.707098
v  2.533673 28.745621 0.165080
v  3.884445 28.615448 -0.909478
v  2.369813 27.248909 0.548200
v  3.108200 27.039780 1.529381
v  4.502069 26.773293 2.786888
v  6.716618 27.192207 1.210501
v  6.853544 27.321304 0.568560
v  6.792364 27.385757 0.020338
v  7.095544 27.874737 -1.149693
v  6.593082 27.825897 -1.198394
v  5.975156 28.026047 -1.455196
v  5.418341 27.245049 -1.209364
v  5.323682 27.581070 -1.281512
v  5.339112 28.676689 -1.430007
v  3.996053 28.494713 -1.177905
v  1.846352 28.649124 0.574944
v  2.321493 28.446247 1.739208
v  4.378283 27.718616 3.282758
v  6.579864 28.418091 1.479713
v  6.807142 28.407543 0.762538
v  6.777739 28.481777 0.203816
v  7.029912 28.903690 -0.854731
v  6.498875 28.855080 -1.035870
v  4.944625 29.768993 -1.238237
v  6.524078 30.230072 -0.804692
v  4.537248 29.374397 -1.222076
v  4.462099 29.335388 -1.017424
v  4.546204 29.614014 -0.792486
v  4.127494 30.093475 -0.594864
v  4.378173 30.216309 -1.226395
v  4.944824 31.633545 -0.885747
v  5.471863 31.047607 -0.966313
v  5.158691 32.169189 -1.320561
v  6.168411 31.422546 -1.153569
v  5.784668 32.984863 -0.459233
v  6.298309 31.645752 -1.081059
v  6.479492 31.105469 -0.978276
v  6.201553 31.086182 -0.768071
v  5.786316 30.961639 -0.861333
v  5.497070 32.753784 -0.061772
v  4.582275 31.486816 -0.174565
v  5.053503 32.542259 0.299941
v  3.768314 29.803406 -0.876824
v  3.182710 29.801422 -0.818357
v  3.270296 30.077789 -0.699858
v  2.601664 29.680328 -0.178269
v  2.671960 30.098358 0.111345
v  2.368533 30.210918 0.313344
v  2.465576 30.604858 0.182368
v  2.355073 29.408901 0.390771
v  3.720947 30.850586 -0.707768
v  4.228882 31.694702 0.037837
v  3.218750 30.790771 -0.723149
v  3.242111 31.693665 -0.373296
v  2.729004 30.760254 -0.329350
v  2.914795 31.947464 -0.052495
v  2.961288 32.542313 -0.278813
v  3.271851 31.918884 -0.687993
v  4.268433 32.104614 -0.600347
v  3.833269 33.175945 0.247957
v  4.300327 32.336613 0.348428
v  5.076125 34.415943 0.279870
v  4.845099 33.222248 0.416780
v  5.094615 32.928577 0.459554
v  5.609200 33.224449 0.465229
v  5.462838 33.786892 -0.211030
v  4.966253 35.483231 -0.436379
v  4.383098 34.137737 -0.466393
v  3.418884 33.593018 -0.805181
v  5.122506 35.453053 -0.967480
v  5.533441 34.096905 -0.884250
v  5.864258 33.265625 -0.916020
v  6.295654 33.015381 -1.049321
v  6.903320 30.186768 -0.726811
v  6.922824 29.943024 0.523524
v  6.520019 29.020569 0.902504
v  6.218363 28.998615 1.763960
v  4.374946 29.025887 2.305150
v  2.282406 28.899567 1.759340
v  1.721252 29.397171 0.849918
v  6.213384 29.126736 1.999634
v  4.327694 29.542145 2.832026
v  3.196448 29.369743 3.079438
v  6.847135 32.251148 1.382687
v  6.505125 30.461151 2.549074
v  5.559371 29.832268 3.271700
v  2.888074 30.211174 3.220810
v  2.020762 29.934578 2.050735
v  4.388994 29.834591 3.364415
v  5.433059 30.234039 3.743611
v  6.402368 30.701355 3.710493
v  7.052280 32.950806 2.717635
v  7.010559 33.375980 1.473962
v  7.103125 35.162292 1.769419
v  3.036807 31.173244 4.545251
v  2.397089 31.360458 3.679820
v  2.044630 31.927296 2.843029
v  5.308235 29.999893 4.043912
v  4.521159 29.478275 4.048936
v  3.447569 30.665268 4.373127
v  4.668519 30.857716 4.971001
v  4.688767 31.413517 4.956197
v  5.883224 30.932011 4.550073
v  2.403812 31.845413 3.933897
v  1.916607 33.111614 3.553341
v  2.985769 31.840778 4.631179
v  3.821782 31.392754 5.111861
v  4.585774 32.128109 5.304530
v  4.262161 32.696465 5.290935
v  4.919519 31.769432 5.137946
v  6.130988 31.254997 4.769182
v  6.602363 30.960175 3.965351
v  6.835188 32.562073 3.823521
v  5.916633 32.576283 4.816481
v  5.251155 32.798599 5.257618
v  5.541813 34.320370 5.601008
v  4.832441 34.411037 5.844606
v  6.074334 34.029758 5.333861
v  7.287553 33.789021 4.507286
v  7.802009 34.176125 3.474216
v  7.787223 35.443405 2.363105
v  7.233366 37.120007 1.437572
v  7.680740 37.181950 1.778368
v  2.100625 33.163372 4.698149
v  1.986997 34.939026 4.453472
v  2.845872 32.574097 5.170772
v  3.625966 33.129520 5.698126
v  3.870508 34.457733 6.199684
v  4.762740 36.507568 6.691573
v  3.894121 36.463036 6.661527
v  2.591415 33.922558 5.553488
v  2.660216 34.955402 5.855166
v  2.729192 36.282223 5.952244
v  2.174532 35.892887 4.536314
v  1.773836 36.822117 3.543289
v  2.496599 37.374222 5.059555
v  2.678078 37.344891 5.721106
v  5.883854 36.479229 6.621884
v  6.730958 36.423985 6.242582
v  8.091995 36.247566 5.290794
v  8.326950 36.078491 3.853214
v  8.434182 37.630619 3.081946
v  6.951221 37.897400 -0.573474
v  6.344837 38.329025 -1.321130
v  5.474682 37.942303 -1.597847
v  4.943046 36.686733 -1.240155
v  4.749614 36.660938 -0.802439
v  7.116322 36.462196 -0.048946
v  7.032819 34.919582 0.084333
v  7.012695 33.296021 -0.051763
v  7.009766 32.059814 -0.218266
v  6.557220 32.844818 -0.905889
v  6.658446 34.865677 -0.841930
v  6.127797 34.382019 -1.080721
v  5.937414 35.566673 -1.301082
v  6.678478 35.841236 -0.946516
v  5.782502 36.323391 -1.438902
v  6.501793 36.937275 -1.193116
v  3.315050 36.780228 -0.324630
v  3.884443 35.222366 -0.978361
v  2.134846 36.906189 -0.100061
v  2.366306 34.620483 -0.206411
v  2.339355 33.449402 -0.237554
v  2.446167 32.199707 -0.174809
v  1.921395 36.664730 1.048711
v  2.119977 34.320904 0.787722
v  2.057594 33.273849 0.564775
v  2.043457 31.919922 0.397212
v  2.070923 30.524185 0.411372
v  2.077024 30.260071 0.285144
v  2.174926 29.426376 0.207949
v  2.283620 28.710670 0.242068
v  2.182862 28.029488 0.139063
v  1.958138 28.769901 0.287856
v  1.882873 29.490746 0.437309
v  2.008616 28.061005 0.176406
v  1.821953 30.118656 0.547071
v  1.793701 30.458008 0.629634
v  1.682388 29.923378 1.027121
v  1.600944 31.025085 1.414093
v  1.714355 31.485657 0.770991
v  1.629182 31.561516 1.225658
v  1.678123 33.087692 1.057693
v  1.572884 33.091702 1.684657
v  1.525486 33.103058 2.536747
v  1.601560 35.390659 3.379486
v  1.589531 35.790043 1.913792
v  1.810652 34.479664 1.276508
v  1.608970 36.986660 3.301668
v  3.613152 72.706413 -2.704842
v  7.789823 77.626083 -0.756470
v  9.397165 77.771774 0.093066
v  4.766357 78.282715 3.733643
v  4.373291 78.139648 3.333252
v  5.341289 77.360054 3.031838
v  4.270508 77.547119 3.445313
v  5.788532 77.055740 2.429923
v  5.104444 77.396645 2.312391
v  5.420776 77.294189 1.572632
v  6.486093 76.568352 1.891472
v  5.185017 76.347771 -0.656181
v  6.816222 77.298492 0.049840
v  5.914673 76.815674 0.815308
v  7.173656 76.935715 1.433172
v  8.058188 77.213783 0.991939
v  6.306564 77.348160 -0.340809
v  6.614635 77.988312 -0.339576
v  5.681641 78.544434 2.885498
v  6.179443 78.571289 2.394531
v  6.865234 78.791504 1.830566
v  7.852478 78.812744 1.306641
v  9.000244 78.877197 1.221924
v  8.018134 78.950279 1.824474
v  9.395996 78.664108 1.963379
v  8.168396 78.538307 2.191162
v  9.158264 78.379135 2.206055
v  8.504150 77.572021 2.565675
v  9.366638 78.220947 1.108643
v  10.124060 77.726662 0.743952
v  9.479893 78.288170 1.704961
v  10.400146 77.829590 1.400024
v  9.903320 77.896484 2.561036
v  10.234375 77.910767 2.306642
v  2.205308 76.020668 -2.184773
v  2.254022 72.723587 -2.238249
v  5.874581 70.101006 -2.333495
v  8.012177 71.237587 -1.049484
v  4.711943 69.872475 -2.684973
v  4.132477 72.716064 -2.824463
v  3.785858 76.190521 -2.667969
v  6.281476 75.590782 -2.272197
v  6.137580 72.872589 -2.446836
v  7.760742 73.977310 -1.301270
v  7.922975 75.784653 -1.320310
v  9.119873 77.290771 0.276123
v  9.822266 77.303207 0.879639
v  10.041035 77.403641 1.450369
v  9.418945 75.929199 0.112061
v  10.364792 76.605240 1.177152
v  10.804350 76.898415 1.781549
v  10.232910 76.838501 2.825195
v  9.358276 76.862671 3.007081
v  10.398979 75.693657 2.943361
v  10.968262 75.856750 2.109131
v  10.704590 75.596313 1.277832
v  9.820068 74.700684 0.313843
v  8.121570 70.767532 0.655805
v  8.182361 70.366699 1.464850
v  8.849548 71.575172 -0.173610
v  8.981201 73.710571 -0.517456
v  8.819092 75.985596 2.925537
v  7.246338 74.515869 3.189209
v  7.489746 71.875366 2.211914
v  7.070801 74.716064 1.721924
v  7.839172 74.858154 1.525879
v  7.370605 73.290527 1.934326
v  7.894165 73.701996 1.006348
v  7.865662 71.913452 0.994141
v  8.757874 73.777527 2.587891
v  8.789429 71.974121 2.278564
v  8.896820 70.711868 2.533447
v  9.646347 75.418251 3.148270
v  9.667233 73.903488 3.125597
v  10.638224 74.062958 2.908908
v  10.674072 74.030273 2.283096
v  10.650146 74.256172 1.518921
v  9.846313 74.316650 1.325928
v  9.437084 73.639000 0.336004
v  9.214426 71.501137 -1.000969
v  8.882483 71.238922 -0.324839
v  10.152628 71.434555 -0.701436
v  9.664673 72.562042 0.948648
v  10.424639 71.200905 0.332190
v  9.805838 73.151497 1.357123
v  10.401367 72.995575 1.115479
v  10.989555 72.944862 1.289915
v  11.316471 71.821533 0.994091
v  10.872078 72.591423 3.085369
v  10.652817 72.949341 2.344799
v  11.133078 70.885490 3.443804
v  10.772793 71.194504 2.471619
v  11.173891 69.877205 2.619421
v  10.902069 70.546906 2.606110
v  10.805176 73.142822 1.776550
v  10.981699 71.425682 1.676728
v  11.122574 70.603966 1.662570
v  11.492466 71.005669 1.348879
v  11.922838 70.345482 1.222771
v  12.191088 69.815765 0.431839
v  11.498722 69.953789 1.659472
v  11.033623 69.830795 -0.281157
v  10.638653 69.941185 -1.232900
v  9.501844 69.933395 -1.630321
v  8.844023 69.534737 -0.802708
v  8.263268 70.472549 0.378841
v  8.099975 69.092804 0.090351
v  8.905243 69.245895 2.056152
v  9.553835 72.185547 3.389424
v  9.508690 70.800468 3.608616
v  9.380890 69.510300 3.713171
v  11.061466 69.675133 3.940673
v  11.534992 69.172958 2.822125
v  11.913246 69.199318 1.616148
v  9.522928 67.011726 4.158297
v  11.406361 67.179016 4.359701
v  12.067745 66.939407 3.289082
v  12.662519 66.821304 1.715501
v  13.152737 67.285164 0.338200
v  11.495710 66.997475 -0.810463
v  10.985851 67.084068 -1.645921
v  9.969339 67.069839 -1.958691
v  8.988905 66.836716 -1.184362
v  8.184702 66.372353 0.202204
v  9.005768 66.658615 1.597820
v  9.630787 63.540245 1.266162
v  9.631504 63.316952 3.750710
v  9.228958 63.363380 0.397240
v  10.103041 63.764778 -0.865521
v  11.219618 63.173935 -0.707281
v  11.576448 64.352524 -0.731094
v  11.873415 65.257187 -0.561572
v  13.240467 64.991989 0.296785
v  12.790682 64.778778 1.767996
v  12.293974 64.301964 3.341225
v  11.705894 64.096046 4.412527
v  10.531082 61.416599 3.699211
v  11.640142 61.784199 3.953705
v  11.965607 61.627396 3.335376
v  12.681797 62.185558 3.143394
v  13.187204 62.437534 3.322536
v  13.000481 63.962814 2.246126
v  13.021832 63.941196 1.624831
v  13.161425 62.107635 0.474231
v  12.655451 62.612522 -0.019883
v  11.968803 62.445511 -0.511193
v  11.377766 61.504150 -0.348378
v  13.393135 63.044243 2.148327
v  14.439793 60.123638 2.091825
v  13.436342 60.385868 1.175855
v  13.381725 60.119263 0.399232
v  13.917194 61.552505 3.171953
v  15.081812 58.998016 3.349026
v  12.909582 60.087990 -0.193413
v  12.179090 60.080566 -0.424836
v  11.517921 59.724472 -0.098022
v  14.499237 58.881599 2.150694
v  13.590912 58.712605 1.197899
v  15.162624 56.362514 1.881976
v  14.176735 56.203239 1.239044
v  15.478491 53.908905 2.346260
v  14.321777 53.788513 1.940050
v  15.213684 57.791847 3.148445
v  15.803032 56.086826 3.114635
v  11.959999 60.150204 3.015762
v  12.504694 60.316948 3.211448
v  11.649345 60.731888 3.364839
v  10.919178 60.606522 3.255760
v  11.349054 59.889751 2.998452
v  9.860235 61.776711 1.885609
v  10.346718 60.517422 2.244159
v  10.950933 59.667187 2.426764
v  12.922354 60.401978 4.072248
v  13.961594 59.898067 4.167945
v  15.069654 58.060455 4.135451
v  15.345993 56.360580 4.100484
v  15.658726 55.644512 3.714604
v  15.979908 54.137863 3.179880
v  15.772892 54.675533 4.047748
v  12.073980 58.248360 2.739579
v  12.076208 58.863609 2.736057
v  12.350912 59.259380 2.811024
v  12.540718 59.493168 2.954741
v  12.643230 57.807892 2.530437
v  12.662146 57.352962 3.492545
v  12.699697 59.477188 4.155483
v  12.653610 57.644867 4.486627
v  13.531717 59.078918 4.630576
v  13.277567 57.454620 4.872344
v  14.753265 56.915997 4.786848
v  14.456348 55.570396 5.102962
v  15.267000 55.711842 4.630986
v  15.046387 53.934292 5.248979
v  15.907475 52.823906 4.863960
v  16.075586 52.287651 3.847250
v  15.819107 51.930992 3.171695
v  15.016184 51.520317 2.825150
v  9.754866 62.567017 1.219561
v  9.794769 60.915592 1.730254
v  9.843136 59.834808 1.485562
v  10.647125 58.972759 2.605329
v  11.812136 57.848965 3.211778
v  12.914236 55.705048 3.964921
v  13.102226 56.019875 4.866687
v  11.360493 56.714054 3.389678
v  10.430914 58.045650 2.627839
v  13.420595 53.676838 4.801501
v  13.959089 54.038570 5.325191
v  14.057941 51.672520 5.548693
v  14.635490 51.905476 5.758750
v  12.404871 54.084957 4.455794
v  13.322166 51.931065 5.012997
v  10.850889 56.314255 3.214921
v  11.819988 54.012482 4.007147
v  12.654902 52.703011 4.216513
v  13.454973 58.615059 0.482810
v  13.593382 56.958214 0.511800
v  13.157902 58.454887 -0.275185
v  12.458620 58.324127 -0.272865
v  11.833624 58.685577 -0.056931
v  10.516916 61.838737 -0.245449
v  9.792229 62.102715 0.149365
v  10.060768 61.091446 0.968742
v  10.664585 59.618896 0.583685
v  11.188181 58.566414 0.461099
v  10.160803 58.401913 1.560900
v  10.455666 57.063614 2.468117
v  10.449017 57.623287 1.514099
v  11.899643 57.403038 0.431810
v  13.220978 57.909569 -0.081128
v  12.672443 57.776039 -0.063736
v  12.593962 56.703514 0.529198
v  13.302580 55.552399 0.963069
v  10.505955 58.787460 0.865327
v  10.851776 57.985573 0.820720
v  11.329189 57.018318 0.690546
v  10.847185 56.496933 1.475968
v  11.943335 56.004700 0.697323
v  11.313311 55.316761 1.742716
v  10.758997 56.309891 2.219412
v  11.045883 55.501736 2.654979
v  13.680544 54.810856 1.360788
v  12.357294 54.901283 0.875064
v  12.774464 53.798126 1.175117
v  13.418119 52.894409 1.618026
v  11.714516 54.460949 2.084030
v  12.183353 53.537964 2.468210
v  12.821535 52.518623 2.984130
v  11.420835 54.616341 3.143264
v  11.899704 53.751495 3.495980
v  12.554083 52.661354 3.729627
v  14.289564 51.274529 2.614749
v  13.707842 51.347748 3.505725
v  13.559620 51.507988 4.608737
v  16.064384 50.097870 6.102732
v  16.452585 49.755226 5.085663
v  16.379000 49.271908 4.222647
v  15.684948 48.914658 3.897468
v  15.060221 48.904762 4.073350
v  14.788782 49.095066 4.749777
v  14.427126 49.326187 5.490196
v  14.726387 50.057774 6.786933
v  14.374313 49.769390 6.375232
v  14.203497 49.491238 6.057158
v  14.448078 48.166954 7.635300
v  16.316261 48.521786 6.820674
v  16.898327 47.509438 5.931115
v  16.789976 46.681385 5.048167
v  15.983027 46.543335 4.550919
v  14.542383 48.033585 6.529253
v  14.711391 47.933796 5.820343
v  15.056238 47.665878 5.390108
v  15.441607 47.289474 4.912775
v  -9.515982 4.486053 8.335197
v  -9.518347 4.485870 7.076806
v  -9.519827 4.486221 5.430377
v  -9.518515 4.486298 2.402250
v  -9.516567 4.486099 -1.001098
v  -9.514204 4.486336 -3.535876
v  11.709473 4.486015 8.264485
v  11.710056 4.485901 7.101696
v  11.710400 4.486267 5.417534
v  11.710087 4.486305 2.323866
v  11.709545 4.486511 -0.156136
v  11.709080 4.486725 -2.996440
v  -5.647261 4.486053 11.616203
v  -1.403306 4.486076 11.617435
v  7.440910 4.486015 11.616101
v  4.378492 4.485992 11.617326
v  -10.334902 3.620781 12.435123
v  11.709473 4.486015 11.616101
v  -5.861610 4.486336 -9.007687
v  -2.876850 4.486649 -9.015314
v  -0.473912 4.486526 -9.008648
v  7.184209 4.486725 -9.002750
v  4.594633 4.486588 -9.015427
v  2.401057 4.486588 -9.004696
v  -9.514204 4.486336 -9.007687
v  12.528000 3.727608 -9.821671
v  -10.334902 0.023659 8.335196
v  -10.337267 0.023483 7.076805
v  -10.338747 0.023827 5.430376
v  -10.337435 0.023895 2.402249
v  -10.335487 0.023712 -1.001099
v  -10.333124 0.023941 -3.535877
v  12.528391 0.023628 8.264484
v  12.528975 0.023514 7.101696
v  12.529318 0.023872 5.417533
v  12.529005 0.023911 2.323865
v  12.528463 0.024101 -0.156137
v  12.527998 0.024307 -2.996441
v  -5.647261 0.023659 12.435122
v  -1.403306 0.023689 12.436353
v  7.440910 0.023628 12.435019
v  4.378492 0.023605 12.436244
v  -10.334902 0.023659 12.435122
v  12.528391 0.023628 12.435019
v  -5.861610 0.023941 -9.826607
v  -2.876850 0.024239 -9.834232
v  -0.473912 0.024117 -9.827568
v  7.184209 0.024307 -9.821671
v  4.594633 0.024178 -9.834347
v  2.401057 0.024178 -9.823616
v  -10.333124 0.023941 -9.826607
v  12.527998 0.024307 -9.821671
v  -10.334902 3.620781 8.335197
v  -10.337265 3.591873 7.076806
v  -10.338747 3.647629 5.430376
v  -10.337435 3.659706 2.402250
v  -10.335487 3.628838 -1.001098
v  -10.333124 3.666687 -3.535876
v  12.528391 3.615829 8.264485
v  12.528976 3.596779 7.101696
v  12.529318 3.655426 5.417533
v  12.529005 3.661415 2.323865
v  12.528463 3.694023 -0.156136
v  12.528000 3.727608 -2.996440
v  -5.647261 3.620781 12.435123
v  -1.403306 3.624931 12.436354
v  7.440910 3.615829 12.435020
v  4.378492 3.611382 12.436245
v  -9.515982 4.486053 11.616203
v  12.528391 3.615829 12.435020
v  -5.861610 3.666687 -9.826607
v  -2.876850 3.716232 -9.834232
v  -0.473912 3.696190 -9.827568
v  7.184209 3.727608 -9.821671
v  4.594633 3.706291 -9.834345
v  2.401057 3.705711 -9.823614
v  -10.333124 3.666687 -9.826605
v  11.709080 4.486725 -9.002752
v  -5.587846 0.023651 8.317813
v  -5.589485 0.023491 7.082923
v  -5.590519 0.023834 5.427218
v  -5.589605 0.023903 2.382980
v  -5.588270 0.023804 -0.793386
v  -5.586602 0.024033 -3.403271
v  -1.402353 0.023651 8.310354
v  -1.403681 0.023499 7.085548
v  -1.404522 0.023842 5.425864
v  -1.403780 0.023903 2.374712
v  -1.402707 0.023849 -0.704256
v  -1.401337 0.024071 -3.346369
v  4.378810 0.023643 8.288809
v  4.378381 0.023506 7.093133
v  4.378096 0.023857 5.421951
v  4.378342 0.023903 2.350829
v  4.378657 0.023972 -0.446808
v  4.379165 0.024178 -3.182010
v  7.441005 0.023636 8.281248
v  7.440891 0.023506 7.095795
v  7.440801 0.023857 5.420578
v  7.440873 0.023903 2.342447
v  7.440922 0.024010 -0.356458
v  7.441127 0.024223 -3.124329
v  -1.511996 0.024117 -5.779350
v  3.193293 0.024178 -5.775398
v  -6.730713 39.885864 7.613766
v  -5.590820 35.031982 6.532711
v  -5.688012 32.619968 4.901865
v  -6.982178 34.855347 5.628780
v  -7.767334 39.725708 6.193356
v  -7.747070 43.287033 6.344479
v  -6.879150 42.997681 7.996822
v  -1.150482 49.542480 6.657712
v  -2.752563 50.553761 6.916989
v  -1.700928 49.011520 6.217039
v  -1.026245 47.915039 6.099118
v  -0.873779 47.043884 6.243649
v  -0.759094 45.446045 6.345944
v  -2.932617 50.110382 6.987546
v  -2.517517 48.736588 6.885007
v  -1.619690 47.327881 6.351560
v  -1.422180 46.791931 6.263425
v  -1.880981 45.891113 6.444821
v  -0.244537 45.418457 6.036496
v  -0.382059 44.761227 5.708503
v  0.021118 46.125732 5.448361
v  0.145630 45.520508 5.211423
v  0.178955 48.551636 8.537595
v  0.300781 47.376221 8.680905
v  0.192383 46.519165 8.912595
v  0.439087 45.645996 8.616452
v  0.903259 45.582764 8.716062
v  0.283691 49.143982 8.659665
v  -0.899170 50.434082 8.578611
v  -0.271973 49.470154 8.332273
v  1.006836 52.500549 8.865965
v  0.970459 54.469421 9.335691
v  1.797119 50.536835 7.625485
v  2.479858 51.047729 7.885007
v  2.473755 54.063293 9.210447
v  1.939697 52.363007 8.508299
v  -5.480469 66.500763 7.533447
v  -5.415039 63.399780 7.931151
v  -5.212402 61.091461 7.660887
v  9.174072 77.330688 2.354492
v  9.479004 77.232666 2.373535
v  9.840820 77.339722 2.114990
v  -1.749023 75.671326 7.291016
v  -3.453674 75.414032 7.141357
v  -5.660889 74.441742 6.753906
v  -7.392089 73.413849 6.175293
v  -7.190063 72.049255 6.730713
v  -5.349121 72.229858 7.992432
v  -2.540199 72.397461 9.018066
v  -0.656258 72.628906 9.015625
v  2.630697 86.438911 4.488255
v  -1.767796 44.288918 0.845826
v  -3.602807 44.276978 0.314246
v  -0.506228 39.160633 2.771826
v  -0.220518 44.048103 3.648601
v  3.420482 87.273026 8.720459
v  4.082214 87.747971 7.570190
v  4.181396 87.688477 6.480042
v  4.274902 88.244019 6.486816
v  3.627813 89.320564 6.077326
v  3.096436 88.254639 6.738525
v  3.698335 88.191895 5.597089
v  2.696045 87.202393 7.779541
v  1.973633 85.090454 8.598267
v  1.476608 85.525986 10.023193
v  2.048584 86.070908 8.908325
v  1.770264 85.530731 9.227905
v  2.050537 85.555481 8.441895
v  2.084229 84.762573 7.815430
v  2.267822 84.963867 7.256958
v  2.472412 86.585815 8.058502
v  2.144775 86.367493 7.026184
v  2.204834 85.915573 8.299683
v  2.622935 86.259750 3.883172
v  2.221924 86.483154 3.750977
v  0.806885 86.572021 2.265869
v  2.874242 86.460274 4.126249
v  3.468189 86.680931 4.176092
v  2.183838 85.238525 3.197998
v  2.384521 82.632446 2.512894
v  2.209229 85.062744 3.569092
v  2.332520 84.397369 4.250122
v  2.179199 84.796265 3.859497
v  3.364746 87.583252 5.753540
v  3.972387 78.034569 4.837146
v  2.335449 77.824463 5.502441
v  9.106140 78.112625 2.177490
v  8.308167 78.166748 2.142090
v  7.602314 78.083191 2.530518
v  6.135712 77.540344 3.397705
v  4.548436 76.320015 5.034612
v  7.958851 77.684875 2.610840
v  8.290894 77.833984 2.404785
v  9.088501 77.727539 2.229980
v  10.297241 74.289185 1.334717
v  10.243408 75.124115 0.792236
v  10.178223 75.589409 0.812012
v  10.584961 76.177612 1.204468
v  10.927734 76.229309 1.547485
v  10.958740 75.776489 1.659668
v  10.815430 74.163696 1.803833
v  8.016846 74.284119 4.060310
v  7.632080 74.471436 4.434570
v  7.162720 73.346313 5.489502
v  6.180828 75.754623 4.743424
v  5.428505 76.587463 4.048213
v  5.116013 77.247528 3.997847
v  5.125597 77.728447 4.301395
v  5.124220 77.730804 4.300967
v  4.818052 78.289154 4.187704
v  6.602965 78.787735 2.791649
v  6.827621 78.322639 3.035889
v  7.038048 77.904297 2.778564
v  7.236694 77.231979 2.145508
v  7.800659 76.836182 2.966797
v  8.906982 76.601868 2.820557
v  6.118164 75.722900 4.406982
v  7.044647 76.199707 3.152344
v  7.731628 76.654297 2.438843
v  8.143002 77.277466 2.758791
v  3.201660 87.933838 7.158813
v  3.229004 87.221252 7.859375
v  3.793793 87.310059 7.198975
v  3.852661 87.656006 6.000488
v  3.447388 87.869873 5.923096
v  3.307129 87.761475 6.930176
v  3.958740 87.615479 6.534302
v  3.661133 88.229492 7.389160
v  3.944214 88.159668 6.703979
v  3.904663 88.039063 5.984520
v  -1.708496 87.559753 9.600098
v  -1.564697 88.155243 9.574951
v  -1.717525 88.769379 9.438232
v  -1.750496 89.212311 9.533447
v  -1.516594 89.401215 9.777832
v  -1.143852 89.431183 9.885742
v  -0.768112 89.438934 9.783936
v  -3.305579 87.436478 5.225325
v  -3.223877 87.568970 6.590729
v  -3.193359 87.077972 7.706757
v  -2.221680 86.454102 8.065979
v  -1.817383 85.637695 9.078857
v  -1.450684 85.403900 9.646973
v  -1.266357 85.226807 9.726074
v  -1.607056 87.154785 9.275879
v  -1.924683 86.963867 9.374756
v  -1.279297 86.570557 9.665771
v  -1.565373 86.501381 9.615434
v  -0.910400 85.950211 10.093750
v  4.608154 77.656982 3.641113
v  3.778320 77.891968 3.956787
v  3.895830 77.957085 4.347351
v  2.523193 77.540039 4.208496
v  2.121094 78.051514 5.118652
v  1.929626 77.197266 5.705566
v  1.824463 77.463013 5.362061
v  1.516357 77.526611 4.769165
v  0.605277 77.923134 4.259618
v  0.392052 77.976158 4.388047
v  13.557678 46.141968 8.806152
v  12.585983 45.225342 9.118652
v  13.531555 44.951050 9.125977
v  15.160645 44.060699 9.712891
v  13.379761 44.245285 9.045166
v  11.958252 44.181068 8.876709
v  11.487305 43.363525 8.458374
v  12.070923 43.236328 8.679443
v  13.375244 42.569702 9.291260
v  13.519043 41.740967 9.333740
v  12.855713 42.570190 8.828613
v  12.776855 41.672852 8.904785
v  11.671265 42.939941 7.941650
v  12.115356 42.815430 8.135620
v  12.549438 43.191162 8.451416
v  13.550293 43.683594 8.567627
v  13.439087 42.938843 8.528809
v  12.962402 42.895966 8.530518
v  12.328247 42.938354 8.301514
v  12.231689 42.627441 7.297729
v  12.799805 42.409424 7.130371
v  13.449463 40.900391 7.745728
v  14.367737 41.273438 8.253662
v  16.211914 43.447296 8.854980
v  16.943359 43.206970 7.720657
v  17.281006 42.911224 6.499130
v  14.975708 41.409424 7.050171
v  15.488159 41.567627 5.756226
v  14.099609 40.888428 6.520294
v  14.709839 41.343018 5.421875
v  16.995605 42.922974 5.680908
v  15.622314 41.895508 5.296387
v  14.987549 41.919495 5.027100
v  15.924011 45.633789 4.566895
v  16.115601 43.376892 5.122314
v  15.525757 42.387177 5.312744
v  14.947510 42.297791 5.139160
v  13.457703 42.210205 5.980957
v  14.336792 42.138184 5.103516
v  12.194275 43.057251 7.311035
v  12.737839 42.803467 6.981689
v  13.358170 42.793823 5.902344
v  14.469849 42.950562 5.266113
v  14.875854 42.874756 5.425781
v  15.234009 46.653870 5.418213
v  14.822754 46.856903 5.754395
v  14.656250 46.949646 6.278076
v  14.234375 46.954895 6.586914
v  15.386414 46.405334 4.969238
v  15.320862 45.683685 4.852539
v  15.522461 43.968353 5.083740
v  15.538208 43.092529 5.577881
v  15.056396 45.926666 5.510010
v  14.892334 46.120056 6.108398
v  14.677002 46.244110 6.495605
v  14.393644 45.640015 7.101524
v  15.416992 44.276260 6.299316
v  14.987793 44.654266 7.144043
v  15.417725 43.473328 6.485107
v  14.767822 44.055176 7.328613
v  14.276001 44.691406 8.054688
v  13.863770 43.856689 6.195313
v  14.600937 43.457642 5.447510
v  13.423096 43.989014 7.075684
v  12.978210 44.072510 7.881348
v  11.706787 43.304810 7.743408
v  12.573608 44.312988 8.103516
v  14.893616 43.406372 5.645996
v  14.300995 44.093018 6.580322
v  13.747803 44.212646 7.487549
v  13.410339 44.386108 8.341309
v  13.801514 44.932373 8.304199
v  12.728882 44.711227 8.052734
v  12.965942 45.092010 7.794189
v  13.794617 45.654022 7.225586
v  13.189453 45.659241 7.314453
v  13.623657 46.408142 6.800537
v  13.239868 46.125366 7.047363
v  14.549471 48.059078 6.999354
v  13.091675 46.507202 7.258789
v  12.485474 45.324036 7.834229
v  12.759033 45.949036 7.491943
v  12.313782 45.020386 8.052490
v  12.119324 44.491455 8.135498
v  11.507690 43.599972 8.236328
v  12.546631 45.591309 8.390625
v  12.807861 46.235352 8.028564
v  13.047607 46.734131 7.640625
v  13.732483 47.228271 6.957825
v  15.427124 48.409790 7.459961
v  15.334717 50.195313 6.601807
v  15.348633 52.376343 5.785156
v  14.176880 45.794678 8.904053
v  -2.499023 82.527710 4.696533
v  -2.741455 81.867981 3.915466
v  -2.494385 80.806580 4.198975
v  -1.565186 79.362137 5.046143
v  -0.878418 77.824707 5.812744
v  -0.997650 78.087646 5.554443
v  -0.825714 78.119141 5.481689
v  -1.376476 78.221924 4.947266
v  -1.749878 78.392578 5.352783
v  -1.683563 78.804138 4.995605
v  -2.784668 79.508911 4.132568
v  -3.102295 78.702148 4.473389
v  -6.111145 77.447998 4.439209
v  -7.804809 77.465424 4.031250
v  -6.746735 77.889488 3.264893
v  -6.136230 77.765137 3.859497
v  -6.347534 78.342529 3.897949
v  -6.118408 77.415771 4.050537
v  -7.008743 78.079346 3.438721
v  -8.749695 75.967377 4.757324
v  -9.947510 74.045776 5.158936
v  -11.272766 70.758911 4.590332
v  -10.679626 72.716705 5.123291
v  -7.201570 76.751175 3.843878
v  -10.264679 71.448486 4.916504
v  -11.001831 71.708023 4.940186
v  -11.787613 71.511749 4.484360
v  -9.974548 72.319427 5.105713
v  -9.105682 71.406494 4.469849
v  -9.599426 73.117210 5.092529
v  -9.591187 71.532471 4.907715
v  -6.971069 76.451904 4.135742
v  -6.973755 76.715332 3.904785
v  -8.846680 78.578125 2.304383
v  -9.222168 78.422852 1.077991
v  -9.705078 77.987549 1.097303
v  -9.390869 78.092529 2.562500
v  -4.969482 77.981445 4.856201
v  -4.791260 78.521484 4.471069
v  -4.903137 77.304321 5.276855
v  -8.356934 71.701050 5.568359
v  -8.118164 71.319824 5.163086
v  -10.050751 71.298706 4.763184
v  -9.834229 71.268799 4.625488
v  -10.436417 70.735840 4.169434
v  -3.566639 76.508987 6.291900
v  -5.803223 75.402344 5.968994
v  -7.638183 73.927460 5.786377
v  -9.365257 72.161621 5.147152
v  -9.720900 71.741333 4.957067
v  -4.952454 76.715088 5.570313
v  -3.723251 76.818604 5.936523
v  -9.692505 73.975830 -1.979736
v  -10.702881 72.167480 -1.868652
v  -11.500610 70.626953 -1.164551
v  -10.873413 72.246948 -1.874512
v  -11.671753 70.712769 -1.197266
v  -12.211060 69.570801 -0.290283
v  -3.201416 78.373535 3.934082
v  -3.656250 78.255859 4.172852
v  -3.125244 79.667236 3.921143
v  -2.889648 80.751083 3.873413
v  -2.628662 81.708130 2.917023
v  -4.426178 78.271973 3.935059
v  -5.102951 78.670410 2.615723
v  -4.822315 78.558105 1.930420
v  -2.925049 81.545105 2.136963
v  -2.363525 84.964722 1.142456
v  -2.967773 79.537109 3.312988
v  -3.154297 79.398071 3.460938
v  -2.887207 82.523239 4.552002
v  -2.909180 83.510330 4.714600
v  -7.149043 50.049583 3.992301
v  -7.207275 50.106945 3.270508
v  -7.288086 48.739635 3.516846
v  -6.922363 48.555664 2.716064
v  -6.448486 48.708496 1.728760
v  -6.617920 46.197021 1.692627
v  -6.748291 47.597168 2.013428
v  -3.080139 55.232056 -0.311035
v  -0.235504 52.860596 -0.811035
v  -0.924469 54.345093 -0.512695
v  0.042358 50.704956 -0.159180
v  0.068604 49.267334 1.184814
v  -4.325806 53.986725 -0.483154
v  -2.020630 53.471802 -1.084473
v  -3.547852 52.431107 -1.165039
v  -1.098419 52.023987 -1.254883
v  -2.720364 50.792831 -1.582520
v  -0.663330 49.983398 -0.996826
v  -0.617554 48.369385 0.323242
v  -2.320374 49.259644 -1.280029
v  -2.393509 48.304199 -0.888428
v  -4.199265 46.884521 0.044189
v  -2.095032 47.588379 -0.060669
v  -6.004150 45.712646 0.982666
v  -4.239990 47.755859 -0.253418
v  -4.259460 48.593750 -0.523926
v  -4.528564 49.558350 -0.711670
v  -4.867188 51.055695 -0.042236
v  -5.307617 52.567078 0.264893
v  -5.587036 50.489746 1.354736
v  -5.359741 50.509216 0.743652
v  -5.588867 49.018738 0.274414
v  -5.488525 48.146240 0.343506
v  -5.645142 47.122925 0.672607
v  -1.944641 55.820801 0.010742
v  -0.494690 54.567017 -0.605957
v  0.008057 53.859619 -0.854248
v  0.622528 53.660889 -0.891846
v  -1.567169 55.894531 0.007080
v  -2.192444 57.052368 0.864014
v  0.166809 54.829468 -0.604004
v  0.755005 54.604736 -0.738770
v  -0.095398 55.150269 -0.465576
v  1.363083 54.826294 -0.636963
v  -2.727966 57.647095 1.212158
v  -1.640320 57.478027 1.133545
v  -0.840759 57.243408 1.013672
v  1.372742 56.773560 0.527832
v  -0.243530 55.833252 -0.109131
v  3.293884 57.019348 0.735352
v  3.926025 57.691040 1.225830
v  3.187744 54.794006 0.342529
v  3.088135 54.898254 -0.059814
v  3.252930 53.053345 0.516602
v  3.285156 53.285645 -0.125977
v  2.063843 55.998169 0.076416
v  1.787354 55.263550 -0.404053
v  -0.612427 48.983887 -0.460449
v  0.162842 49.813232 0.392334
v  0.529480 49.893799 0.699707
v  0.449524 50.687500 0.187500
v  0.618164 52.466553 -0.777588
v  0.740907 55.200584 -0.438248
v  0.723071 55.902340 -0.031402
v  0.695207 56.838070 0.686511
v  -15.488768 44.160809 2.755958
v  -14.853798 43.442326 3.169492
v  -15.380754 42.530731 3.507468
v  -16.175987 43.249401 3.142417
v  -16.926380 44.290051 3.161910
v  -16.746338 42.715103 3.823011
v  -17.596134 43.529087 3.585493
v  -18.638216 43.713459 4.365112
v  -18.163895 44.330555 3.835674
v  -17.961784 43.168873 4.424558
v  -14.307753 41.803001 4.838414
v  -14.637026 41.998791 4.178069
v  -14.311707 42.873459 3.785080
v  -14.267551 42.478844 4.620201
v  -15.102255 42.170948 4.521201
v  -15.054621 42.232620 4.036555
v  -14.878780 41.646946 4.679764
v  -15.514204 41.077312 4.732828
v  -15.968426 41.462261 4.002559
v  -15.514458 41.994263 3.949787
v  -15.458469 41.917538 4.533265
v  -16.251850 41.825108 4.604816
v  -16.423956 41.986607 4.083580
v  -16.202852 41.028431 4.825259
v  -17.105003 41.186378 5.093743
v  -17.675909 41.728802 4.414887
v  -17.058895 42.091763 4.231946
v  -16.799896 41.932545 4.850176
v  -17.675272 42.328178 5.478126
v  -18.003441 42.405506 4.803906
v  -17.797146 41.444988 5.434823
v  -18.301283 41.905857 6.002089
v  -18.728773 42.520645 5.387805
v  -18.289085 42.804619 5.118854
v  -18.111614 42.602772 5.713237
v  -19.014528 42.831223 5.877682
v  -19.110218 43.172089 5.206159
v  -18.841118 41.995598 6.131586
v  -18.611780 43.123230 6.227788
v  -18.934889 43.564995 5.901375
v  -18.883528 42.368336 6.537127
v  -18.104153 42.953579 6.056158
v  -18.248081 43.544098 5.871849
v  -18.324625 42.503433 6.649489
v  -17.957991 42.260426 6.367204
v  -17.938974 43.083256 5.504576
v  -16.960550 42.400436 5.388198
v  -17.411278 42.827675 5.264394
v  -17.330900 41.742386 5.810806
v  -16.811434 41.593296 5.611622
v  -16.578440 42.533279 4.957944
v  -15.788578 42.259220 4.825778
v  -16.211058 42.453644 4.615676
v  -16.050112 41.582253 5.237972
v  -15.482718 41.693436 5.219276
v  -15.502838 42.512951 4.461660
v  -14.697464 42.589523 4.876491
v  -15.026211 42.662807 4.489548
v  -14.977186 42.066616 5.113605
v  -14.459871 42.217587 5.256598
v  -14.457148 43.217606 4.321385
v  -18.158939 41.680454 7.587004
v  -18.017910 41.998184 7.011869
v  -18.602985 42.034264 7.160307
v  -18.034967 41.668449 6.726813
v  -17.797741 41.509567 7.360090
v  -18.806465 41.623871 6.793022
v  -18.589533 41.399784 7.458551
v  -18.458982 41.385517 6.657981
v  -18.504398 41.021820 7.278894
v  -18.067770 41.109871 7.274080
v  -17.026184 40.151558 6.528563
v  -17.444351 40.612774 5.745840
v  -16.818731 40.793285 5.949098
v  -17.650663 41.162697 6.284354
v  -17.510527 40.413723 6.681833
v  -16.956955 41.361618 6.420157
v  -17.321259 40.900314 7.025398
v  -16.840984 40.644501 6.870813
v  -16.060175 40.853413 6.540406
v  -15.739218 41.381981 5.958603
v  -16.181919 40.847244 5.670034
v  -15.459770 40.942406 5.590776
v  -15.494625 40.859665 6.480505
v  -15.804239 40.462124 5.372164
v  -15.537998 40.322403 6.172512
v  -16.034063 40.287148 6.230177
v  -14.364485 41.300983 5.738444
v  -14.556709 41.310150 5.118222
v  -14.287117 41.797119 5.491230
v  -14.946165 41.522793 5.246768
v  -14.807671 41.130562 5.629295
v  -14.736246 41.977310 5.649717
v  -14.942722 41.552261 5.874691
v  -14.510336 41.749897 6.007856
v  -17.749283 41.056728 8.439217
v  -17.764286 41.321381 7.973234
v  -18.153996 41.240231 8.084718
v  -18.325613 40.935284 7.904150
v  -17.980324 40.878544 8.433346
v  -18.036362 40.679138 7.823137
v  -17.952002 40.672569 8.325601
v  -17.727859 41.016254 7.853378
v  -17.544544 40.958149 8.341298
v  -17.719732 40.704742 8.290141
v  -17.675167 40.816677 8.559916
v  -17.080011 40.233578 8.332296
v  -16.869423 40.604424 7.752569
v  -17.377605 40.306072 7.577854
v  -16.801191 40.087566 7.459770
v  -16.626516 40.114628 8.252068
v  -17.172756 39.929993 7.382044
v  -16.840782 39.732258 8.085790
v  -17.225492 39.840527 8.157796
v  -15.965729 40.439907 7.680964
v  -15.757393 40.730762 7.222635
v  -16.135519 40.355595 7.061051
v  -15.545267 40.374149 6.996819
v  -15.590216 40.426601 7.669621
v  -15.807543 39.985531 6.914116
v  -15.667559 40.078960 7.547265
v  -16.007761 40.060600 7.578640
v  -14.713427 41.369995 6.843256
v  -14.484232 41.377750 6.366589
v  -14.823893 41.564671 6.453982
v  -14.622995 41.011177 6.217782
v  -14.634623 41.112267 6.740841
v  -14.930025 41.187172 6.263187
v  -14.972830 41.266422 6.784412
v  -14.896004 40.934971 6.728101
v  -15.471888 43.356922 3.259053
v  -16.835312 43.417271 3.465893
v  -17.903156 43.716297 4.247409
v  -14.326544 42.176289 4.363728
v  -14.954693 41.991550 4.270891
v  -15.579393 41.630249 4.209176
v  -16.304916 41.575138 4.284117
v  -17.146635 41.772720 4.553964
v  -17.955971 42.029388 4.984838
v  -18.355511 42.452137 5.443720
v  -18.986206 42.638180 5.597643
v  -18.910879 43.004768 6.138138
v  -18.330185 43.044231 6.172548
v  -18.103418 42.780663 5.910524
v  -17.313955 42.381104 5.461495
v  -16.685978 42.192513 5.195798
v  -16.051355 42.046120 4.750917
v  -15.556559 42.142311 4.749480
v  -14.957703 42.413891 4.772161
v  -14.420980 42.584072 4.847261
v  -18.277304 42.052303 7.115358
v  -17.914757 41.851105 6.851814
v  -18.815792 41.840179 6.992773
v  -18.665922 41.471561 6.705991
v  -18.172119 41.419643 6.604726
v  -17.055136 40.574860 5.729983
v  -17.726089 40.859402 5.987930
v  -17.336590 41.296513 6.390563
v  -16.669725 41.110264 6.216296
v  -16.011175 41.146061 5.841610
v  -15.495054 41.229401 5.808408
v  -15.467405 40.605270 5.400166
v  -16.113037 40.570980 5.487110
v  -14.333109 41.523033 5.277546
v  -14.819630 41.353386 5.127382
v  -14.908058 41.762947 5.458514
v  -14.463598 41.971779 5.641171
v  -17.956467 41.370899 8.091747
v  -18.282555 41.090336 8.001703
v  -18.231968 40.769226 7.869436
v  -17.614376 41.195213 7.885063
v  -17.842876 40.824589 7.826954
v  -17.777369 40.727852 8.503847
v  -17.622585 40.903225 8.545167
v  -17.194258 40.521313 7.721608
v  -16.685476 40.351387 7.611368
v  -16.941820 39.901649 7.384433
v  -17.393192 40.046284 7.469620
v  -16.918879 39.903915 8.424180
v  -16.027277 40.618702 7.182167
v  -15.512245 40.617634 7.146211
v  -15.619955 40.158047 6.938711
v  -16.064993 40.084152 6.971341
v  -15.806316 40.215179 7.772012
v  -14.609413 41.540672 6.454865
v  -14.447594 41.149971 6.291501
v  -14.969337 41.390362 6.365413
v  -14.826551 41.036213 6.218296
v  -14.817951 41.167034 6.885462
v  -18.402571 46.145657 5.027934
v  -18.189762 46.634117 3.613759
v  -17.835129 45.572605 3.062018
v  -18.570244 45.191387 4.163205
v  -18.742035 46.764389 5.447411
v  -18.838545 45.306175 5.537043
v  -18.833532 45.786758 5.875960
v  -18.248390 46.500748 6.613982
v  -17.422005 46.538441 6.301960
v  -17.317099 47.183174 5.983149
v  -18.246376 46.948318 6.256671
v  -18.826620 46.119789 6.606183
v  -18.645527 45.264896 6.024185
v  -18.921038 45.445728 6.650582
v  -17.975557 45.982685 6.792502
v  -18.387760 45.868515 7.136471
v  -18.986588 44.703716 7.505692
v  -18.835609 45.387047 7.404278
v  -18.701555 44.944302 6.797670
v  -18.322742 45.148029 6.393552
v  -18.100996 45.018364 6.837346
v  -18.452642 44.542095 7.198073
v  -17.796089 45.464493 6.784438
v  -18.052288 45.398933 7.284770
v  -17.996376 44.830349 7.436054
v  -18.421988 45.057224 7.797127
v  -18.279943 44.086590 8.457241
v  -18.051401 44.508057 8.055495
v  -18.640388 44.472485 8.113625
v  -18.538620 44.160217 7.799191
v  -18.473278 43.882153 8.343076
v  -18.197121 44.228783 7.739414
v  -18.257511 43.733505 8.132765
v  -18.071911 43.916294 8.241297
v  -18.420519 45.897907 3.893958
v  -18.667795 46.026489 5.503321
v  -17.826283 46.791214 6.415459
v  -18.911907 45.625156 6.260470
v  -18.369791 46.203022 6.833625
v  -18.924976 45.131554 7.075029
v  -18.413097 44.937138 6.757833
v  -17.889662 45.206474 7.050314
v  -18.420624 45.502510 7.482903
v  -18.358072 44.540722 8.141157
v  -18.711256 44.271023 7.969151
v  -18.368073 44.163403 7.745605
v  -18.056328 44.350300 7.870282
v  -18.248871 43.813095 8.372138
v  -18.313110 45.269619 6.022830
v  -17.704519 45.695496 6.517190
v  -17.305779 46.136642 5.928349
v  -17.012524 46.394081 5.549872
v  -16.742359 46.633331 5.056592
v  -16.804022 47.122513 5.447573
v  -17.053724 45.176071 2.732711
v  -15.541069 45.142563 2.387103
v  -14.680984 45.204826 2.574862
v  -14.121008 45.543018 2.725097
v  -14.033720 44.933704 3.011409
v  -14.226004 43.676872 3.413597
v  -14.056398 43.983398 3.807459
v  -14.335711 44.105049 3.967466
v  -18.239191 44.058800 5.502807
v  -18.532673 44.156372 5.632817
v  -18.838993 44.207680 5.677466
v  -17.652594 42.797249 3.816926
v  -16.098190 42.454956 3.352603
v  -18.776037 42.960922 4.883582
v  -16.425102 47.390640 3.993252
v  -16.532400 46.883476 4.109784
v  -16.229422 46.715061 3.526116
v  -16.243576 47.213379 3.433713
v  -14.921049 43.906250 3.870730
v  7.631348 72.628357 3.305420
v  -3.664795 92.740936 6.406141
v  -3.761719 91.656128 6.514771
v  -3.384906 91.347298 7.564856
v  -3.114980 92.630959 7.555115
v  -3.995396 93.266670 4.825379
v  -3.989746 92.394714 5.489441
v  -3.301917 93.943680 5.806651
v  -2.198937 92.218468 9.097669
v  -1.464777 93.582855 8.975723
v  -2.579103 93.980194 7.268976
v  -0.333619 92.516312 9.692286
v  0.479170 93.784142 8.989865
v  -0.616007 94.634842 7.745520
v  -0.695461 95.580383 4.573812
v  -1.707355 95.007866 6.094297
v  0.393258 95.334991 6.143633
v  -2.555106 94.814758 4.695239
v  -0.713485 95.241402 2.500329
v  -1.622169 95.173798 3.509705
v  0.309075 95.664680 3.542908
v  -0.761807 93.171867 -0.013708
v  -1.690462 94.141075 1.253994
v  0.256271 94.585464 1.104535
v  -0.833261 90.443344 -0.870799
v  -1.695466 91.685463 -0.329513
v  0.187985 91.825165 -0.727937
v  -1.744648 89.382698 -0.504019
v  0.154106 89.346985 -0.851192
v  -0.802074 88.326385 -0.570252
v  -3.233266 94.052116 3.940717
v  -2.697564 94.558876 2.703799
v  -4.232910 92.294739 4.064545
v  -3.999512 93.039108 3.180696
v  -2.572535 92.809486 0.551432
v  -3.346827 93.269211 1.966446
v  -2.628501 90.311790 0.009479
v  -3.313775 91.326126 0.734671
v  -2.527395 88.475769 0.380597
v  -3.233912 89.349197 0.886614
v  -4.367508 91.659561 2.977417
v  -3.979361 91.914284 1.828053
v  -3.792967 89.980591 1.569214
v  -4.229077 90.456810 2.292342
v  -3.566556 88.485588 1.757591
v  -3.909445 89.102654 2.376686
v  3.609802 92.165047 7.181433
v  3.559928 90.944344 7.838822
v  3.442283 90.395836 7.646793
v  3.838920 91.648415 6.748726
v  3.839893 92.922386 5.740484
v  4.007657 91.249374 6.047611
v  4.147165 92.467606 5.099051
v  3.150377 93.418884 6.818028
v  2.138289 93.404648 8.383955
v  2.909705 92.177368 8.489160
v  1.280758 94.428406 7.476363
v  1.255602 92.511017 9.405749
v  2.187349 94.564789 5.966097
v  1.298934 95.306908 4.608204
v  3.134718 94.051407 4.696332
v  2.166878 94.899994 3.580045
v  1.245502 95.093422 2.574482
v  2.174915 94.111626 1.410395
v  1.190706 93.165390 0.241140
v  2.070042 91.691444 0.065078
v  1.190199 90.440781 -0.609205
v  1.134173 88.328011 -0.259260
v  2.092693 89.305176 -0.151287
v  3.016850 94.188530 2.777205
v  3.674200 93.517349 3.960055
v  4.205832 92.685226 3.441535
v  4.281973 92.044769 4.476629
v  3.681039 93.056595 2.016292
v  2.956149 92.634750 0.787616
v  3.500603 91.023552 0.893005
v  2.856527 90.177902 0.311742
v  3.318550 88.959160 1.021039
v  2.649153 88.202171 0.749392
v  4.134325 91.533287 1.946900
v  4.451820 91.688942 3.207895
v  4.402187 90.121902 3.062190
v  3.909317 89.514030 1.670413
v  4.204994 88.569916 2.889442
v  3.849266 87.928406 2.189184
v  -3.570776 92.123947 6.982931
v  -3.808777 93.135796 5.646354
v  -2.428890 93.175758 8.374345
v  -0.464343 93.735748 9.099845
v  -0.680950 95.297386 6.146653
v  -2.543570 94.525612 5.959917
v  -0.660924 95.467827 3.496828
v  -0.750784 94.493446 1.082342
v  -0.794057 91.780434 -0.646159
v  -0.838070 89.377060 -0.836781
v  -2.479858 94.730247 3.709877
v  -3.994873 93.274986 3.983809
v  -2.590023 93.825714 1.527134
v  -2.602667 91.571526 0.050206
v  -2.588960 89.389809 0.115112
v  -4.141737 92.533562 2.415431
v  -3.894248 90.985115 1.553585
v  -3.664406 89.278503 1.648641
v  3.708657 91.399971 7.337666
v  4.008708 92.137047 5.931651
v  3.059569 92.946342 7.669056
v  1.267805 93.579536 8.657658
v  1.268487 94.991676 6.035602
v  3.195469 93.838226 5.798886
v  1.230643 95.338158 3.538126
v  1.241838 94.411949 1.251226
v  1.175586 91.811798 -0.395951
v  1.178997 89.358459 -0.598950
v  2.984063 94.212158 3.741010
v  4.140168 92.760963 4.274473
v  2.975399 93.638054 1.652957
v  2.865082 91.429985 0.406604
v  2.730878 89.186829 0.413495
v  4.254425 92.305008 2.532962
v  4.005143 90.552406 1.610931
v  3.855714 88.724052 1.847413
v  2.773417 91.222542 8.828562
v  1.992196 91.548340 9.411345
v  1.307829 91.552734 9.610709
v  -1.997611 91.284630 9.448832
v  -1.089205 91.449257 9.918228
v  -0.152381 91.607903 10.177301
v  -3.064250 90.335892 8.148011
v  -3.074410 89.655891 8.073434
v  -3.223877 89.575806 7.257874
v  -3.485840 89.624695 6.463135
v  -4.030518 90.203308 5.439636
v  -3.392822 89.066780 6.183716
v  -3.528076 88.472466 6.035645
v  -3.457275 87.962280 5.920654
v  -3.394533 87.636810 5.251126
v  -4.187842 88.776436 2.845180
v  -3.969949 88.210274 2.828846
v  -3.800213 87.401604 3.093596
v  -3.712337 87.331024 2.856504
v  -3.444391 87.307388 2.092050
v  -2.362737 87.312111 0.833795
v  -1.666789 87.171677 0.193018
v  -0.719529 87.064735 -0.036684
v  1.175882 87.297943 0.232699
v  1.962008 87.137642 0.634336
v  2.622250 86.987411 1.238373
v  0.257231 86.491882 0.756815
v  3.775784 86.423683 2.888899
v  3.868272 86.426979 3.363276
v  3.746547 86.952339 3.961136
v  3.835908 87.599823 4.405651
v  3.983209 88.104538 4.194828
v  4.095611 88.586273 3.992574
v  4.181509 89.860458 4.892699
v  3.924448 89.775902 5.668931
v  3.947939 90.228340 5.839910
v  -4.241455 90.244568 4.660828
v  -4.330322 90.507248 3.790894
v  -4.211426 91.162903 5.178772
v  -3.497070 90.122864 6.754333
v  -3.770752 90.667267 6.223145
v  -4.067871 91.255859 5.836914
v  -4.281494 91.096375 4.514404
# 2951 vertices

vt 0.675393 0.433155 0.000000
vt 0.669786 0.434396 0.000000
vt 0.630721 0.393216 0.000000
vt 0.653759 0.393221 0.000000
vt 0.261681 0.695622 0.000000
vt 0.256105 0.720579 0.000000
vt 0.239040 0.713220 0.000000
vt 0.244027 0.696973 0.000000
vt 0.217484 0.703977 0.000000
vt 0.227357 0.690863 0.000000
vt 0.244072 0.694550 0.000000
vt 0.257717 0.690571 0.000000
vt 0.233402 0.686019 0.000000
vt 0.243381 0.689976 0.000000
vt 0.229677 0.689393 0.000000
vt 0.251770 0.679269 0.000000
vt 0.256395 0.679572 0.000000
vt 0.250223 0.684872 0.000000
vt 0.219527 0.680687 0.000000
vt 0.225517 0.682580 0.000000
vt 0.222795 0.668273 0.000000
vt 0.226176 0.672922 0.000000
vt 0.227139 0.665404 0.000000
vt 0.231565 0.669452 0.000000
vt 0.237136 0.669239 0.000000
vt 0.235434 0.663650 0.000000
vt 0.250966 0.672923 0.000000
vt 0.243004 0.669412 0.000000
vt 0.246105 0.661315 0.000000
vt 0.251251 0.668946 0.000000
vt 0.249536 0.675446 0.000000
vt 0.241879 0.684969 0.000000
vt 0.246916 0.683338 0.000000
vt 0.236050 0.683845 0.000000
vt 0.229627 0.682367 0.000000
vt 0.232679 0.681755 0.000000
vt 0.229497 0.678629 0.000000
vt 0.232639 0.677070 0.000000
vt 0.248990 0.680985 0.000000
vt 0.246940 0.679030 0.000000
vt 0.261645 0.680520 0.000000
vt 0.235571 0.675379 0.000000
vt 0.242239 0.674271 0.000000
vt 0.242093 0.678989 0.000000
vt 0.235871 0.679783 0.000000
vt 0.245586 0.681574 0.000000
vt 0.242171 0.681947 0.000000
vt 0.253803 0.658643 0.000000
vt 0.252492 0.661852 0.000000
vt 0.247124 0.655067 0.000000
vt 0.255152 0.665347 0.000000
vt 0.257191 0.659457 0.000000
vt 0.257440 0.661337 0.000000
vt 0.258444 0.665456 0.000000
vt 0.258705 0.652827 0.000000
vt 0.253104 0.647404 0.000000
vt 0.256469 0.646488 0.000000
vt 0.238489 0.653793 0.000000
vt 0.243096 0.647488 0.000000
vt 0.251955 0.644772 0.000000
vt 0.256082 0.644777 0.000000
vt 0.240663 0.646490 0.000000
vt 0.243123 0.644312 0.000000
vt 0.250641 0.641759 0.000000
vt 0.256477 0.641440 0.000000
vt 0.244431 0.641792 0.000000
vt 0.249739 0.638008 0.000000
vt 0.255329 0.637650 0.000000
vt 0.244563 0.639475 0.000000
vt 0.249340 0.631463 0.000000
vt 0.253751 0.629726 0.000000
vt 0.244120 0.634184 0.000000
vt 0.229294 0.650962 0.000000
vt 0.237615 0.644520 0.000000
vt 0.235699 0.653194 0.000000
vt 0.233447 0.635917 0.000000
vt 0.237147 0.639127 0.000000
vt 0.235296 0.640490 0.000000
vt 0.228551 0.641185 0.000000
vt 0.238129 0.634090 0.000000
vt 0.238896 0.638075 0.000000
vt 0.239189 0.642259 0.000000
vt 0.240552 0.640111 0.000000
vt 0.236224 0.642670 0.000000
vt 0.229801 0.644953 0.000000
vt 0.237924 0.640885 0.000000
vt 0.248274 0.623802 0.000000
vt 0.252723 0.621592 0.000000
vt 0.243404 0.623668 0.000000
vt 0.238847 0.624598 0.000000
vt 0.228991 0.626590 0.000000
vt 0.221088 0.629961 0.000000
vt 0.222927 0.658181 0.000000
vt 0.219141 0.651342 0.000000
vt 0.212266 0.633051 0.000000
vt 0.214591 0.640867 0.000000
vt 0.215919 0.664651 0.000000
vt 0.212160 0.659685 0.000000
vt 0.207433 0.679522 0.000000
vt 0.206591 0.673440 0.000000
vt 0.204399 0.668851 0.000000
vt 0.201238 0.663636 0.000000
vt 0.191980 0.640904 0.000000
vt 0.200667 0.637886 0.000000
vt 0.202417 0.646206 0.000000
vt 0.194909 0.652281 0.000000
vt 0.185295 0.658059 0.000000
vt 0.185749 0.642010 0.000000
vt 0.188546 0.669307 0.000000
vt 0.187391 0.663560 0.000000
vt 0.188354 0.675770 0.000000
vt 0.184816 0.635185 0.000000
vt 0.190546 0.630224 0.000000
vt 0.210944 0.623107 0.000000
vt 0.200709 0.624694 0.000000
vt 0.218957 0.621722 0.000000
vt 0.227948 0.620605 0.000000
vt 0.238340 0.619247 0.000000
vt 0.242736 0.618371 0.000000
vt 0.246363 0.617387 0.000000
vt 0.249829 0.615629 0.000000
vt 0.187359 0.680652 0.000000
vt 0.452341 0.737265 0.000000
vt 0.442035 0.733383 0.000000
vt 0.209014 0.690228 0.000000
vt 0.205599 0.696636 0.000000
vt 0.205425 0.719025 0.000000
vt 0.197196 0.707935 0.000000
vt 0.189031 0.726303 0.000000
vt 0.186274 0.709546 0.000000
vt 0.218200 0.731281 0.000000
vt 0.447027 0.720728 0.000000
vt 0.231564 0.751347 0.000000
vt 0.194539 0.767189 0.000000
vt 0.189107 0.743977 0.000000
vt 0.460350 0.727156 0.000000
vt 0.167107 0.767114 0.000000
vt 0.168801 0.744011 0.000000
vt 0.128218 0.747736 0.000000
vt 0.463139 0.706816 0.000000
vt 0.448999 0.705547 0.000000
vt 0.446161 0.689856 0.000000
vt 0.142314 0.730348 0.000000
vt 0.105882 0.716452 0.000000
vt 0.127145 0.707393 0.000000
vt 0.095611 0.661332 0.000000
vt 0.119778 0.661401 0.000000
vt 0.122182 0.686631 0.000000
vt 0.099154 0.689738 0.000000
vt 0.173613 0.724979 0.000000
vt 0.174255 0.707200 0.000000
vt 0.154302 0.717462 0.000000
vt 0.145450 0.698103 0.000000
vt 0.143361 0.682240 0.000000
vt 0.165510 0.701293 0.000000
vt 0.159602 0.690248 0.000000
vt 0.157438 0.677842 0.000000
vt 0.142407 0.657012 0.000000
vt 0.161215 0.655978 0.000000
vt 0.179180 0.687431 0.000000
vt 0.164068 0.673140 0.000000
vt 0.171448 0.660578 0.000000
vt 0.162026 0.640286 0.000000
vt 0.174271 0.642552 0.000000
vt 0.183650 0.679565 0.000000
vt 0.182859 0.675174 0.000000
vt 0.178122 0.685173 0.000000
vt 0.183764 0.667261 0.000000
vt 0.173346 0.662815 0.000000
vt 0.182973 0.661922 0.000000
vt 0.168923 0.671999 0.000000
vt 0.457030 0.688976 0.000000
vt 0.463955 0.770504 0.000000
vt 0.455510 0.759837 0.000000
vt 0.171132 0.689846 0.000000
vt 0.165910 0.683806 0.000000
vt 0.167936 0.681985 0.000000
vt 0.173228 0.686769 0.000000
vt 0.171799 0.680323 0.000000
vt 0.173964 0.683627 0.000000
vt 0.449379 0.753420 0.000000
vt 0.466804 0.766515 0.000000
vt 0.460928 0.775304 0.000000
vt 0.455990 0.772639 0.000000
vt 0.477538 0.708936 0.000000
vt 0.470767 0.685656 0.000000
vt 0.487092 0.678478 0.000000
vt 0.494629 0.699932 0.000000
vt 0.504678 0.667349 0.000000
vt 0.514415 0.696277 0.000000
vt 0.342701 0.302256 0.000000
vt 0.367184 0.322060 0.000000
vt 0.498687 0.722186 0.000000
vt 0.497078 0.732450 0.000000
vt 0.475661 0.724416 0.000000
vt 0.513039 0.713514 0.000000
vt 0.525214 0.702877 0.000000
vt 0.521070 0.731068 0.000000
vt 0.513069 0.739467 0.000000
vt 0.526887 0.721793 0.000000
vt 0.534004 0.705330 0.000000
vt 0.473667 0.777823 0.000000
vt 0.480006 0.783521 0.000000
vt 0.497015 0.803467 0.000000
vt 0.482621 0.777359 0.000000
vt 0.498943 0.799930 0.000000
vt 0.518578 0.811014 0.000000
vt 0.517053 0.819563 0.000000
vt 0.465055 0.785109 0.000000
vt 0.452858 0.791718 0.000000
vt 0.467326 0.796242 0.000000
vt 0.450478 0.799148 0.000000
vt 0.488898 0.807376 0.000000
vt 0.505007 0.820751 0.000000
vt 0.523057 0.810296 0.000000
vt 0.525372 0.817241 0.000000
vt 0.521560 0.793825 0.000000
vt 0.516799 0.792077 0.000000
vt 0.521477 0.775062 0.000000
vt 0.527063 0.778684 0.000000
vt 0.530370 0.751028 0.000000
vt 0.537292 0.756407 0.000000
vt 0.531948 0.768392 0.000000
vt 0.527569 0.765210 0.000000
vt 0.524462 0.744708 0.000000
vt 0.534002 0.733959 0.000000
vt 0.541901 0.737653 0.000000
vt 0.544918 0.745962 0.000000
vt 0.538494 0.724147 0.000000
vt 0.546764 0.725628 0.000000
vt 0.552610 0.739149 0.000000
vt 0.556501 0.739951 0.000000
vt 0.556285 0.730518 0.000000
vt 0.559390 0.732429 0.000000
vt 0.553154 0.729569 0.000000
vt 0.550209 0.737836 0.000000
vt 0.544687 0.709575 0.000000
vt 0.552403 0.715065 0.000000
vt 0.381918 0.339778 0.000000
vt 0.346896 0.332936 0.000000
vt 0.337129 0.255550 0.000000
vt 0.360917 0.278615 0.000000
vt 0.328702 0.165987 0.000000
vt 0.361569 0.223895 0.000000
vt 0.387900 0.274866 0.000000
vt 0.376724 0.290452 0.000000
vt 0.408357 0.310345 0.000000
vt 0.385043 0.306680 0.000000
vt 0.395519 0.321993 0.000000
vt 0.410497 0.313689 0.000000
vt 0.430373 0.321283 0.000000
vt 0.418955 0.324011 0.000000
vt 0.406210 0.330040 0.000000
vt 0.396544 0.335275 0.000000
vt 0.739705 0.365285 0.000000
vt 0.746153 0.362801 0.000000
vt 0.750050 0.380126 0.000000
vt 0.743960 0.380470 0.000000
vt 0.732255 0.347788 0.000000
vt 0.738123 0.347382 0.000000
vt 0.719357 0.340483 0.000000
vt 0.735327 0.338935 0.000000
vt 0.684570 0.429307 0.000000
vt 0.665945 0.391218 0.000000
vt 0.713918 0.473474 0.000000
vt 0.709297 0.482620 0.000000
vt 0.703013 0.481065 0.000000
vt 0.706611 0.469696 0.000000
vt 0.693991 0.462322 0.000000
vt 0.700771 0.455116 0.000000
vt 0.701970 0.463279 0.000000
vt 0.682612 0.468677 0.000000
vt 0.678164 0.457169 0.000000
vt 0.688565 0.448594 0.000000
vt 0.646639 0.462195 0.000000
vt 0.631774 0.432932 0.000000
vt 0.656780 0.476685 0.000000
vt 0.604072 0.458092 0.000000
vt 0.597150 0.431944 0.000000
vt 0.569752 0.433345 0.000000
vt 0.574540 0.464164 0.000000
vt 0.664940 0.363969 0.000000
vt 0.651888 0.365468 0.000000
vt 0.651199 0.343862 0.000000
vt 0.672216 0.341881 0.000000
vt 0.636294 0.367843 0.000000
vt 0.641745 0.344255 0.000000
vt 0.611076 0.387089 0.000000
vt 0.616421 0.366017 0.000000
vt 0.618797 0.344020 0.000000
vt 0.590376 0.383169 0.000000
vt 0.590750 0.365203 0.000000
vt 0.591644 0.343716 0.000000
vt 0.552272 0.382820 0.000000
vt 0.554226 0.363128 0.000000
vt 0.554540 0.343144 0.000000
vt 0.933806 0.061633 0.000000
vt 0.520862 0.361422 0.000000
vt 0.520594 0.342275 0.000000
vt 0.519608 0.377762 0.000000
vt 0.519079 0.392289 0.000000
vt 0.537134 0.406198 0.000000
vt 0.519111 0.413483 0.000000
vt 0.507659 0.402524 0.000000
vt 0.483720 0.363117 0.000000
vt 0.488025 0.342204 0.000000
vt 0.497139 0.378350 0.000000
vt 0.457059 0.344805 0.000000
vt 0.461492 0.340164 0.000000
vt 0.546309 0.430950 0.000000
vt 0.526704 0.431988 0.000000
vt 0.548940 0.454964 0.000000
vt 0.535282 0.458214 0.000000
vt 0.637293 0.490778 0.000000
vt 0.622186 0.486525 0.000000
vt 0.598084 0.480801 0.000000
vt 0.566399 0.484059 0.000000
vt 0.424708 0.204437 0.000000
vt 0.413480 0.189014 0.000000
vt 0.387037 0.169608 0.000000
vt 0.362152 0.150180 0.000000
vt 0.424180 0.217286 0.000000
vt 0.403345 0.208936 0.000000
vt 0.371061 0.933181 0.000000
vt 0.371496 0.939411 0.000000
vt 0.353088 0.945867 0.000000
vt 0.376509 0.193303 0.000000
vt 0.345983 0.156510 0.000000
vt 0.561450 0.731508 0.000000
vt 0.558002 0.741454 0.000000
vt 0.399351 0.233984 0.000000
vt 0.402976 0.261663 0.000000
vt 0.429067 0.237343 0.000000
vt 0.432163 0.260549 0.000000
vt 0.416238 0.287973 0.000000
vt 0.423016 0.304660 0.000000
vt 0.793692 0.524442 0.000000
vt 0.811429 0.505390 0.000000
vt 0.803885 0.491036 0.000000
vt 0.794658 0.473261 0.000000
vt 0.760895 0.455907 0.000000
vt 0.753013 0.444472 0.000000
vt 0.765889 0.434613 0.000000
vt 0.770040 0.447633 0.000000
vt 0.748012 0.467482 0.000000
vt 0.738308 0.457475 0.000000
vt 0.701731 0.498294 0.000000
vt 0.709841 0.490034 0.000000
vt 0.712474 0.502328 0.000000
vt 0.698719 0.515942 0.000000
vt 0.726185 0.472707 0.000000
vt 0.734218 0.480258 0.000000
vt 0.714682 0.514674 0.000000
vt 0.698423 0.525972 0.000000
vt 0.723525 0.490623 0.000000
vt 0.717905 0.481393 0.000000
vt 0.729903 0.502531 0.000000
vt 0.744091 0.490144 0.000000
vt 0.758174 0.478827 0.000000
vt 0.770063 0.471171 0.000000
vt 0.350228 0.934809 0.000000
vt 0.341869 0.950084 0.000000
vt 0.326424 0.943031 0.000000
vt 0.379643 0.922272 0.000000
vt 0.380311 0.919061 0.000000
vt 0.399606 0.931018 0.000000
vt 0.394430 0.942630 0.000000
vt 0.382107 0.933464 0.000000
vt 0.366114 0.907186 0.000000
vt 0.369327 0.905400 0.000000
vt 0.356210 0.897371 0.000000
vt 0.359017 0.896236 0.000000
vt 0.345155 0.888668 0.000000
vt 0.347912 0.887382 0.000000
vt 0.326163 0.875263 0.000000
vt 0.334933 0.874120 0.000000
vt 0.367799 0.924349 0.000000
vt 0.348330 0.924288 0.000000
vt 0.323814 0.927716 0.000000
vt 0.358789 0.910657 0.000000
vt 0.342910 0.912270 0.000000
vt 0.320391 0.912110 0.000000
vt 0.346156 0.898937 0.000000
vt 0.332726 0.900727 0.000000
vt 0.315388 0.901143 0.000000
vt 0.330661 0.888117 0.000000
vt 0.319489 0.890248 0.000000
vt 0.307580 0.893265 0.000000
vt 0.317893 0.875457 0.000000
vt 0.305961 0.876982 0.000000
vt 0.286492 0.884223 0.000000
vt 0.325724 0.863171 0.000000
vt 0.336809 0.865300 0.000000
vt 0.316652 0.862429 0.000000
vt 0.299693 0.859530 0.000000
vt 0.281448 0.860498 0.000000
vt 0.287197 0.854079 0.000000
vt 0.254255 0.843470 0.000000
vt 0.272327 0.843378 0.000000
vt 0.263942 0.828641 0.000000
vt 0.274729 0.830346 0.000000
vt 0.279167 0.815390 0.000000
vt 0.285673 0.818590 0.000000
vt 0.327147 0.820594 0.000000
vt 0.330350 0.802865 0.000000
vt 0.339049 0.800857 0.000000
vt 0.356066 0.813579 0.000000
vt 0.313999 0.816583 0.000000
vt 0.317372 0.802863 0.000000
vt 0.346676 0.834053 0.000000
vt 0.344155 0.827183 0.000000
vt 0.380144 0.825869 0.000000
vt 0.377945 0.835696 0.000000
vt 0.374023 0.842955 0.000000
vt 0.345786 0.842678 0.000000
vt 0.357913 0.854214 0.000000
vt 0.341789 0.852616 0.000000
vt 0.344395 0.861307 0.000000
vt 0.326550 0.851695 0.000000
vt 0.328638 0.842475 0.000000
vt 0.328853 0.832309 0.000000
vt 0.312682 0.850927 0.000000
vt 0.311510 0.841891 0.000000
vt 0.311103 0.829892 0.000000
vt 0.300848 0.849466 0.000000
vt 0.299210 0.840225 0.000000
vt 0.298425 0.829782 0.000000
vt 0.300084 0.818064 0.000000
vt 0.290170 0.849699 0.000000
vt 0.287614 0.841349 0.000000
vt 0.287464 0.830824 0.000000
vt 0.291314 0.819220 0.000000
vt 0.305934 0.804841 0.000000
vt 0.296422 0.807471 0.000000
vt 0.290293 0.806611 0.000000
vt 0.284381 0.807548 0.000000
vt 0.309659 0.789776 0.000000
vt 0.300875 0.791646 0.000000
vt 0.284751 0.933019 0.000000
vt 0.782055 0.460760 0.000000
vt 0.779139 0.484189 0.000000
vt 0.722323 0.522527 0.000000
vt 0.705940 0.533534 0.000000
vt 0.737232 0.514122 0.000000
vt 0.753145 0.502621 0.000000
vt 0.766760 0.493187 0.000000
vt 0.788291 0.506221 0.000000
vt 0.789033 0.507569 0.000000
vt 0.771764 0.511216 0.000000
vt 0.772212 0.518170 0.000000
vt 0.756696 0.517372 0.000000
vt 0.756889 0.525269 0.000000
vt 0.742037 0.521660 0.000000
vt 0.742402 0.528932 0.000000
vt 0.304138 0.921168 0.000000
vt 0.297315 0.924364 0.000000
vt 0.285696 0.923647 0.000000
vt 0.306703 0.909888 0.000000
vt 0.283550 0.900830 0.000000
vt 0.272552 0.893023 0.000000
vt 0.303302 0.902844 0.000000
vt 0.286801 0.906626 0.000000
vt 0.287029 0.916317 0.000000
vt 0.257507 0.946333 0.000000
vt 0.261829 0.922866 0.000000
vt 0.272507 0.920218 0.000000
vt 0.272693 0.914886 0.000000
vt 0.263457 0.911193 0.000000
vt 0.254783 0.908732 0.000000
vt 0.258512 0.899890 0.000000
vt 0.250841 0.919583 0.000000
vt 0.240322 0.940661 0.000000
vt 0.283285 0.872824 0.000000
vt 0.268431 0.861181 0.000000
vt 0.244866 0.845124 0.000000
vt 0.254368 0.830253 0.000000
vt 0.264436 0.816138 0.000000
vt 0.247687 0.817063 0.000000
vt 0.239898 0.831384 0.000000
vt 0.231663 0.844499 0.000000
vt 0.271423 0.881757 0.000000
vt 0.262805 0.885350 0.000000
vt 0.245974 0.893867 0.000000
vt 0.238504 0.907336 0.000000
vt 0.238368 0.917148 0.000000
vt 0.248349 0.860440 0.000000
vt 0.236510 0.858334 0.000000
vt 0.257794 0.862968 0.000000
vt 0.251166 0.870192 0.000000
vt 0.236577 0.868170 0.000000
vt 0.263949 0.872612 0.000000
vt 0.248969 0.881024 0.000000
vt 0.229940 0.884324 0.000000
vt 0.223009 0.904468 0.000000
vt 0.221881 0.925349 0.000000
vt 0.223915 0.830025 0.000000
vt 0.233403 0.826426 0.000000
vt 0.223243 0.817899 0.000000
vt 0.234833 0.817184 0.000000
vt 0.232569 0.800891 0.000000
vt 0.222014 0.801087 0.000000
vt 0.189175 0.915280 0.000000
vt 0.191818 0.899543 0.000000
vt 0.193864 0.881135 0.000000
vt 0.198619 0.869315 0.000000
vt 0.202298 0.856743 0.000000
vt 0.199958 0.847827 0.000000
vt 0.197193 0.834557 0.000000
vt 0.193490 0.824739 0.000000
vt 0.190037 0.808202 0.000000
vt 0.152875 0.899067 0.000000
vt 0.152149 0.882377 0.000000
vt 0.151095 0.912669 0.000000
vt 0.150553 0.922804 0.000000
vt 0.156624 0.866971 0.000000
vt 0.157114 0.853689 0.000000
vt 0.157519 0.845633 0.000000
vt 0.156803 0.833393 0.000000
vt 0.156090 0.824887 0.000000
vt 0.127105 0.902096 0.000000
vt 0.126878 0.887776 0.000000
vt 0.134599 0.915393 0.000000
vt 0.129430 0.866477 0.000000
vt 0.129042 0.852504 0.000000
vt 0.124954 0.842827 0.000000
vt 0.127407 0.829124 0.000000
vt 0.136391 0.819403 0.000000
vt 0.139939 0.815351 0.000000
vt 0.128662 0.931704 0.000000
vt 0.122894 0.923710 0.000000
vt 0.114646 0.908338 0.000000
vt 0.111466 0.894244 0.000000
vt 0.101765 0.867522 0.000000
vt 0.103747 0.881231 0.000000
vt 0.107129 0.854978 0.000000
vt 0.104892 0.847994 0.000000
vt 0.054924 0.847753 0.000000
vt 0.055892 0.849860 0.000000
vt 0.116418 0.838081 0.000000
vt 0.120202 0.832411 0.000000
vt 0.025000 0.876557 0.000000
vt 0.101693 0.844766 0.000000
vt 0.097755 0.825162 0.000000
vt 0.105947 0.810501 0.000000
vt 0.116468 0.819303 0.000000
vt 0.106065 0.829906 0.000000
vt 0.100641 0.834297 0.000000
vt 0.094276 0.834051 0.000000
vt 0.084580 0.821378 0.000000
vt 0.091544 0.811116 0.000000
vt 0.084684 0.837759 0.000000
vt 0.079669 0.830662 0.000000
vt 0.078202 0.826479 0.000000
vt 0.082536 0.804067 0.000000
vt 0.092460 0.796613 0.000000
vt 0.075301 0.813465 0.000000
vt 0.076002 0.819984 0.000000
vt 0.074133 0.822649 0.000000
vt 0.070857 0.820406 0.000000
vt 0.070741 0.816717 0.000000
vt 0.126122 0.811210 0.000000
vt 0.023069 0.880368 0.000000
vt 0.130720 0.805149 0.000000
vt 0.015706 0.919487 0.000000
vt 0.119006 0.804020 0.000000
vt 0.123382 0.799152 0.000000
vt 0.112603 0.931232 0.000000
vt 0.117510 0.927400 0.000000
vt 0.122811 0.930879 0.000000
vt 0.118452 0.935199 0.000000
vt 0.108061 0.942215 0.000000
vt 0.101655 0.938417 0.000000
vt 0.112467 0.919832 0.000000
vt 0.103484 0.926988 0.000000
vt 0.079972 0.876678 0.000000
vt 0.086473 0.886604 0.000000
vt 0.076384 0.890713 0.000000
vt 0.073073 0.879465 0.000000
vt 0.060922 0.889161 0.000000
vt 0.062731 0.884021 0.000000
vt 0.066718 0.878986 0.000000
vt 0.060595 0.881052 0.000000
vt 0.078006 0.873051 0.000000
vt 0.105961 0.798185 0.000000
vt 0.100930 0.791582 0.000000
vt 0.104272 0.789171 0.000000
vt 0.111189 0.795563 0.000000
vt 0.107212 0.788153 0.000000
vt 0.096418 0.853730 0.000000
vt 0.096853 0.849639 0.000000
vt 0.113048 0.792926 0.000000
vt 0.097127 0.845818 0.000000
vt 0.090615 0.846902 0.000000
vt 0.090658 0.841380 0.000000
vt 0.095903 0.840329 0.000000
vt 0.101695 0.838689 0.000000
vt 0.075390 0.836732 0.000000
vt 0.074209 0.833914 0.000000
vt 0.076272 0.832158 0.000000
vt 0.078511 0.834345 0.000000
vt 0.080937 0.848671 0.000000
vt 0.077549 0.848304 0.000000
vt 0.056864 0.934394 0.000000
vt 0.059549 0.938223 0.000000
vt 0.054327 0.941644 0.000000
vt 0.052266 0.937769 0.000000
vt 0.055545 0.900028 0.000000
vt 0.055928 0.908629 0.000000
vt 0.061375 0.928392 0.000000
vt 0.067603 0.938441 0.000000
vt 0.082348 0.958659 0.000000
vt 0.086172 0.960887 0.000000
vt 0.085257 0.965165 0.000000
vt 0.080852 0.962549 0.000000
vt 0.080836 0.951061 0.000000
vt 0.089291 0.955529 0.000000
vt 0.095565 0.934618 0.000000
vt 0.095389 0.949965 0.000000
vt 0.088922 0.943858 0.000000
vt 0.077484 0.941886 0.000000
vt 0.947507 0.050970 0.000000
vt 0.954538 0.070970 0.000000
vt 0.946467 0.094261 0.000000
vt 0.955273 0.099251 0.000000
vt 0.962132 0.597383 0.000000
vt 0.964147 0.603285 0.000000
vt 0.952430 0.608818 0.000000
vt 0.952632 0.601805 0.000000
vt 0.973157 0.591706 0.000000
vt 0.974423 0.598499 0.000000
vt 0.958989 0.591319 0.000000
vt 0.969363 0.587597 0.000000
vt 0.978637 0.589724 0.000000
vt 0.979788 0.595635 0.000000
vt 0.977167 0.585709 0.000000
vt 0.984429 0.587404 0.000000
vt 0.988253 0.592212 0.000000
vt 0.985935 0.581362 0.000000
vt 0.993353 0.573188 0.000000
vt 0.990809 0.584099 0.000000
vt 0.077230 0.844050 0.000000
vt 0.982213 0.574381 0.000000
vt 0.984298 0.557377 0.000000
vt 0.962899 0.113200 0.000000
vt 0.997192 0.560705 0.000000
vt 0.955829 0.114005 0.000000
vt 0.974686 0.575380 0.000000
vt 0.974133 0.559825 0.000000
vt 0.966050 0.577017 0.000000
vt 0.962218 0.557665 0.000000
vt 0.968852 0.132444 0.000000
vt 0.961412 0.131043 0.000000
vt 0.977046 0.159311 0.000000
vt 0.967871 0.159649 0.000000
vt 0.981178 0.171636 0.000000
vt 0.971045 0.172071 0.000000
vt 0.982326 0.180521 0.000000
vt 0.975215 0.178799 0.000000
vt 0.979595 0.194953 0.000000
vt 0.969341 0.189288 0.000000
vt 0.972733 0.208153 0.000000
vt 0.962866 0.198589 0.000000
vt 0.954158 0.175862 0.000000
vt 0.946932 0.189049 0.000000
vt 0.951767 0.157845 0.000000
vt 0.951943 0.146098 0.000000
vt 0.939994 0.126500 0.000000
vt 0.940565 0.114404 0.000000
vt 0.938284 0.104730 0.000000
vt 0.941537 0.145755 0.000000
vt 0.940190 0.158458 0.000000
vt 0.937806 0.169386 0.000000
vt 0.930941 0.181273 0.000000
vt 0.923087 0.080856 0.000000
vt 0.925183 0.072846 0.000000
vt 0.820788 0.046466 0.000000
vt 0.833149 0.036505 0.000000
vt 0.856398 0.037757 0.000000
vt 0.865396 0.055271 0.000000
vt 0.779871 0.042105 0.000000
vt 0.788973 0.029083 0.000000
vt 0.750137 0.035688 0.000000
vt 0.842194 0.025288 0.000000
vt 0.791236 0.017455 0.000000
vt 0.839497 0.010095 0.000000
vt 0.713463 0.042492 0.000000
vt 0.702642 0.026170 0.000000
vt 0.748691 0.019610 0.000000
vt 0.753895 0.212539 0.000000
vt 0.723126 0.199280 0.000000
vt 0.893138 0.069320 0.000000
vt 0.884244 0.083498 0.000000
vt 0.854822 0.070996 0.000000
vt 0.815951 0.062922 0.000000
vt 0.773312 0.054861 0.000000
vt 0.746213 0.050784 0.000000
vt 0.918921 0.165126 0.000000
vt 0.911188 0.171268 0.000000
vt 0.919284 0.156592 0.000000
vt 0.914283 0.145350 0.000000
vt 0.916982 0.134269 0.000000
vt 0.913966 0.117420 0.000000
vt 0.909327 0.104720 0.000000
vt 0.881273 0.094884 0.000000
vt 0.901771 0.160175 0.000000
vt 0.902990 0.153243 0.000000
vt 0.902851 0.146508 0.000000
vt 0.901734 0.137599 0.000000
vt 0.898738 0.119111 0.000000
vt 0.884227 0.144042 0.000000
vt 0.882352 0.122364 0.000000
vt 0.879599 0.109296 0.000000
vt 0.893663 0.107952 0.000000
vt 0.880986 0.156059 0.000000
vt 0.855965 0.153679 0.000000
vt 0.860702 0.138289 0.000000
vt 0.856719 0.115023 0.000000
vt 0.857168 0.091587 0.000000
vt 0.839472 0.139213 0.000000
vt 0.841715 0.160932 0.000000
vt 0.803850 0.152478 0.000000
vt 0.809200 0.135130 0.000000
vt 0.865517 0.248109 0.000000
vt 0.878788 0.248614 0.000000
vt 0.877810 0.261903 0.000000
vt 0.863077 0.263999 0.000000
vt 0.862615 0.227192 0.000000
vt 0.872630 0.228002 0.000000
vt 0.856269 0.201346 0.000000
vt 0.867895 0.200516 0.000000
vt 0.844665 0.182840 0.000000
vt 0.871412 0.013493 0.000000
vt 0.953692 0.584979 0.000000
vt 0.875130 0.001152 0.000000
vt 0.953846 0.569381 0.000000
vt 0.866409 0.001807 0.000000
vt 0.854700 0.175769 0.000000
vt 0.831905 0.170621 0.000000
vt 0.801602 0.166440 0.000000
vt 0.785020 0.244270 0.000000
vt 0.861252 0.017219 0.000000
vt 0.838544 0.240246 0.000000
vt 0.840647 0.203389 0.000000
vt 0.838498 0.223285 0.000000
vt 0.808881 0.214020 0.000000
vt 0.796628 0.229585 0.000000
vt 0.771321 0.198854 0.000000
vt 0.741831 0.188064 0.000000
vt 0.785502 0.187097 0.000000
vt 0.825210 0.196522 0.000000
vt 0.747662 0.177982 0.000000
vt 0.795328 0.178628 0.000000
vt 0.748866 0.166134 0.000000
vt 0.754546 0.155722 0.000000
vt 0.758687 0.144543 0.000000
vt 0.729189 0.188561 0.000000
vt 0.738586 0.182704 0.000000
vt 0.741453 0.176923 0.000000
vt 0.738690 0.168705 0.000000
vt 0.731466 0.176277 0.000000
vt 0.728881 0.161146 0.000000
vt 0.707210 0.195603 0.000000
vt 0.709874 0.186676 0.000000
vt 0.691498 0.203580 0.000000
vt 0.705389 0.164308 0.000000
vt 0.708157 0.177386 0.000000
vt 0.693261 0.163672 0.000000
vt 0.699469 0.149138 0.000000
vt 0.731205 0.155652 0.000000
vt 0.731093 0.143212 0.000000
vt 0.733964 0.132596 0.000000
vt 0.703753 0.143268 0.000000
vt 0.708140 0.135272 0.000000
vt 0.692676 0.188216 0.000000
vt 0.691189 0.178089 0.000000
vt 0.762887 0.126546 0.000000
vt 0.734789 0.118177 0.000000
vt 0.712386 0.127639 0.000000
vt 0.712371 0.114850 0.000000
vt 0.714789 0.053886 0.000000
vt 0.732335 0.074017 0.000000
vt 0.714072 0.073176 0.000000
vt 0.771481 0.085470 0.000000
vt 0.816298 0.088644 0.000000
vt 0.713579 0.103769 0.000000
vt 0.726137 0.103375 0.000000
vt 0.742357 0.105314 0.000000
vt 0.767730 0.112091 0.000000
vt 0.728753 0.089466 0.000000
vt 0.727110 0.081270 0.000000
vt 0.736581 0.091778 0.000000
vt 0.712492 0.080390 0.000000
vt 0.723279 0.097572 0.000000
vt 0.713519 0.097914 0.000000
vt 0.714117 0.089591 0.000000
vt 0.679587 0.105057 0.000000
vt 0.664653 0.089977 0.000000
vt 0.672711 0.077923 0.000000
vt 0.700544 0.071439 0.000000
vt 0.693160 0.111882 0.000000
vt 0.705522 0.115702 0.000000
vt 0.705143 0.056035 0.000000
vt 0.680910 0.063427 0.000000
vt 0.702382 0.124323 0.000000
vt 0.692947 0.129226 0.000000
vt 0.688099 0.137746 0.000000
vt 0.685364 0.143801 0.000000
vt 0.674518 0.160950 0.000000
vt 0.672586 0.123082 0.000000
vt 0.670154 0.133397 0.000000
vt 0.668172 0.140391 0.000000
vt 0.661889 0.159439 0.000000
vt 0.702077 0.043836 0.000000
vt 0.684465 0.044957 0.000000
vt 0.678723 0.026904 0.000000
vt 0.673193 0.187868 0.000000
vt 0.675559 0.177216 0.000000
vt 0.669584 0.051955 0.000000
vt 0.663330 0.027326 0.000000
vt 0.657317 0.189640 0.000000
vt 0.657815 0.175476 0.000000
vt 0.634918 0.085810 0.000000
vt 0.635417 0.070547 0.000000
vt 0.637270 0.052432 0.000000
vt 0.637169 0.100346 0.000000
vt 0.636290 0.116701 0.000000
vt 0.637223 0.129545 0.000000
vt 0.638136 0.140951 0.000000
vt 0.636230 0.157371 0.000000
vt 0.632329 0.174839 0.000000
vt 0.629665 0.191673 0.000000
vt 0.631156 0.210457 0.000000
vt 0.600316 0.189065 0.000000
vt 0.604158 0.171945 0.000000
vt 0.607625 0.154154 0.000000
vt 0.608199 0.141716 0.000000
vt 0.606574 0.127415 0.000000
vt 0.609469 0.114011 0.000000
vt 0.607655 0.099587 0.000000
vt 0.607289 0.085456 0.000000
vt 0.606463 0.069266 0.000000
vt 0.603815 0.052538 0.000000
vt 0.601456 0.033810 0.000000
vt 0.561787 0.182653 0.000000
vt 0.566288 0.165222 0.000000
vt 0.568241 0.151156 0.000000
vt 0.569836 0.139067 0.000000
vt 0.570564 0.126774 0.000000
vt 0.570244 0.112191 0.000000
vt 0.568912 0.100033 0.000000
vt 0.569043 0.087136 0.000000
vt 0.565380 0.072178 0.000000
vt 0.563337 0.056164 0.000000
vt 0.562773 0.042919 0.000000
vt 0.519425 0.159487 0.000000
vt 0.519527 0.173935 0.000000
vt 0.518580 0.185660 0.000000
vt 0.519708 0.061298 0.000000
vt 0.517908 0.071660 0.000000
vt 0.516599 0.083617 0.000000
vt 0.517868 0.098578 0.000000
vt 0.518596 0.110446 0.000000
vt 0.519003 0.123551 0.000000
vt 0.521322 0.137136 0.000000
vt 0.520528 0.147798 0.000000
vt 0.466146 0.109748 0.000000
vt 0.471703 0.092634 0.000000
vt 0.495475 0.096677 0.000000
vt 0.492841 0.109924 0.000000
vt 0.490784 0.123688 0.000000
vt 0.462845 0.128019 0.000000
vt 0.728731 0.526545 0.000000
vt 0.727535 0.531408 0.000000
vt 0.324819 0.133739 0.000000
vt 0.342080 0.135001 0.000000
vt 0.489023 0.138575 0.000000
vt 0.460244 0.141994 0.000000
vt 0.485188 0.151354 0.000000
vt 0.453101 0.159498 0.000000
vt 0.486007 0.161586 0.000000
vt 0.455887 0.170539 0.000000
vt 0.490152 0.173155 0.000000
vt 0.463193 0.179767 0.000000
vt 0.499141 0.185906 0.000000
vt 0.483882 0.187916 0.000000
vt 0.502231 0.057009 0.000000
vt 0.487739 0.048710 0.000000
vt 0.500290 0.071105 0.000000
vt 0.482110 0.067233 0.000000
vt 0.477507 0.078196 0.000000
vt 0.497420 0.081994 0.000000
vt 0.417253 0.088981 0.000000
vt 0.420719 0.064783 0.000000
vt 0.445142 0.054267 0.000000
vt 0.429548 0.109767 0.000000
vt 0.439503 0.130579 0.000000
vt 0.469515 0.039619 0.000000
vt 0.439759 0.041091 0.000000
vt 0.456498 0.027423 0.000000
vt 0.378956 0.062208 0.000000
vt 0.480640 0.010135 0.000000
vt 0.447157 0.173926 0.000000
vt 0.324231 0.116346 0.000000
vt 0.340533 0.119286 0.000000
vt 0.352702 0.130048 0.000000
vt 0.353953 0.120788 0.000000
vt 0.371274 0.127898 0.000000
vt 0.367589 0.120416 0.000000
vt 0.537228 0.470385 0.000000
vt 0.547085 0.470054 0.000000
vt 0.545437 0.481853 0.000000
vt 0.536483 0.478834 0.000000
vt 0.530505 0.491138 0.000000
vt 0.557171 0.471424 0.000000
vt 0.553129 0.483283 0.000000
vt 0.630823 0.272592 0.000000
vt 0.171600 0.672569 0.000000
vt 0.175390 0.666988 0.000000
vt 0.176811 0.668307 0.000000
vt 0.178855 0.664588 0.000000
vt 0.179702 0.665755 0.000000
vt 0.173295 0.673352 0.000000
vt 0.173324 0.679789 0.000000
vt 0.174691 0.682409 0.000000
vt 0.177760 0.684132 0.000000
vt 0.176692 0.683014 0.000000
vt 0.180355 0.675244 0.000000
vt 0.182285 0.679494 0.000000
vt 0.178194 0.679412 0.000000
vt 0.175055 0.674786 0.000000
vt 0.179551 0.669124 0.000000
vt 0.244128 0.613565 0.000000
vt 0.248869 0.610141 0.000000
vt 0.240430 0.614781 0.000000
vt 0.235939 0.614508 0.000000
vt 0.230092 0.614723 0.000000
vt 0.216059 0.614275 0.000000
vt 0.208673 0.614865 0.000000
vt 0.191534 0.606358 0.000000
vt 0.235735 0.607247 0.000000
vt 0.239445 0.600477 0.000000
vt 0.227743 0.604059 0.000000
vt 0.232846 0.594711 0.000000
vt 0.218070 0.597895 0.000000
vt 0.226517 0.589960 0.000000
vt 0.184344 0.621767 0.000000
vt 0.181670 0.633629 0.000000
vt 0.281606 0.696292 0.000000
vt 0.287447 0.716904 0.000000
vt 0.310202 0.709459 0.000000
vt 0.299639 0.688160 0.000000
vt 0.274380 0.687811 0.000000
vt 0.283601 0.690151 0.000000
vt 0.290303 0.679141 0.000000
vt 0.293994 0.682761 0.000000
vt 0.288671 0.680377 0.000000
vt 0.276472 0.679306 0.000000
vt 0.281036 0.683435 0.000000
vt 0.269516 0.679408 0.000000
vt 0.303008 0.673519 0.000000
vt 0.297221 0.675573 0.000000
vt 0.296854 0.661612 0.000000
vt 0.292175 0.667360 0.000000
vt 0.278624 0.656582 0.000000
vt 0.299700 0.655259 0.000000
vt 0.280912 0.661686 0.000000
vt 0.270155 0.657595 0.000000
vt 0.274053 0.665713 0.000000
vt 0.264233 0.668177 0.000000
vt 0.270014 0.673195 0.000000
vt 0.277216 0.675074 0.000000
vt 0.288436 0.678266 0.000000
vt 0.285909 0.679258 0.000000
vt 0.289466 0.678003 0.000000
vt 0.289366 0.675765 0.000000
vt 0.292261 0.676312 0.000000
vt 0.287854 0.670075 0.000000
vt 0.291403 0.673488 0.000000
vt 0.282027 0.679224 0.000000
vt 0.284184 0.676732 0.000000
vt 0.281825 0.670246 0.000000
vt 0.286112 0.675597 0.000000
vt 0.273301 0.641803 0.000000
vt 0.266829 0.651864 0.000000
vt 0.264110 0.655290 0.000000
vt 0.263391 0.660998 0.000000
vt 0.262389 0.664610 0.000000
vt 0.263126 0.648113 0.000000
vt 0.260439 0.647302 0.000000
vt 0.264356 0.644883 0.000000
vt 0.259346 0.644721 0.000000
vt 0.262522 0.641291 0.000000
vt 0.260260 0.635934 0.000000
vt 0.260569 0.628700 0.000000
vt 0.265758 0.626455 0.000000
vt 0.265633 0.634126 0.000000
vt 0.273159 0.630006 0.000000
vt 0.271917 0.623900 0.000000
vt 0.620350 0.300678 0.000000
vt 0.257709 0.619692 0.000000
vt 0.261487 0.617730 0.000000
vt 0.268648 0.616213 0.000000
vt 0.274030 0.614571 0.000000
vt 0.278419 0.621218 0.000000
vt 0.311972 0.678366 0.000000
vt 0.313119 0.668390 0.000000
vt 0.315013 0.660795 0.000000
vt 0.321266 0.604503 0.000000
vt 0.404718 0.834003 0.000000
vt 0.304940 0.598980 0.000000
vt 0.304502 0.595251 0.000000
vt 0.286570 0.601680 0.000000
vt 0.295872 0.598405 0.000000
vt 0.298692 0.612736 0.000000
vt 0.292096 0.611822 0.000000
vt 0.277404 0.605357 0.000000
vt 0.283043 0.612885 0.000000
vt 0.406769 0.829773 0.000000
vt 0.429129 0.836002 0.000000
vt 0.269543 0.607875 0.000000
vt 0.261830 0.611912 0.000000
vt 0.257873 0.613123 0.000000
vt 0.424236 0.840532 0.000000
vt 0.081323 0.936655 0.000000
vt 0.254067 0.614537 0.000000
vt 0.321927 0.670556 0.000000
vt 0.088815 0.928400 0.000000
vt 0.410933 0.863028 0.000000
vt 0.399628 0.859715 0.000000
vt 0.320714 0.681508 0.000000
vt 0.304728 0.688211 0.000000
vt 0.308057 0.690093 0.000000
vt 0.319743 0.719580 0.000000
vt 0.318734 0.698814 0.000000
vt 0.333610 0.730413 0.000000
vt 0.336514 0.714947 0.000000
vt 0.100384 0.918041 0.000000
vt 0.436024 0.831411 0.000000
vt 0.429837 0.879126 0.000000
vt 0.443728 0.894683 0.000000
vt 0.458210 0.909832 0.000000
vt 0.465708 0.925628 0.000000
vt 0.469092 0.893433 0.000000
vt 0.480972 0.909021 0.000000
vt 0.497231 0.903843 0.000000
vt 0.303676 0.737784 0.000000
vt 0.092607 0.912315 0.000000
vt 0.496746 0.893762 0.000000
vt 0.328851 0.752555 0.000000
vt 0.508633 0.857564 0.000000
vt 0.488193 0.855505 0.000000
vt 0.482788 0.843516 0.000000
vt 0.509777 0.838644 0.000000
vt 0.481427 0.836784 0.000000
vt 0.454831 0.846194 0.000000
vt 0.450543 0.840503 0.000000
vt 0.438015 0.822990 0.000000
vt 0.443551 0.813814 0.000000
vt 0.476523 0.830429 0.000000
vt 0.508413 0.825078 0.000000
vt 0.513043 0.823173 0.000000
vt 0.515769 0.832991 0.000000
vt 0.508526 0.822970 0.000000
vt 0.526650 0.822888 0.000000
vt 0.522957 0.825096 0.000000
vt 0.538046 0.866484 0.000000
vt 0.530787 0.867602 0.000000
vt 0.529016 0.854803 0.000000
vt 0.535942 0.853388 0.000000
vt 0.538293 0.866445 0.000000
vt 0.489874 0.862179 0.000000
vt 0.510337 0.869312 0.000000
vt 0.506453 0.892467 0.000000
vt 0.485722 0.871898 0.000000
vt 0.506733 0.881126 0.000000
vt 0.504199 0.903960 0.000000
vt 0.546936 0.896223 0.000000
vt 0.542651 0.898806 0.000000
vt 0.540064 0.890230 0.000000
vt 0.545031 0.887809 0.000000
vt 0.597766 0.301843 0.000000
vt 0.599141 0.272670 0.000000
vt 0.671977 0.276069 0.000000
vt 0.488217 0.924881 0.000000
vt 0.498107 0.924880 0.000000
vt 0.504203 0.941792 0.000000
vt 0.489685 0.942021 0.000000
vt 0.478763 0.931938 0.000000
vt 0.496417 0.918732 0.000000
vt 0.660651 0.286869 0.000000
vt 0.635761 0.291479 0.000000
vt 0.656878 0.269994 0.000000
vt 0.744342 0.288270 0.000000
vt 0.739586 0.298699 0.000000
vt 0.731285 0.296540 0.000000
vt 0.737921 0.284577 0.000000
vt 0.323940 0.324742 0.000000
vt 0.323913 0.303091 0.000000
vt 0.319556 0.271334 0.000000
vt 0.308848 0.231961 0.000000
vt 0.730026 0.319571 0.000000
vt 0.744935 0.301935 0.000000
vt 0.734123 0.320017 0.000000
vt 0.730091 0.332244 0.000000
vt 0.735822 0.332136 0.000000
vt 0.713631 0.318998 0.000000
vt 0.686328 0.280189 0.000000
vt 0.675693 0.295242 0.000000
vt 0.744493 0.274405 0.000000
vt 0.746294 0.264241 0.000000
vt 0.753737 0.266789 0.000000
vt 0.749304 0.277245 0.000000
vt 0.690135 0.263903 0.000000
vt 0.694499 0.266002 0.000000
vt 0.674529 0.256264 0.000000
vt 0.643747 0.247704 0.000000
vt 0.609091 0.248835 0.000000
vt 0.574669 0.269737 0.000000
vt 0.578703 0.241231 0.000000
vt 0.556161 0.301706 0.000000
vt 0.671815 0.318649 0.000000
vt 0.715489 0.293998 0.000000
vt 0.653730 0.316351 0.000000
vt 0.638177 0.317269 0.000000
vt 0.615977 0.315721 0.000000
vt 0.593124 0.314053 0.000000
vt 0.557743 0.312760 0.000000
vt 0.517917 0.319925 0.000000
vt 0.515091 0.303672 0.000000
vt 0.555678 0.265451 0.000000
vt 0.538498 0.285388 0.000000
vt 0.517315 0.291591 0.000000
vt 0.517223 0.282188 0.000000
vt 0.492901 0.291409 0.000000
vt 0.498038 0.305594 0.000000
vt 0.473990 0.299796 0.000000
vt 0.384570 0.057448 0.000000
vt 0.480912 0.311328 0.000000
vt 0.442547 0.162212 0.000000
vt 0.537792 0.260976 0.000000
vt 0.375588 0.061272 0.000000
vt 0.431152 0.139732 0.000000
vt 0.411263 0.112390 0.000000
vt 0.391720 0.096247 0.000000
vt 0.378842 0.077490 0.000000
vt 0.925707 0.025445 0.000000
vt 0.382607 0.087210 0.000000
vt 0.409197 0.047813 0.000000
vt 0.887233 0.037684 0.000000
vt 0.382642 0.054396 0.000000
vt 0.374832 0.078477 0.000000
vt 0.912730 0.029444 0.000000
vt 0.555771 0.243111 0.000000
vt 0.541474 0.239673 0.000000
vt 0.610301 0.221270 0.000000
vt 0.643942 0.221963 0.000000
vt 0.379262 0.089152 0.000000
vt 0.386807 0.100243 0.000000
vt 0.406350 0.116597 0.000000
vt 0.425752 0.142458 0.000000
vt 0.434977 0.165287 0.000000
vt 0.439234 0.177120 0.000000
vt 0.444528 0.189356 0.000000
vt 0.451193 0.017997 0.000000
vt 0.406903 0.043705 0.000000
vt 0.899313 0.032747 0.000000
vt 0.435228 0.027810 0.000000
vt 0.043287 0.071823 0.000000
vt 0.026872 0.070317 0.000000
vt 0.032069 0.051817 0.000000
vt 0.045280 0.061352 0.000000
vt 0.109476 0.372396 0.000000
vt 0.094194 0.381814 0.000000
vt 0.095802 0.373565 0.000000
vt 0.080999 0.386724 0.000000
vt 0.082670 0.376465 0.000000
vt 0.066058 0.385517 0.000000
vt 0.070635 0.376147 0.000000
vt 0.050063 0.380644 0.000000
vt 0.063168 0.371403 0.000000
vt 0.049934 0.398558 0.000000
vt 0.065423 0.400683 0.000000
vt 0.081406 0.398011 0.000000
vt 0.093948 0.397504 0.000000
vt 0.106038 0.399110 0.000000
vt 0.116989 0.399787 0.000000
vt 0.119512 0.370702 0.000000
vt 0.129221 0.399777 0.000000
vt 0.132333 0.370897 0.000000
vt 0.142352 0.401639 0.000000
vt 0.146680 0.373377 0.000000
vt 0.162021 0.397010 0.000000
vt 0.164013 0.378050 0.000000
vt 0.170249 0.410435 0.000000
vt 0.172094 0.380120 0.000000
vt 0.035141 0.392999 0.000000
vt 0.037681 0.372999 0.000000
vt 0.045827 0.431447 0.000000
vt 0.064707 0.432017 0.000000
vt 0.079596 0.433680 0.000000
vt 0.091889 0.434900 0.000000
vt 0.102433 0.436329 0.000000
vt 0.114716 0.438133 0.000000
vt 0.123206 0.441149 0.000000
vt 0.134999 0.441849 0.000000
vt 0.148064 0.445839 0.000000
vt 0.162638 0.447850 0.000000
vt 0.034269 0.430279 0.000000
vt 0.058502 0.493324 0.000000
vt 0.051072 0.491797 0.000000
vt 0.038577 0.488963 0.000000
vt 0.028258 0.488053 0.000000
vt 0.142424 0.500715 0.000000
vt 0.129027 0.499127 0.000000
vt 0.112566 0.498870 0.000000
vt 0.102172 0.501573 0.000000
vt 0.091185 0.502660 0.000000
vt 0.079574 0.499466 0.000000
vt 0.070207 0.496404 0.000000
vt 0.095733 0.545172 0.000000
vt 0.097624 0.522978 0.000000
vt 0.111129 0.522856 0.000000
vt 0.111548 0.545143 0.000000
vt 0.079589 0.545335 0.000000
vt 0.087578 0.522183 0.000000
vt 0.065970 0.546673 0.000000
vt 0.077793 0.510218 0.000000
vt 0.060149 0.554448 0.000000
vt 0.067232 0.502031 0.000000
vt 0.045224 0.543182 0.000000
vt 0.059171 0.501319 0.000000
vt 0.029087 0.533298 0.000000
vt 0.048934 0.500577 0.000000
vt 0.026659 0.520914 0.000000
vt 0.039919 0.495533 0.000000
vt 0.021366 0.519296 0.000000
vt 0.025807 0.502940 0.000000
vt 0.144176 0.540943 0.000000
vt 0.141145 0.518752 0.000000
vt 0.131877 0.544089 0.000000
vt 0.128292 0.523465 0.000000
vt 0.124012 0.592120 0.000000
vt 0.145754 0.587424 0.000000
vt 0.151938 0.559601 0.000000
vt 0.103753 0.579436 0.000000
vt 0.078837 0.568617 0.000000
vt 0.163650 0.541244 0.000000
vt 0.163676 0.565824 0.000000
vt 0.176455 0.545956 0.000000
vt 0.032811 0.547553 0.000000
vt 0.042273 0.553425 0.000000
vt 0.054700 0.567382 0.000000
vt 0.080128 0.581011 0.000000
vt 0.101349 0.598319 0.000000
vt 0.118078 0.619288 0.000000
vt 0.915542 0.042255 0.000000
vt 0.901810 0.039349 0.000000
vt 0.138368 0.631148 0.000000
vt 0.153835 0.629272 0.000000
vt 0.580074 0.219938 0.000000
vt 0.127958 0.628604 0.000000
vt 0.161634 0.598388 0.000000
vt 0.158673 0.623598 0.000000
vt 0.138118 0.635805 0.000000
vt 0.156299 0.632778 0.000000
vt 0.126021 0.632379 0.000000
vt 0.113940 0.624456 0.000000
vt 0.985817 0.640469 0.000000
vt 0.993414 0.639565 0.000000
vt 0.097094 0.603343 0.000000
vt 0.078968 0.587132 0.000000
vt 0.051658 0.575765 0.000000
vt 0.032626 0.569333 0.000000
vt 0.019087 0.560848 0.000000
vt 0.001718 0.547126 0.000000
vt 0.161732 0.624748 0.000000
vt 0.166501 0.598344 0.000000
vt 0.176496 0.568801 0.000000
vt 0.255490 0.124584 0.000000
vt 0.265604 0.120826 0.000000
vt 0.267193 0.128121 0.000000
vt 0.270590 0.137299 0.000000
vt 0.256249 0.116558 0.000000
vt 0.263811 0.115457 0.000000
vt 0.252652 0.102457 0.000000
vt 0.265002 0.102914 0.000000
vt 0.050822 0.042297 0.000000
vt 0.047815 0.052026 0.000000
vt 0.037966 0.089144 0.000000
vt 0.046367 0.072400 0.000000
vt 0.049455 0.088971 0.000000
vt 0.047944 0.062126 0.000000
vt 0.050239 0.053724 0.000000
vt 0.060339 0.041847 0.000000
vt 0.064110 0.062479 0.000000
vt 0.062784 0.065841 0.000000
vt 0.060805 0.070849 0.000000
vt 0.062409 0.053998 0.000000
vt 0.070100 0.020783 0.000000
vt 0.084075 0.052799 0.000000
vt 0.083470 0.062152 0.000000
vt 0.082137 0.069582 0.000000
vt 0.074257 0.075722 0.000000
vt 0.066417 0.076781 0.000000
vt 0.063649 0.090387 0.000000
vt 0.029117 0.099367 0.000000
vt 0.051782 0.100245 0.000000
vt 0.044350 0.105485 0.000000
vt 0.060255 0.102591 0.000000
vt 0.031399 0.110020 0.000000
vt 0.081260 0.042399 0.000000
vt 0.087145 0.064298 0.000000
vt 0.087676 0.057460 0.000000
vt 0.085001 0.091274 0.000000
vt 0.075856 0.093494 0.000000
vt 0.078676 0.110264 0.000000
vt 0.090909 0.113784 0.000000
vt 0.087217 0.072353 0.000000
vt 0.089292 0.090678 0.000000
vt 0.097590 0.107155 0.000000
vt 0.098832 0.081503 0.000000
vt 0.103112 0.094275 0.000000
vt 0.097443 0.072924 0.000000
vt 0.099135 0.065182 0.000000
vt 0.099528 0.056952 0.000000
vt 0.092309 0.047638 0.000000
vt 0.096531 0.042705 0.000000
vt 0.108374 0.039904 0.000000
vt 0.116260 0.054188 0.000000
vt 0.122812 0.065427 0.000000
vt 0.125884 0.075645 0.000000
vt 0.117547 0.083673 0.000000
vt 0.114742 0.096312 0.000000
vt 0.125845 0.087769 0.000000
vt 0.122067 0.096778 0.000000
vt 0.117636 0.103009 0.000000
vt 0.113988 0.101730 0.000000
vt 0.109115 0.101602 0.000000
vt 0.104023 0.103298 0.000000
vt 0.111617 0.107185 0.000000
vt 0.277224 0.182551 0.000000
vt 0.100188 0.108549 0.000000
vt 0.111243 0.113494 0.000000
vt 0.104392 0.108290 0.000000
vt 0.102886 0.108516 0.000000
vt 0.100377 0.111034 0.000000
vt 0.100429 0.115880 0.000000
vt 0.102984 0.127172 0.000000
vt 0.102726 0.113780 0.000000
vt 0.109344 0.120264 0.000000
vt 0.104056 0.111299 0.000000
vt 0.110505 0.117742 0.000000
vt 0.115363 0.108857 0.000000
vt 0.113590 0.114113 0.000000
vt 0.111777 0.118579 0.000000
vt 0.110641 0.120327 0.000000
vt 0.110727 0.128229 0.000000
vt 0.084037 0.130638 0.000000
vt 0.016636 0.113364 0.000000
vt 0.003491 0.120868 0.000000
vt 0.256970 0.153703 0.000000
vt 0.244263 0.144607 0.000000
vt 0.241898 0.112376 0.000000
vt 0.239987 0.121962 0.000000
vt 0.228123 0.138398 0.000000
vt 0.217632 0.135617 0.000000
vt 0.215501 0.123868 0.000000
vt 0.213654 0.115240 0.000000
vt 0.218555 0.102852 0.000000
vt 0.239423 0.096618 0.000000
vt 0.202739 0.105294 0.000000
vt 0.212912 0.099792 0.000000
vt 0.215020 0.088522 0.000000
vt 0.233501 0.089299 0.000000
vt 0.211817 0.089155 0.000000
vt 0.200031 0.090124 0.000000
vt 0.210969 0.073452 0.000000
vt 0.221002 0.070241 0.000000
vt 0.207618 0.074628 0.000000
vt 0.206796 0.058386 0.000000
vt 0.202678 0.048012 0.000000
vt 0.203023 0.061190 0.000000
vt 0.193656 0.049057 0.000000
vt 0.177876 0.032416 0.000000
vt 0.180571 0.027179 0.000000
vt 0.158333 0.023824 0.000000
vt 0.159461 0.018352 0.000000
vt 0.148139 0.020647 0.000000
vt 0.150211 0.010855 0.000000
vt 0.133523 0.020825 0.000000
vt 0.135091 0.005327 0.000000
vt 0.120261 0.034891 0.000000
vt 0.112147 0.009108 0.000000
vt 0.131212 0.052947 0.000000
vt 0.131815 0.065767 0.000000
vt 0.131959 0.075275 0.000000
vt 0.133600 0.045036 0.000000
vt 0.138249 0.034702 0.000000
vt 0.148466 0.035099 0.000000
vt 0.155997 0.036532 0.000000
vt 0.167373 0.048179 0.000000
vt 0.180112 0.051858 0.000000
vt 0.194559 0.065820 0.000000
vt 0.198162 0.077803 0.000000
vt 0.194591 0.079728 0.000000
vt 0.194329 0.075623 0.000000
vt 0.197853 0.090581 0.000000
vt 0.192634 0.076625 0.000000
vt 0.190682 0.070940 0.000000
vt 0.191897 0.079672 0.000000
vt 0.188547 0.078027 0.000000
vt 0.188776 0.090992 0.000000
vt 0.185610 0.089424 0.000000
vt 0.200566 0.103524 0.000000
vt 0.187037 0.096560 0.000000
vt 0.183353 0.096314 0.000000
vt 0.194995 0.104266 0.000000
vt 0.190575 0.103999 0.000000
vt 0.199964 0.113857 0.000000
vt 0.209736 0.120097 0.000000
vt 0.189054 0.113750 0.000000
vt 0.180730 0.112307 0.000000
vt 0.176475 0.110511 0.000000
vt 0.192750 0.059432 0.000000
vt 0.190797 0.055850 0.000000
vt 0.191022 0.062641 0.000000
vt 0.185444 0.056749 0.000000
vt 0.184895 0.068171 0.000000
vt 0.180903 0.075200 0.000000
vt 0.176394 0.086434 0.000000
vt 0.174137 0.093487 0.000000
vt 0.168164 0.107183 0.000000
vt 0.178864 0.063937 0.000000
vt 0.172584 0.061490 0.000000
vt 0.173030 0.072892 0.000000
vt 0.161934 0.071905 0.000000
vt 0.166181 0.085058 0.000000
vt 0.154368 0.084006 0.000000
vt 0.163014 0.093952 0.000000
vt 0.151165 0.093252 0.000000
vt 0.159319 0.105839 0.000000
vt 0.147489 0.104374 0.000000
vt 0.209524 0.125615 0.000000
vt 0.207754 0.136406 0.000000
vt 0.198513 0.124212 0.000000
vt 0.196532 0.135645 0.000000
vt 0.188039 0.123857 0.000000
vt 0.186632 0.134171 0.000000
vt 0.175851 0.121110 0.000000
vt 0.172289 0.132129 0.000000
vt 0.171043 0.119635 0.000000
vt 0.165191 0.129927 0.000000
vt 0.163483 0.118329 0.000000
vt 0.159194 0.128032 0.000000
vt 0.155936 0.116635 0.000000
vt 0.151821 0.125597 0.000000
vt 0.144058 0.114813 0.000000
vt 0.144310 0.126261 0.000000
vt 0.144530 0.047796 0.000000
vt 0.142214 0.057304 0.000000
vt 0.140297 0.065209 0.000000
vt 0.140711 0.074805 0.000000
vt 0.150775 0.050326 0.000000
vt 0.160509 0.056752 0.000000
vt 0.154280 0.065763 0.000000
vt 0.148592 0.059483 0.000000
vt 0.148631 0.077326 0.000000
vt 0.145644 0.067011 0.000000
vt 0.128506 0.082476 0.000000
vt 0.133232 0.081404 0.000000
vt 0.139419 0.083878 0.000000
vt 0.146167 0.086146 0.000000
vt 0.140852 0.102789 0.000000
vt 0.133010 0.098599 0.000000
vt 0.130396 0.091029 0.000000
vt 0.138464 0.115676 0.000000
vt 0.127080 0.109924 0.000000
vt 0.124361 0.105151 0.000000
vt 0.138108 0.118302 0.000000
vt 0.125809 0.112359 0.000000
vt 0.122473 0.115994 0.000000
vt 0.121026 0.106746 0.000000
vt 0.118261 0.110491 0.000000
vt 0.116336 0.114961 0.000000
vt 0.120530 0.119656 0.000000
vt 0.114428 0.123675 0.000000
vt 0.117981 0.123478 0.000000
vt 0.114066 0.137019 0.000000
vt 0.106433 0.136909 0.000000
vt 0.084757 0.149522 0.000000
vt 0.065798 0.122515 0.000000
vt 0.072641 0.145967 0.000000
vt 0.049763 0.122193 0.000000
vt 0.044079 0.121305 0.000000
vt 0.033389 0.121159 0.000000
vt 0.133603 0.127979 0.000000
vt 0.129819 0.133944 0.000000
vt 0.127962 0.151590 0.000000
vt 0.131999 0.171506 0.000000
vt 0.116239 0.169784 0.000000
vt 0.111165 0.169268 0.000000
vt 0.086431 0.170355 0.000000
vt 0.072719 0.175702 0.000000
vt 0.113808 0.189900 0.000000
vt 0.086159 0.190627 0.000000
vt 0.064221 0.164819 0.000000
vt 0.064731 0.143855 0.000000
vt 0.061939 0.133205 0.000000
vt 0.055417 0.133004 0.000000
vt 0.055423 0.143234 0.000000
vt 0.047993 0.143446 0.000000
vt 0.056398 0.162701 0.000000
vt 0.050075 0.173624 0.000000
vt 0.041937 0.142228 0.000000
vt 0.032931 0.141342 0.000000
vt 0.018368 0.122856 0.000000
vt 0.020500 0.142128 0.000000
vt 0.003181 0.129388 0.000000
vt 0.005405 0.144466 0.000000
vt 0.039586 0.171236 0.000000
vt 0.027340 0.173228 0.000000
vt 0.015679 0.171785 0.000000
vt 0.069180 0.189593 0.000000
vt 0.053518 0.190499 0.000000
vt 0.039796 0.190113 0.000000
vt 0.028046 0.190499 0.000000
vt 0.014075 0.189826 0.000000
vt 0.120105 0.189179 0.000000
vt 0.133161 0.190965 0.000000
vt 0.252057 0.166001 0.000000
vt 0.247357 0.179483 0.000000
vt 0.238236 0.161128 0.000000
vt 0.230743 0.177006 0.000000
vt 0.227012 0.156014 0.000000
vt 0.221843 0.175443 0.000000
vt 0.219450 0.157196 0.000000
vt 0.218805 0.174414 0.000000
vt 0.206007 0.155884 0.000000
vt 0.205333 0.173260 0.000000
vt 0.193530 0.153303 0.000000
vt 0.190054 0.170764 0.000000
vt 0.183294 0.149382 0.000000
vt 0.178214 0.167934 0.000000
vt 0.167878 0.147703 0.000000
vt 0.162476 0.162472 0.000000
vt 0.001633 0.169318 0.000000
vt 0.001000 0.189275 0.000000
vt 0.240775 0.199515 0.000000
vt 0.233784 0.218298 0.000000
vt 0.228574 0.196743 0.000000
vt 0.225155 0.214560 0.000000
vt 0.220701 0.197111 0.000000
vt 0.218455 0.212866 0.000000
vt 0.212747 0.198280 0.000000
vt 0.207284 0.211349 0.000000
vt 0.200703 0.194398 0.000000
vt 0.195904 0.206345 0.000000
vt 0.186102 0.190535 0.000000
vt 0.183607 0.203507 0.000000
vt 0.172901 0.181379 0.000000
vt 0.170229 0.199819 0.000000
vt 0.159828 0.179817 0.000000
vt 0.156057 0.198359 0.000000
vt 0.144641 0.192827 0.000000
vt 0.145440 0.176608 0.000000
vt 0.145848 0.157285 0.000000
vt 0.145009 0.139979 0.000000
vt 0.161637 0.142114 0.000000
vt 0.156429 0.139257 0.000000
vt 0.151668 0.139936 0.000000
vt 0.157459 0.151135 0.000000
vt 0.041543 0.357522 0.000000
vt 0.045184 0.362137 0.000000
vt 0.054205 0.369083 0.000000
vt 0.025865 0.344647 0.000000
vt 0.161203 0.363441 0.000000
vt 0.143861 0.356093 0.000000
vt 0.131937 0.355668 0.000000
vt 0.119325 0.356477 0.000000
vt 0.108549 0.355929 0.000000
vt 0.097027 0.356138 0.000000
vt 0.086082 0.357202 0.000000
vt 0.077502 0.354584 0.000000
vt 0.069590 0.352343 0.000000
vt 0.059501 0.346821 0.000000
vt 0.049656 0.359054 0.000000
vt 0.044156 0.355393 0.000000
vt 0.053631 0.343502 0.000000
vt 0.039840 0.353675 0.000000
vt 0.041697 0.336408 0.000000
vt 0.031756 0.332750 0.000000
vt 0.164504 0.345668 0.000000
vt 0.146467 0.338973 0.000000
vt 0.128669 0.336440 0.000000
vt 0.119868 0.337564 0.000000
vt 0.113224 0.337940 0.000000
vt 0.098298 0.335385 0.000000
vt 0.090700 0.334717 0.000000
vt 0.081922 0.332779 0.000000
vt 0.075227 0.333310 0.000000
vt 0.071492 0.332057 0.000000
vt 0.065109 0.328138 0.000000
vt 0.052627 0.321528 0.000000
vt 0.039830 0.325912 0.000000
vt 0.035296 0.313143 0.000000
vt 0.048532 0.318402 0.000000
vt 0.038566 0.302535 0.000000
vt 0.057866 0.307243 0.000000
vt 0.186028 0.338764 0.000000
vt 0.173423 0.334708 0.000000
vt 0.156787 0.329335 0.000000
vt 0.128700 0.325914 0.000000
vt 0.120919 0.325296 0.000000
vt 0.114341 0.325276 0.000000
vt 0.098896 0.321571 0.000000
vt 0.092728 0.321471 0.000000
vt 0.084547 0.318828 0.000000
vt 0.076080 0.327066 0.000000
vt 0.075666 0.323002 0.000000
vt 0.077656 0.309858 0.000000
vt 0.060528 0.309853 0.000000
vt 0.196320 0.325912 0.000000
vt 0.183791 0.320036 0.000000
vt 0.159751 0.321200 0.000000
vt 0.130934 0.310688 0.000000
vt 0.122108 0.312088 0.000000
vt 0.115120 0.311501 0.000000
vt 0.100316 0.308201 0.000000
vt 0.093120 0.308434 0.000000
vt 0.073816 0.295438 0.000000
vt 0.094938 0.290886 0.000000
vt 0.068515 0.300175 0.000000
vt 0.066065 0.299153 0.000000
vt 0.066631 0.295044 0.000000
vt 0.062793 0.288857 0.000000
vt 0.069816 0.288845 0.000000
vt 0.075594 0.274250 0.000000
vt 0.081707 0.281347 0.000000
vt 0.080365 0.269982 0.000000
vt 0.089354 0.275345 0.000000
vt 0.081273 0.258101 0.000000
vt 0.090967 0.272644 0.000000
vt 0.093685 0.279849 0.000000
vt 0.089784 0.279732 0.000000
vt 0.085891 0.282284 0.000000
vt 0.075235 0.259597 0.000000
vt 0.066622 0.272230 0.000000
vt 0.070141 0.260625 0.000000
vt 0.058227 0.293254 0.000000
vt 0.051945 0.292983 0.000000
vt 0.052505 0.289510 0.000000
vt 0.042913 0.293064 0.000000
vt 0.041568 0.288056 0.000000
vt 0.037484 0.286995 0.000000
vt 0.039414 0.282336 0.000000
vt 0.036929 0.295319 0.000000
vt 0.057339 0.280756 0.000000
vt 0.062884 0.269003 0.000000
vt 0.052394 0.281431 0.000000
vt 0.052024 0.270487 0.000000
vt 0.046144 0.281155 0.000000
vt 0.046384 0.267775 0.000000
vt 0.048424 0.259946 0.000000
vt 0.053115 0.266554 0.000000
vt 0.058454 0.265191 0.000000
vt 0.059690 0.255553 0.000000
vt 0.063990 0.262428 0.000000
vt 0.070298 0.246245 0.000000
vt 0.068054 0.255322 0.000000
vt 0.070320 0.257341 0.000000
vt 0.073166 0.254885 0.000000
vt 0.076853 0.249846 0.000000
vt 0.071048 0.233683 0.000000
vt 0.062091 0.244768 0.000000
vt 0.052773 0.247862 0.000000
vt 0.076476 0.232000 0.000000
vt 0.081958 0.245249 0.000000
vt 0.085505 0.253858 0.000000
vt 0.090351 0.257034 0.000000
vt 0.099698 0.291508 0.000000
vt 0.115919 0.292497 0.000000
vt 0.123813 0.303992 0.000000
vt 0.136656 0.302555 0.000000
vt 0.162461 0.305846 0.000000
vt 0.186165 0.315687 0.000000
vt 0.199200 0.318275 0.000000
vt 0.139202 0.299973 0.000000
vt 0.165452 0.297493 0.000000
vt 0.177310 0.299757 0.000000
vt 0.122165 0.263135 0.000000
vt 0.139855 0.280764 0.000000
vt 0.154466 0.286616 0.000000
vt 0.183416 0.292948 0.000000
vt 0.193364 0.305213 0.000000
vt 0.167110 0.290936 0.000000
vt 0.158450 0.281330 0.000000
vt 0.150649 0.273515 0.000000
vt 0.135170 0.252765 0.000000
vt 0.121311 0.250490 0.000000
vt 0.121805 0.231600 0.000000
vt 0.182897 0.276916 0.000000
vt 0.191619 0.282117 0.000000
vt 0.201872 0.284797 0.000000
vt 0.161938 0.280447 0.000000
vt 0.167516 0.282864 0.000000
vt 0.177719 0.279303 0.000000
vt 0.169169 0.273170 0.000000
vt 0.170623 0.268990 0.000000
vt 0.159465 0.270750 0.000000
vt 0.193381 0.277165 0.000000
vt 0.205887 0.271591 0.000000
vt 0.186692 0.271626 0.000000
vt 0.177748 0.270244 0.000000
vt 0.173665 0.262751 0.000000
vt 0.178066 0.258869 0.000000
vt 0.169863 0.265102 0.000000
vt 0.158940 0.266989 0.000000
vt 0.152280 0.269848 0.000000
vt 0.147554 0.255365 0.000000
vt 0.161668 0.256035 0.000000
vt 0.169541 0.255282 0.000000
vt 0.171784 0.240771 0.000000
vt 0.178503 0.241830 0.000000
vt 0.165829 0.241916 0.000000
vt 0.151810 0.241065 0.000000
vt 0.141090 0.237367 0.000000
vt 0.129565 0.226601 0.000000
vt 0.116975 0.212718 0.000000
vt 0.122150 0.211184 0.000000
vt 0.198623 0.263900 0.000000
vt 0.210436 0.252981 0.000000
vt 0.189559 0.263882 0.000000
vt 0.185129 0.255756 0.000000
vt 0.187412 0.243706 0.000000
vt 0.187244 0.223587 0.000000
vt 0.194198 0.227043 0.000000
vt 0.195982 0.253610 0.000000
vt 0.199012 0.244861 0.000000
vt 0.203995 0.234342 0.000000
vt 0.214441 0.244671 0.000000
vt 0.228094 0.242575 0.000000
vt 0.216131 0.229137 0.000000
vt 0.210167 0.226574 0.000000
vt 0.177916 0.220134 0.000000
vt 0.169947 0.218613 0.000000
vt 0.155746 0.217310 0.000000
vt 0.143042 0.219136 0.000000
vt 0.135552 0.205593 0.000000
vt 0.922226 0.273979 0.000000
vt 0.911468 0.270664 0.000000
vt 0.097270 0.206197 0.000000
vt 0.911826 0.258379 0.000000
vt 0.088088 0.202466 0.000000
vt 0.079867 0.206069 0.000000
vt 0.074879 0.218718 0.000000
vt 0.069538 0.219623 0.000000
vt 0.102987 0.219930 0.000000
vt 0.104902 0.235526 0.000000
vt 0.262954 0.220188 0.000000
vt 0.294914 0.156062 0.000000
vt 0.256033 0.249464 0.000000
vt 0.279950 0.242147 0.000000
vt 0.290608 0.208779 0.000000
vt 0.516660 0.925036 0.000000
vt 0.520913 0.930499 0.000000
vt 0.538665 0.920949 0.000000
vt 0.538654 0.929140 0.000000
vt 0.083325 0.920017 0.000000
vt 0.521206 0.885308 0.000000
vt 0.348987 0.756872 0.000000
vt 0.520168 0.875973 0.000000
vt 0.526822 0.871709 0.000000
vt 0.532644 0.885011 0.000000
vt 0.519284 0.870027 0.000000
vt 0.520631 0.893011 0.000000
vt 0.514469 0.888760 0.000000
vt 0.516489 0.875427 0.000000
vt 0.512398 0.896007 0.000000
vt 0.521219 0.900451 0.000000
vt 0.502363 0.912242 0.000000
vt 0.507363 0.909762 0.000000
vt 0.516254 0.915198 0.000000
vt 0.513572 0.904696 0.000000
vt 0.524463 0.906174 0.000000
vt 0.528824 0.913184 0.000000
vt 0.510977 0.915321 0.000000
vt 0.512108 0.920766 0.000000
vt 0.523861 0.857591 0.000000
vt 0.534485 0.891062 0.000000
vt 0.537360 0.898555 0.000000
vt 0.540020 0.906511 0.000000
vt 0.544394 0.914249 0.000000
vt 0.536253 0.881359 0.000000
vt 0.544326 0.904843 0.000000
vt 0.549977 0.913574 0.000000
vt 0.549708 0.903627 0.000000
vt 0.552864 0.912061 0.000000
vt 0.308905 0.162488 0.000000
vt 0.295831 0.241425 0.000000
vt 0.309216 0.136377 0.000000
vt 0.308745 0.119912 0.000000
vt 0.545574 0.920013 0.000000
vt 0.548266 0.929456 0.000000
vt 0.550858 0.917301 0.000000
vt 0.554560 0.926857 0.000000
vt 0.560582 0.916628 0.000000
vt 0.923141 0.262367 0.000000
vt 0.560188 0.920321 0.000000
vt 0.944370 0.293410 0.000000
vt 0.295153 0.137101 0.000000
vt 0.294748 0.124965 0.000000
vt 0.278074 0.134485 0.000000
vt 0.280280 0.125860 0.000000
vt 0.543959 0.229143 0.000000
vt 0.554316 0.229624 0.000000
vt 0.541642 0.214618 0.000000
vt 0.563768 0.229659 0.000000
vt 0.306290 0.272981 0.000000
vt 0.755611 0.260043 0.000000
vt 0.750518 0.256298 0.000000
vt 0.752737 0.251929 0.000000
vt 0.757323 0.251318 0.000000
vt 0.311041 0.320874 0.000000
vt 0.312723 0.304143 0.000000
vt 0.938939 0.269344 0.000000
vt 0.958221 0.279524 0.000000
vt 0.964249 0.291623 0.000000
vt 0.967768 0.310541 0.000000
vt 0.282972 0.254411 0.000000
vt 0.950644 0.313012 0.000000
vt 0.964965 0.328022 0.000000
vt 0.950575 0.327148 0.000000
vt 0.930645 0.276513 0.000000
vt 0.932106 0.260893 0.000000
vt 0.932006 0.293682 0.000000
vt 0.919675 0.292975 0.000000
vt 0.911907 0.292614 0.000000
vt 0.901908 0.288931 0.000000
vt 0.901144 0.272747 0.000000
vt 0.906370 0.271047 0.000000
vt 0.905911 0.290416 0.000000
vt 0.893850 0.276934 0.000000
vt 0.897054 0.288040 0.000000
vt 0.879454 0.290647 0.000000
vt 0.869555 0.287364 0.000000
vt 0.884888 0.278983 0.000000
vt 0.891996 0.287587 0.000000
vt 0.860871 0.310667 0.000000
vt 0.852532 0.308175 0.000000
vt 0.853268 0.304284 0.000000
vt 0.870152 0.315366 0.000000
vt 0.885010 0.302121 0.000000
vt 0.881256 0.317956 0.000000
vt 0.889144 0.297401 0.000000
vt 0.899017 0.305291 0.000000
vt 0.893544 0.302052 0.000000
vt 0.894562 0.317876 0.000000
vt 0.919714 0.310821 0.000000
vt 0.911500 0.305541 0.000000
vt 0.920508 0.329729 0.000000
vt 0.910988 0.324545 0.000000
vt 0.910566 0.338120 0.000000
vt 0.911420 0.331085 0.000000
vt 0.904840 0.302889 0.000000
vt 0.902765 0.321901 0.000000
vt 0.902468 0.329987 0.000000
vt 0.897390 0.326918 0.000000
vt 0.894779 0.333951 0.000000
vt 0.887010 0.338729 0.000000
vt 0.900838 0.336784 0.000000
vt 0.875932 0.333190 0.000000
vt 0.866487 0.330798 0.000000
vt 0.856520 0.326908 0.000000
vt 0.846034 0.325283 0.000000
vt 0.839402 0.309735 0.000000
vt 0.838470 0.305150 0.000000
vt 0.833533 0.324110 0.000000
vt 0.958008 0.341931 0.000000
vt 0.935433 0.313741 0.000000
vt 0.937373 0.328999 0.000000
vt 0.939928 0.342210 0.000000
vt 0.922982 0.342538 0.000000
vt 0.910620 0.346116 0.000000
vt 0.898506 0.344717 0.000000
vt 0.939643 0.366449 0.000000
vt 0.922309 0.366455 0.000000
vt 0.910596 0.368321 0.000000
vt 0.895217 0.368028 0.000000
vt 0.883053 0.362246 0.000000
vt 0.866389 0.357763 0.000000
vt 0.859018 0.354178 0.000000
vt 0.850642 0.350946 0.000000
vt 0.839775 0.349799 0.000000
vt 0.823607 0.350627 0.000000
vt 0.965250 0.368537 0.000000
vt 0.966584 0.401323 0.000000
vt 0.942468 0.400306 0.000000
vt 0.976559 0.403251 0.000000
vt 0.840170 0.381025 0.000000
vt 0.848615 0.391214 0.000000
vt 0.856699 0.381307 0.000000
vt 0.863470 0.374319 0.000000
vt 0.877621 0.382368 0.000000
vt 0.892286 0.388456 0.000000
vt 0.909451 0.394092 0.000000
vt 0.921998 0.394499 0.000000
vt 0.936899 0.419588 0.000000
vt 0.925155 0.417637 0.000000
vt 0.919127 0.422938 0.000000
vt 0.908832 0.418979 0.000000
vt 0.901667 0.419458 0.000000
vt 0.894866 0.398944 0.000000
vt 0.887957 0.397089 0.000000
vt 0.867652 0.411806 0.000000
vt 0.862368 0.403722 0.000000
vt 0.853136 0.401813 0.000000
vt 0.843045 0.409001 0.000000
vt 0.889887 0.409605 0.000000
vt 0.878613 0.441215 0.000000
vt 0.868040 0.432206 0.000000
vt 0.859726 0.431775 0.000000
vt 0.894475 0.430394 0.000000
vt 0.885580 0.456855 0.000000
vt 0.852585 0.429116 0.000000
vt 0.845423 0.426030 0.000000
vt 0.837262 0.427062 0.000000
vt 0.873662 0.452318 0.000000
vt 0.861722 0.447628 0.000000
vt 0.863733 0.475838 0.000000
vt 0.852681 0.471648 0.000000
vt 0.858926 0.500324 0.000000
vt 0.846418 0.496979 0.000000
vt 0.880028 0.467069 0.000000
vt 0.874819 0.483593 0.000000
vt 0.926462 0.439778 0.000000
vt 0.919181 0.440264 0.000000
vt 0.927518 0.430927 0.000000
vt 0.936317 0.430056 0.000000
vt 0.934428 0.440198 0.000000
vt 0.957563 0.419647 0.000000
vt 0.949296 0.433092 0.000000
vt 0.942405 0.443623 0.000000
vt 0.909053 0.443059 0.000000
vt 0.899408 0.449764 0.000000
vt 0.889783 0.467161 0.000000
vt 0.885566 0.483035 0.000000
vt 0.879518 0.489210 0.000000
vt 0.869101 0.502203 0.000000
vt 0.879762 0.499826 0.000000
vt 0.931378 0.459629 0.000000
vt 0.930172 0.454037 0.000000
vt 0.926468 0.450810 0.000000
vt 0.923235 0.449014 0.000000
vt 0.927752 0.461977 0.000000
vt 0.923942 0.469687 0.000000
vt 0.912229 0.452082 0.000000
vt 0.914218 0.469132 0.000000
vt 0.904345 0.458050 0.000000
vt 0.908087 0.472291 0.000000
vt 0.894960 0.478678 0.000000
vt 0.899244 0.492294 0.000000
vt 0.889503 0.490560 0.000000
vt 0.893889 0.511159 0.000000
vt 0.867392 0.523554 0.000000
vt 0.880988 0.522700 0.000000
vt 0.858378 0.523557 0.000000
vt 0.847802 0.524134 0.000000
vt 0.965896 0.411715 0.000000
vt 0.958019 0.429290 0.000000
vt 0.959106 0.441000 0.000000
vt 0.945257 0.452176 0.000000
vt 0.933908 0.465104 0.000000
vt 0.921673 0.487222 0.000000
vt 0.912367 0.485628 0.000000
vt 0.937622 0.476131 0.000000
vt 0.947735 0.461798 0.000000
vt 0.916024 0.511065 0.000000
vt 0.906624 0.508751 0.000000
vt 0.909734 0.539078 0.000000
vt 0.901306 0.537192 0.000000
vt 0.891742 0.531698 0.000000
vt 0.927075 0.504519 0.000000
vt 0.920736 0.532954 0.000000
vt 0.943156 0.479670 0.000000
vt 0.934649 0.503404 0.000000
vt 0.931092 0.520102 0.000000
vt 0.855035 0.445588 0.000000
vt 0.848180 0.460202 0.000000
vt 0.847863 0.443804 0.000000
vt 0.841755 0.442618 0.000000
vt 0.836717 0.437735 0.000000
vt 0.835666 0.402217 0.000000
vt 0.827970 0.397182 0.000000
vt 0.966790 0.428443 0.000000
vt 0.826269 0.425280 0.000000
vt 0.828380 0.437191 0.000000
vt 0.958317 0.456686 0.000000
vt 0.949762 0.471251 0.000000
vt 0.959203 0.465357 0.000000
vt 0.832241 0.450753 0.000000
vt 0.847090 0.448773 0.000000
vt 0.841798 0.448478 0.000000
vt 0.837428 0.459840 0.000000
vt 0.841286 0.474205 0.000000
vt 0.966981 0.453630 0.000000
vt 0.968181 0.462917 0.000000
vt 0.970080 0.474252 0.000000
vt 0.959841 0.477478 0.000000
vt 0.971181 0.486626 0.000000
vt 0.957412 0.489950 0.000000
vt 0.952481 0.479087 0.000000
vt 0.948447 0.487371 0.000000
vt 0.842979 0.483617 0.000000
vt 0.968503 0.498648 0.000000
vt 0.964694 0.510126 0.000000
vt 0.961793 0.521889 0.000000
vt 0.954162 0.499293 0.000000
vt 0.950339 0.509751 0.000000
vt 0.945385 0.522610 0.000000
vt 0.943602 0.496595 0.000000
vt 0.939780 0.506366 0.000000
vt 0.936846 0.519945 0.000000
vt 0.953288 0.543630 0.000000
vt 0.940908 0.540315 0.000000
vt 0.926490 0.538951 0.000000
vt 0.879500 0.558630 0.000000
vt 0.866446 0.556034 0.000000
vt 0.855459 0.555833 0.000000
vt 0.846341 0.555742 0.000000
vt 0.939509 0.575648 0.000000
vt 0.930221 0.573935 0.000000
vt 0.919343 0.571283 0.000000
vt 0.897566 0.564829 0.000000
vt 0.890248 0.561030 0.000000
vt 0.905288 0.566984 0.000000
vt 0.910905 0.569463 0.000000
vt 0.892311 0.591779 0.000000
vt 0.883939 0.583574 0.000000
vt 0.861328 0.580712 0.000000
vt 0.875097 0.577374 0.000000
vt 0.850232 0.583569 0.000000
vt 0.840844 0.581550 0.000000
vt 0.913212 0.854208 0.000000
vt 0.903978 0.846630 0.000000
vt 0.903419 0.790874 0.000000
vt 0.913539 0.783620 0.000000
vt 0.815607 0.842627 0.000000
vt 0.791356 0.839850 0.000000
vt 0.786537 0.793261 0.000000
vt 0.817992 0.792183 0.000000
vt 0.837932 0.841993 0.000000
vt 0.838680 0.788604 0.000000
vt 0.871590 0.840836 0.000000
vt 0.872443 0.800468 0.000000
vt 0.904542 0.761109 0.000000
vt 0.891972 0.751978 0.000000
vt 0.904340 0.701998 0.000000
vt 0.891693 0.701605 0.000000
vt 0.891650 0.713568 0.000000
vt 0.891735 0.666170 0.000000
vt 0.904021 0.713509 0.000000
vt 0.904463 0.666368 0.000000
vt 0.875551 0.746176 0.000000
vt 0.875251 0.702154 0.000000
vt 0.875326 0.713732 0.000000
vt 0.875252 0.666129 0.000000
vt 0.845513 0.751552 0.000000
vt 0.845214 0.713827 0.000000
vt 0.895159 0.935221 0.000000
vt 0.906824 0.934540 0.000000
vt 0.811968 0.759506 0.000000
vt 0.908499 0.970129 0.000000
vt 0.811433 0.713864 0.000000
vt 0.896250 0.970749 0.000000
vt 0.787320 0.769215 0.000000
vt 0.878362 0.935082 0.000000
vt 0.786391 0.714292 0.000000
vt 0.878805 0.971186 0.000000
vt 0.894098 0.887400 0.000000
vt 0.905051 0.876778 0.000000
vt 0.906111 0.922897 0.000000
vt 0.894736 0.923204 0.000000
vt 0.845086 0.702304 0.000000
vt 0.847551 0.935064 0.000000
vt 0.877768 0.893738 0.000000
vt 0.878131 0.923451 0.000000
vt 0.847155 0.888255 0.000000
vt 0.847431 0.923505 0.000000
vt 0.822469 0.878610 0.000000
vt 0.822805 0.923588 0.000000
vt 0.794118 0.870545 0.000000
vt 0.794662 0.923698 0.000000
vt 0.845009 0.666146 0.000000
vt 0.847612 0.971266 0.000000
vt 0.811169 0.702033 0.000000
vt 0.810747 0.666193 0.000000
vt 0.785868 0.702936 0.000000
vt 0.784835 0.666789 0.000000
vt 0.945809 0.702759 0.000000
vt 0.945394 0.666519 0.000000
vt 0.722592 0.705442 0.000000
vt 0.721919 0.668991 0.000000
vt 0.104532 0.253198 0.000000
vt 0.103852 0.267515 0.000000
vt 0.093736 0.258874 0.000000
vt 0.094430 0.236514 0.000000
vt 0.822812 0.934864 0.000000
vt 0.822802 0.971329 0.000000
vt 0.794474 0.934575 0.000000
vt 0.794380 0.971302 0.000000
vt 0.948996 0.931927 0.000000
vt 0.950264 0.967929 0.000000
vt 0.726061 0.934199 0.000000
vt 0.726375 0.971252 0.000000
vt 0.088349 0.241883 0.000000
vt 0.085343 0.229616 0.000000
vt 0.093424 0.226483 0.000000
vt 0.083347 0.222283 0.000000
vt 0.090125 0.215674 0.000000
vt 0.053106 0.216738 0.000000
vt 0.058482 0.233767 0.000000
vt 0.040813 0.214580 0.000000
vt 0.936820 0.750716 0.000000
vt 0.937875 0.792712 0.000000
vt 0.938013 0.850095 0.000000
vt 0.938151 0.880386 0.000000
vt 0.936104 0.712824 0.000000
vt 0.938887 0.922263 0.000000
vt 0.779268 0.780474 0.000000
vt 0.733136 0.780351 0.000000
vt 0.041398 0.238002 0.000000
vt 0.732469 0.714987 0.000000
vt 0.041486 0.249948 0.000000
vt 0.735384 0.924571 0.000000
vt 0.733044 0.750779 0.000000
vt 0.733314 0.804215 0.000000
vt 0.779982 0.854104 0.000000
vt 0.734588 0.880066 0.000000
vt 0.733881 0.854490 0.000000
vt 0.733597 0.832766 0.000000
vt 0.041753 0.263816 0.000000
vt 0.028656 0.216241 0.000000
vt 0.949671 0.792418 0.000000
vt 0.948411 0.750126 0.000000
vt 0.984046 0.748747 0.000000
vt 0.985445 0.791811 0.000000
vt 0.897676 0.040708 0.000000
vt 0.081056 0.843413 0.000000
vt 0.071832 0.807778 0.000000
vt 0.993812 0.544755 0.000000
vt 0.997691 0.546920 0.000000
vt 0.999000 0.608343 0.000000
vt 0.876616 0.008885 0.000000
vt 0.963103 0.618610 0.000000
vt 0.951703 0.624566 0.000000
vt 0.968081 0.628022 0.000000
vt 0.962032 0.629033 0.000000
vt 0.975746 0.606220 0.000000
vt 0.979661 0.618070 0.000000
vt 0.984294 0.602924 0.000000
vt 0.987170 0.612559 0.000000
vt 0.988441 0.601839 0.000000
vt 0.030725 0.240843 0.000000
vt 0.032518 0.252004 0.000000
vt 0.034178 0.267012 0.000000
vt 0.033996 0.283198 0.000000
vt 0.034258 0.286457 0.000000
vt 0.034480 0.295061 0.000000
vt 0.035646 0.302562 0.000000
vt 0.260036 0.262452 0.000000
vt 0.292067 0.251972 0.000000
vt 0.301213 0.273953 0.000000
vt 0.308219 0.306182 0.000000
vt 0.297996 0.313275 0.000000
vt 0.282999 0.315242 0.000000
vt 0.283121 0.303619 0.000000
vt 0.282481 0.277584 0.000000
vt 0.264066 0.289279 0.000000
vt 0.264546 0.307569 0.000000
vt 0.264413 0.327304 0.000000
vt 0.245744 0.332500 0.000000
vt 0.245916 0.326273 0.000000
vt 0.235348 0.334031 0.000000
vt 0.235205 0.327866 0.000000
vt 0.227644 0.335397 0.000000
vt 0.228260 0.329342 0.000000
vt 0.243278 0.311190 0.000000
vt 0.228347 0.319522 0.000000
vt 0.220196 0.322759 0.000000
vt 0.248225 0.573005 0.000000
vt 0.236666 0.572999 0.000000
vt 0.236500 0.522431 0.000000
vt 0.248283 0.522430 0.000000
vt 0.264965 0.573009 0.000000
vt 0.264935 0.522429 0.000000
vt 0.295716 0.573006 0.000000
vt 0.295531 0.522430 0.000000
vt 0.320367 0.573001 0.000000
vt 0.374227 0.750010 0.000000
vt 0.322358 0.522431 0.000000
vt 0.348599 0.572997 0.000000
vt 0.349870 0.522434 0.000000
vt 0.236136 0.392925 0.000000
vt 0.235964 0.345740 0.000000
vt 0.248472 0.345716 0.000000
vt 0.248411 0.392909 0.000000
vt 0.264837 0.345702 0.000000
vt 0.264869 0.392899 0.000000
vt 0.294937 0.345715 0.000000
vt 0.295128 0.392908 0.000000
vt 0.393040 0.730078 0.000000
vt 0.401789 0.711495 0.000000
vt 0.328766 0.345735 0.000000
vt 0.326701 0.392922 0.000000
vt 0.353961 0.345758 0.000000
vt 0.224525 0.308724 0.000000
vt 0.034046 0.309542 0.000000
vt 0.032020 0.301841 0.000000
vt 0.030705 0.294103 0.000000
vt 0.032496 0.308897 0.000000
vt 0.030214 0.287379 0.000000
vt 0.029795 0.283470 0.000000
vt 0.024607 0.288862 0.000000
vt 0.021220 0.276493 0.000000
vt 0.028638 0.271758 0.000000
vt 0.023558 0.270718 0.000000
vt 0.025873 0.254126 0.000000
vt 0.019003 0.253791 0.000000
vt 0.213869 0.278700 0.000000
vt 0.221905 0.255878 0.000000
vt 0.236358 0.261614 0.000000
vt 0.024665 0.239046 0.000000
vt 0.231551 0.242739 0.000000
vt 0.769925 0.097411 0.000000
vt 0.813832 0.103092 0.000000
vt 0.810394 0.117454 0.000000
vt 0.840973 0.120486 0.000000
vt 0.840084 0.104236 0.000000
vt 0.915296 0.068111 0.000000
vt 0.226238 0.314720 0.000000
vt 0.221368 0.315494 0.000000
vt 0.219860 0.310956 0.000000
vt 0.901233 0.054474 0.000000
vt 0.907905 0.050207 0.000000
vt 0.893042 0.046908 0.000000
vt 0.073387 0.805421 0.000000
vt 0.885219 0.042856 0.000000
vt 0.056891 0.944651 0.000000
vt 0.867067 0.036530 0.000000
vt 0.875757 0.036092 0.000000
vt 0.910398 0.069496 0.000000
vt 0.897373 0.063464 0.000000
vt 0.991445 0.610442 0.000000
vt 0.994311 0.620141 0.000000
vt 0.988609 0.619400 0.000000
vt 0.982713 0.628578 0.000000
vt 0.975852 0.630732 0.000000
vt 0.972929 0.635761 0.000000
vt 0.978162 0.638437 0.000000
vt 0.990965 0.631601 0.000000
vt 0.882085 0.005782 0.000000
vt 0.885976 0.051251 0.000000
vt 0.994099 0.598363 0.000000
vt 0.881247 0.047659 0.000000
vt 0.998479 0.621106 0.000000
vt 0.874987 0.013688 0.000000
vt 0.997193 0.634690 0.000000
vt 0.231999 0.308303 0.000000
vt 0.231350 0.303356 0.000000
vt 0.246654 0.251307 0.000000
vt 0.076689 0.804729 0.000000
vt 0.954572 0.596165 0.000000
vt 0.928847 0.043123 0.000000
vt 0.947717 0.592079 0.000000
vt 0.901347 0.591898 0.000000
vt 0.907812 0.591366 0.000000
vt 0.918161 0.591108 0.000000
vt 0.925861 0.594021 0.000000
vt 0.933913 0.598184 0.000000
vt 0.074422 0.926935 0.000000
vt 0.062900 0.917306 0.000000
vt 0.069277 0.915195 0.000000
vt 0.078619 0.910726 0.000000
vt 0.089090 0.900374 0.000000
vt 0.071155 0.894741 0.000000
vt 0.082095 0.897991 0.000000
vt 0.073961 0.902671 0.000000
vt 0.066992 0.904877 0.000000
vt 0.060757 0.894439 0.000000
vt 0.101999 0.963651 0.000000
vt 0.098515 0.964271 0.000000
vt 0.096372 0.958310 0.000000
vt 0.100730 0.958047 0.000000
vt 0.102427 0.948994 0.000000
vt 0.104582 0.957718 0.000000
vt 0.105570 0.963343 0.000000
vt 0.090155 0.963263 0.000000
vt 0.407942 0.687173 0.000000
vt 0.348202 0.739123 0.000000
vt 0.239350 0.245795 0.000000
vt 0.346078 0.718610 0.000000
vt 0.368241 0.733559 0.000000
vt 0.381287 0.718148 0.000000
vt 0.388060 0.700973 0.000000
vt 0.386208 0.676026 0.000000
vt 0.354801 0.717709 0.000000
vt 0.365498 0.702481 0.000000
vt 0.369881 0.689938 0.000000
vt 0.379338 0.673391 0.000000
vt 0.323401 0.689608 0.000000
vt 0.352422 0.681413 0.000000
vt 0.357803 0.673120 0.000000
vt 0.370778 0.672399 0.000000
vt 0.342403 0.706023 0.000000
vt 0.347965 0.692490 0.000000
vt 0.254993 0.609321 0.000000
vt 0.245086 0.240812 0.000000
vt 0.248075 0.264965 0.000000
vt 0.249217 0.287176 0.000000
vt 0.237751 0.298450 0.000000
vt 0.712398 0.236836 0.000000
vt 0.730491 0.247361 0.000000
vt 0.709899 0.247623 0.000000
vt 0.707633 0.225760 0.000000
vt 0.717447 0.233098 0.000000
vt 0.701085 0.235175 0.000000
vt 0.686994 0.235303 0.000000
vt 0.689399 0.222564 0.000000
vt 0.486140 0.332615 0.000000
vt 0.506429 0.336715 0.000000
vt 0.461775 0.326900 0.000000
vt 0.465785 0.318499 0.000000
vt 0.452511 0.323976 0.000000
vt 0.456061 0.313265 0.000000
vt 0.465762 0.304032 0.000000
vt 0.473049 0.313540 0.000000
vt 0.504783 0.321236 0.000000
vt 0.388245 0.858716 0.000000
vt 0.393802 0.838223 0.000000
vt 0.404049 0.841397 0.000000
vt 0.418030 0.847567 0.000000
vt 0.439659 0.864526 0.000000
vt 0.448175 0.859233 0.000000
vt 0.454877 0.854977 0.000000
vt 0.352643 0.392939 0.000000
vt 0.236210 0.434529 0.000000
vt 0.248385 0.434516 0.000000
vt 0.264882 0.434508 0.000000
vt 0.295210 0.434515 0.000000
vt 0.325815 0.434526 0.000000
vt 0.352078 0.434540 0.000000
vt 0.236425 0.491993 0.000000
vt 0.248310 0.491989 0.000000
vt 0.264921 0.491986 0.000000
vt 0.295448 0.491989 0.000000
vt 0.323256 0.491993 0.000000
vt 0.350444 0.491998 0.000000
vt 0.195212 0.572999 0.000000
vt 0.195212 0.522430 0.000000
vt 0.195199 0.491990 0.000000
vt 0.195198 0.434519 0.000000
vt 0.195211 0.392334 0.000000
vt 0.195211 0.345740 0.000000
vt 0.416491 0.345758 0.000000
vt 0.416491 0.390205 0.000000
vt 0.416442 0.519880 0.000000
vt 0.416442 0.572997 0.000000
vt 0.416567 0.419873 0.000000
vt 0.416568 0.494140 0.000000
vt 0.416500 0.443759 0.000000
vt 0.949707 0.880619 0.000000
vt 0.927742 0.253745 0.000000
vt 0.922672 0.252731 0.000000
vt 0.949805 0.849999 0.000000
vt 0.985443 0.849945 0.000000
vt 0.985284 0.880719 0.000000
vt 0.871906 0.050138 0.000000
vt 0.981885 0.701769 0.000000
vt 0.866236 0.027898 0.000000
vt 0.985152 0.931494 0.000000
vt 0.721848 0.750542 0.000000
vt 0.722158 0.780343 0.000000
vt 0.685549 0.780321 0.000000
vt 0.685742 0.750431 0.000000
vt 0.722048 0.804330 0.000000
vt 0.685551 0.804362 0.000000
vt 0.722627 0.854777 0.000000
vt 0.723633 0.880555 0.000000
vt 0.686888 0.881899 0.000000
vt 0.686010 0.855614 0.000000
vt 0.722283 0.832970 0.000000
vt 0.685630 0.833272 0.000000
vt 0.870979 0.028126 0.000000
vt 0.685903 0.705818 0.000000
vt 0.856149 0.028483 0.000000
vt 0.867749 0.016477 0.000000
vt 0.832597 0.257510 0.000000
vt 0.890135 0.150628 0.000000
vt 0.888299 0.159111 0.000000
vt 0.899940 0.171606 0.000000
vt 0.889895 0.169806 0.000000
vt 0.864610 0.169329 0.000000
vt 0.878772 0.166078 0.000000
vt 0.962493 0.216750 0.000000
vt 0.953353 0.206997 0.000000
vt 0.888777 0.250125 0.000000
vt 0.886209 0.236911 0.000000
vt 0.939773 0.197682 0.000000
vt 0.420607 0.843527 0.000000
vt 0.407120 0.837711 0.000000
vt 0.528092 0.831541 0.000000
vt 0.523577 0.832898 0.000000
vt 0.525832 0.838371 0.000000
vt 0.485749 0.322303 0.000000
vt 0.629365 0.413287 0.000000
vt 0.597784 0.410123 0.000000
vt 0.573421 0.410437 0.000000
vt 0.752429 0.242776 0.000000
vt 0.756624 0.242882 0.000000
vt 0.747150 0.238373 0.000000
vt 0.748107 0.241645 0.000000
vt 0.749055 0.249779 0.000000
vt 0.739403 0.240647 0.000000
vt 0.936644 0.219901 0.000000
vt 0.947999 0.230194 0.000000
vt 0.925894 0.206801 0.000000
vt 0.932284 0.238666 0.000000
vt 0.923217 0.229348 0.000000
vt 0.911795 0.214741 0.000000
vt 0.909172 0.244344 0.000000
vt 0.904363 0.232753 0.000000
vt 0.898347 0.247138 0.000000
vt 0.894574 0.234025 0.000000
vt 0.898591 0.218261 0.000000
vt 0.879787 0.221903 0.000000
vt 0.889701 0.217924 0.000000
vt 0.872599 0.200493 0.000000
vt 0.859613 0.179119 0.000000
vt 0.882064 0.200583 0.000000
vt 0.890667 0.200589 0.000000
vt 0.899712 0.198369 0.000000
vt 0.913182 0.191366 0.000000
vt 0.927020 0.186643 0.000000
vt 0.217863 0.333022 0.000000
vt 0.907774 0.176739 0.000000
vt 0.907890 0.182811 0.000000
vt 0.893458 0.185845 0.000000
vt 0.885102 0.186559 0.000000
vt 0.221427 0.326053 0.000000
vt 0.214618 0.329840 0.000000
vt 0.720836 0.362708 0.000000
vt 0.734420 0.380155 0.000000
vt 0.519072 0.859111 0.000000
vt 0.514961 0.844693 0.000000
vt 0.521951 0.839010 0.000000
vt 0.471178 0.763816 0.000000
vt 0.916206 0.248603 0.000000
vt 0.446482 0.744482 0.000000
vt 0.463427 0.757293 0.000000
vt 0.481777 0.757297 0.000000
vt 0.472635 0.759831 0.000000
vt 0.492990 0.763765 0.000000
vt 0.499764 0.789759 0.000000
vt 0.489896 0.768846 0.000000
vt 0.517107 0.803539 0.000000
vt 0.882497 0.625030 0.000000
vt 0.877285 0.621590 0.000000
vt 0.878474 0.614314 0.000000
vt 0.883511 0.615567 0.000000
vt 0.874493 0.625282 0.000000
vt 0.092927 0.960084 0.000000
vt 0.095982 0.965225 0.000000
vt 0.093899 0.966844 0.000000
vt 0.067903 0.957892 0.000000
vt 0.880333 0.633725 0.000000
vt 0.876473 0.640881 0.000000
vt 0.873711 0.636869 0.000000
vt 0.065298 0.955233 0.000000
vt 0.071302 0.948277 0.000000
vt 0.074539 0.953193 0.000000
vt 0.076549 0.958224 0.000000
vt 0.070234 0.960765 0.000000
vt 0.060753 0.944441 0.000000
vt 0.066023 0.945825 0.000000
vt 0.062272 0.953581 0.000000
vt 0.059166 0.952370 0.000000
vt 0.045110 0.924417 0.000000
vt 0.045798 0.920099 0.000000
vt 0.055329 0.919019 0.000000
vt 0.054330 0.925607 0.000000
vt 0.051383 0.930998 0.000000
vt 0.043780 0.928439 0.000000
vt 0.047535 0.907070 0.000000
vt 0.051737 0.911931 0.000000
vt 0.044374 0.915016 0.000000
vt 0.042241 0.910770 0.000000
vt 0.043822 0.891473 0.000000
vt 0.045304 0.888911 0.000000
vt 0.053617 0.892266 0.000000
vt 0.050830 0.895228 0.000000
vt 0.047545 0.897795 0.000000
vt 0.042092 0.894086 0.000000
vt 0.054652 0.885098 0.000000
vt 0.054273 0.888570 0.000000
vt 0.046198 0.886717 0.000000
vt 0.046900 0.884448 0.000000
vt 0.055105 0.878668 0.000000
vt 0.054777 0.881842 0.000000
vt 0.047561 0.881555 0.000000
vt 0.048069 0.878568 0.000000
vt 0.072710 0.810169 0.000000
vt 0.066450 0.811973 0.000000
vt 0.065421 0.814465 0.000000
vt 0.064495 0.817149 0.000000
vt 0.058075 0.814747 0.000000
vt 0.058898 0.812160 0.000000
vt 0.059682 0.809709 0.000000
vt 0.060550 0.807404 0.000000
vt 0.061688 0.805110 0.000000
vt 0.067494 0.807453 0.000000
vt 0.042694 0.931803 0.000000
vt 0.049010 0.935160 0.000000
vt 0.066791 0.809833 0.000000
vt 0.866265 0.631836 0.000000
vt 0.257941 0.609622 0.000000
vt 0.261429 0.608229 0.000000
vt 0.513698 0.800989 0.000000
vt 0.267433 0.604614 0.000000
vt 0.511821 0.802656 0.000000
vt 0.276287 0.601224 0.000000
vt 0.510373 0.795414 0.000000
vt 0.874540 0.183770 0.000000
vt 0.111466 0.003519 0.000000
vt 0.123116 0.001000 0.000000
vt 0.095848 0.023821 0.000000
vt 0.092191 0.020762 0.000000
vt 0.090022 0.040999 0.000000
vt 0.085321 0.036147 0.000000
vt 0.285854 0.598206 0.000000
vt 0.295299 0.594637 0.000000
vt 0.259642 0.601165 0.000000
vt 0.266963 0.596183 0.000000
vt 0.276647 0.591844 0.000000
vt 0.280680 0.585010 0.000000
vt 0.292863 0.580934 0.000000
vt 0.302856 0.578622 0.000000
vt 0.310942 0.609269 0.000000
vt 0.013205 0.010562 0.000000
vt 0.007413 0.008912 0.000000
vt 0.329191 0.595567 0.000000
vt 0.375009 0.665851 0.000000
vt 0.012494 0.017971 0.000000
vt 0.002755 0.024795 0.000000
vt 0.007392 0.016910 0.000000
vt 0.291540 0.646535 0.000000
vt 0.301982 0.650149 0.000000
vt 0.513328 0.792166 0.000000
vt 0.507133 0.790710 0.000000
vt 0.504439 0.771985 0.000000
vt 0.513756 0.774247 0.000000
vt 0.720611 0.379624 0.000000
vt 0.334539 0.687895 0.000000
vt 0.330364 0.673237 0.000000
vt 0.689961 0.401505 0.000000
vt 0.715511 0.403480 0.000000
vt 0.710208 0.425288 0.000000
vt 0.694130 0.424930 0.000000
vt 0.686271 0.372828 0.000000
vt 0.687085 0.355249 0.000000
vt 0.759578 0.242272 0.000000
vt 0.344667 0.677836 0.000000
vt 0.280114 0.627114 0.000000
vt 0.761262 0.253007 0.000000
vt 0.760978 0.261467 0.000000
vt 0.757920 0.270289 0.000000
vt 0.749439 0.290827 0.000000
vt 0.727576 0.278851 0.000000
vt 0.731280 0.266762 0.000000
vt 0.728855 0.254055 0.000000
vt 0.738874 0.258229 0.000000
vt 0.745650 0.254142 0.000000
vt 0.742014 0.261620 0.000000
vt 0.745351 0.254215 0.000000
vt 0.215134 0.312388 0.000000
vt 0.737282 0.246261 0.000000
vt 0.711021 0.258477 0.000000
vt 0.862246 0.631656 0.000000
vt 0.711887 0.264041 0.000000
vt 0.862484 0.628449 0.000000
vt 0.698430 0.272571 0.000000
vt 0.736666 0.267194 0.000000
vt 0.753927 0.280402 0.000000
vt 0.724230 0.278865 0.000000
vt 0.865916 0.628187 0.000000
vt 0.871174 0.644119 0.000000
vt 0.728262 0.404756 0.000000
vt 0.717589 0.427513 0.000000
vt 0.753392 0.421209 0.000000
vt 0.759961 0.427529 0.000000
vt 0.744462 0.437032 0.000000
vt 0.735535 0.430518 0.000000
vt 0.514653 0.769042 0.000000
vt 0.518598 0.768497 0.000000
vt 0.504617 0.767730 0.000000
vt 0.488274 0.748789 0.000000
vt 0.522384 0.763586 0.000000
vt 0.521506 0.753165 0.000000
vt 0.517605 0.751125 0.000000
vt 0.494523 0.741824 0.000000
vt 0.461941 0.715724 0.000000
vt 0.868558 0.639826 0.000000
vt 0.507780 0.763359 0.000000
vt 0.506141 0.762296 0.000000
vt 0.774207 0.423758 0.000000
vt 0.765529 0.417678 0.000000
vt 0.762766 0.415967 0.000000
vt 0.268237 0.638271 0.000000
vt 0.282831 0.638711 0.000000
vt 0.276059 0.634782 0.000000
vt 0.284471 0.630679 0.000000
vt 0.285420 0.619273 0.000000
vt 0.291919 0.617803 0.000000
vt 0.307023 0.639732 0.000000
vt 0.297054 0.638925 0.000000
vt 0.301822 0.627311 0.000000
vt 0.312811 0.635669 0.000000
vt 0.317219 0.629548 0.000000
vt 0.288597 0.633433 0.000000
vt 0.380323 0.665535 0.000000
vt 0.328984 0.621297 0.000000
vt 0.318074 0.651748 0.000000
vt 0.308527 0.646589 0.000000
vt 0.321643 0.633707 0.000000
vt 0.330519 0.625059 0.000000
vt 0.321052 0.637438 0.000000
vt 0.005217 0.011491 0.000000
vt 0.005001 0.016910 0.000000
vt 0.015279 0.020315 0.000000
vt 0.015790 0.027536 0.000000
vt 0.016520 0.012014 0.000000
vt 0.232375 0.658197 0.000000
vt 0.235503 0.659227 0.000000
vt 0.238802 0.681744 0.000000
vt 0.385051 0.661838 0.000000
vt 0.759592 0.410683 0.000000
vt 0.765349 0.408696 0.000000
vt 0.755599 0.393498 0.000000
vt 0.747538 0.393464 0.000000
vt 0.754335 0.407087 0.000000
vt 0.756405 0.410699 0.000000
vt 0.728547 0.452649 0.000000
vt 0.719830 0.464775 0.000000
vt 0.718085 0.452688 0.000000
vt 0.706590 0.455847 0.000000
vt 0.712208 0.460838 0.000000
vt 0.694074 0.468039 0.000000
vt 0.704903 0.462808 0.000000
vt 0.703238 0.469559 0.000000
vt 0.871018 0.634488 0.000000
vt 0.870843 0.628637 0.000000
vt 0.868926 0.629872 0.000000
vt 0.868748 0.631928 0.000000
vt 0.869337 0.637079 0.000000
vt 0.862040 0.646136 0.000000
vt 0.856093 0.644089 0.000000
vt 0.856309 0.631055 0.000000
vt 0.857572 0.627054 0.000000
vt 0.867852 0.618682 0.000000
vt 0.861660 0.616291 0.000000
vt 0.850581 0.612799 0.000000
vt 0.856259 0.613823 0.000000
vt 0.852319 0.625016 0.000000
vt 0.846017 0.623074 0.000000
vt 0.850588 0.629863 0.000000
vt 0.844981 0.627077 0.000000
vt 0.846274 0.612497 0.000000
vt 0.843287 0.621710 0.000000
vt 0.841600 0.625106 0.000000
vt 0.838101 0.589994 0.000000
vt 0.838635 0.610170 0.000000
vt 0.840130 0.619816 0.000000
vt 0.839038 0.624681 0.000000
vt 0.844494 0.638100 0.000000
vt 0.840014 0.629168 0.000000
vt 0.864417 0.650946 0.000000
vt 0.855021 0.649296 0.000000
vt 0.839722 0.643120 0.000000
vt 0.831805 0.629062 0.000000
vt 0.832724 0.623723 0.000000
vt 0.928090 0.606321 0.000000
vt 0.921742 0.604548 0.000000
vt 0.914974 0.605074 0.000000
vt 0.908714 0.606613 0.000000
vt 0.933625 0.608481 0.000000
vt 0.831917 0.588952 0.000000
vt 0.833133 0.605589 0.000000
vt 0.834249 0.615691 0.000000
vt 0.927759 0.614740 0.000000
vt 0.920599 0.613931 0.000000
vt 0.915423 0.614005 0.000000
vt 0.910550 0.622190 0.000000
vt 0.924598 0.633622 0.000000
vt 0.915647 0.631507 0.000000
vt 0.923206 0.640713 0.000000
vt 0.914079 0.636996 0.000000
vt 0.906683 0.632880 0.000000
vt 0.912655 0.649923 0.000000
vt 0.922374 0.652471 0.000000
vt 0.904401 0.645411 0.000000
vt 0.896862 0.639674 0.000000
vt 0.873272 0.648182 0.000000
vt 0.892180 0.636570 0.000000
vt 0.924401 0.649582 0.000000
vt 0.913635 0.644571 0.000000
vt 0.905418 0.640164 0.000000
vt 0.900535 0.634909 0.000000
vt 0.902877 0.631505 0.000000
vt 0.894279 0.632616 0.000000
vt 0.896613 0.628235 0.000000
vt 0.904865 0.622206 0.000000
vt 0.899485 0.622159 0.000000
vt 0.903365 0.614376 0.000000
vt 0.900159 0.617763 0.000000
vt 0.900648 0.606542 0.000000
vt 0.897324 0.615230 0.000000
vt 0.892503 0.626210 0.000000
vt 0.895362 0.620466 0.000000
vt 0.890405 0.629308 0.000000
vt 0.887520 0.634095 0.000000
vt 0.879239 0.643210 0.000000
vt 0.888060 0.623523 0.000000
vt 0.891074 0.618244 0.000000
vt 0.893939 0.613776 0.000000
vt 0.077034 0.798768 0.000000
vt 0.055957 0.950707 0.000000
vt 0.074319 0.800635 0.000000
vt 0.071910 0.963442 0.000000
vt 0.077071 0.961440 0.000000
vt 0.071550 0.802481 0.000000
vt 0.067297 0.797660 0.000000
vt 0.091768 0.969412 0.000000
vt 0.069371 0.795674 0.000000
vt 0.071321 0.793897 0.000000
vt 0.082274 0.797776 0.000000
vt 0.078982 0.795793 0.000000
vt 0.073607 0.791666 0.000000
vt 0.086950 0.790166 0.000000
vt 0.086075 0.795045 0.000000
vt 0.083820 0.791489 0.000000
vt 0.079452 0.786788 0.000000
vt 0.082659 0.784748 0.000000
vt 0.698965 0.478380 0.000000
vt 0.696175 0.477153 0.000000
vt 0.700452 0.468452 0.000000
vt 0.749437 0.419073 0.000000
vt 0.752647 0.419052 0.000000
vt 0.786301 0.456051 0.000000
vt 0.775346 0.443616 0.000000
vt 0.695555 0.445422 0.000000
vt 0.739122 0.381797 0.000000
vt 0.741038 0.394570 0.000000
vt 0.773429 0.530776 0.000000
vt 0.773202 0.519644 0.000000
vt 0.756789 0.530937 0.000000
vt 0.757353 0.527042 0.000000
vt 0.742876 0.531564 0.000000
vt 0.321216 0.032659 0.000000
vt 0.320156 0.016341 0.000000
vt 0.324139 0.023741 0.000000
vt 0.324393 0.033428 0.000000
vt 0.333254 0.074999 0.000000
vt 0.092028 0.791060 0.000000
vt 0.088710 0.788157 0.000000
vt 0.085245 0.782883 0.000000
vt 0.041290 0.880513 0.000000
vt 0.040553 0.882975 0.000000
vt 0.035005 0.880992 0.000000
vt 0.035521 0.879067 0.000000
vt 0.039420 0.884598 0.000000
vt 0.038224 0.886228 0.000000
vt 0.032281 0.883734 0.000000
vt 0.033700 0.882302 0.000000
vt 0.031358 0.885905 0.000000
vt 0.037326 0.888632 0.000000
vt 0.029377 0.923369 0.000000
vt 0.029724 0.920840 0.000000
vt 0.037378 0.920458 0.000000
vt 0.036936 0.923817 0.000000
vt 0.036080 0.927114 0.000000
vt 0.028690 0.925899 0.000000
vt 0.035722 0.912971 0.000000
vt 0.036907 0.916676 0.000000
vt 0.029450 0.917799 0.000000
vt 0.028757 0.914697 0.000000
vt 0.097051 0.784488 0.000000
vt 0.096189 0.789189 0.000000
vt 0.094476 0.786189 0.000000
vt 0.091238 0.783195 0.000000
vt 0.093437 0.780735 0.000000
vt 0.095387 0.779179 0.000000
vt 0.097602 0.777655 0.000000
vt 0.101539 0.781695 0.000000
vt 0.099105 0.782875 0.000000
vt 0.047698 0.808120 0.000000
vt 0.056250 0.958032 0.000000
vt 0.053014 0.963378 0.000000
vt 0.065118 0.964545 0.000000
vt 0.066688 0.967062 0.000000
vt 0.048658 0.805841 0.000000
vt 0.060267 0.968418 0.000000
vt 0.060915 0.960678 0.000000
vt 0.063107 0.962290 0.000000
vt 0.058815 0.966701 0.000000
vt 0.057103 0.965549 0.000000
vt 0.055192 0.964437 0.000000
vt 0.058654 0.959320 0.000000
vt 0.104185 0.972110 0.000000
vt 0.101961 0.972545 0.000000
vt 0.100391 0.968624 0.000000
vt 0.103180 0.968043 0.000000
vt 0.106268 0.967763 0.000000
vt 0.106761 0.971949 0.000000
vt 0.096641 0.970484 0.000000
vt 0.098348 0.969353 0.000000
vt 0.100237 0.973209 0.000000
vt 0.098756 0.974185 0.000000
vt 0.054053 0.807686 0.000000
vt 0.053085 0.810199 0.000000
vt 0.096986 0.975881 0.000000
vt 0.052089 0.813093 0.000000
vt 0.046788 0.810508 0.000000
vt 0.055679 0.803365 0.000000
vt 0.054935 0.805599 0.000000
vt 0.049238 0.803932 0.000000
vt 0.049663 0.801832 0.000000
vt 0.066142 0.788472 0.000000
vt 0.063790 0.791196 0.000000
vt 0.061670 0.793857 0.000000
vt 0.029765 0.877395 0.000000
vt 0.029684 0.878971 0.000000
vt 0.025632 0.877797 0.000000
vt 0.021873 0.878682 0.000000
vt 0.028688 0.880170 0.000000
vt 0.027558 0.881458 0.000000
vt 0.024432 0.879885 0.000000
vt 0.024404 0.878578 0.000000
vt 0.056298 0.789218 0.000000
vt 0.058411 0.786459 0.000000
vt 0.060655 0.783659 0.000000
vt 0.063059 0.781006 0.000000
vt 0.022111 0.875605 0.000000
vt 0.026348 0.883030 0.000000
vt 0.022664 0.876862 0.000000
vt 0.020568 0.879216 0.000000
vt 0.069173 0.785701 0.000000
vt 0.070251 0.775453 0.000000
vt 0.073040 0.773199 0.000000
vt 0.077910 0.778960 0.000000
vt 0.074920 0.781177 0.000000
vt 0.080602 0.777252 0.000000
vt 0.075758 0.771585 0.000000
vt 0.021089 0.925360 0.000000
vt 0.020111 0.928218 0.000000
vt 0.090553 0.777708 0.000000
vt 0.015610 0.925095 0.000000
vt 0.021889 0.921093 0.000000
vt 0.021521 0.923197 0.000000
vt 0.015021 0.922976 0.000000
vt 0.016638 0.921174 0.000000
vt 0.828793 0.304396 0.000000
vt 0.021637 0.918703 0.000000
vt 0.011663 0.924251 0.000000
vt 0.088540 0.780006 0.000000
vt 0.085874 0.776823 0.000000
vt 0.087806 0.774830 0.000000
vt 0.089612 0.773369 0.000000
vt 0.049956 0.968047 0.000000
vt 0.048765 0.971649 0.000000
vt 0.055905 0.972253 0.000000
vt 0.056680 0.974390 0.000000
vt 0.092465 0.776084 0.000000
vt 0.052414 0.974543 0.000000
vt 0.053542 0.969715 0.000000
vt 0.054891 0.970913 0.000000
vt 0.051691 0.973075 0.000000
vt 0.051453 0.971941 0.000000
vt 0.050304 0.971933 0.000000
vt 0.051896 0.968829 0.000000
vt 0.050164 0.973529 0.000000
vt 0.091482 0.771844 0.000000
vt 0.094565 0.774544 0.000000
vt 0.039169 0.803473 0.000000
vt 0.040264 0.802826 0.000000
vt 0.043504 0.804039 0.000000
vt 0.042635 0.805799 0.000000
vt 0.103279 0.976714 0.000000
vt 0.105044 0.976485 0.000000
vt 0.105025 0.979737 0.000000
vt 0.104110 0.979327 0.000000
vt 0.041692 0.807593 0.000000
vt 0.100736 0.978207 0.000000
vt 0.102420 0.981198 0.000000
vt 0.101415 0.982382 0.000000
vt 0.103486 0.980080 0.000000
vt 0.101878 0.977386 0.000000
vt 0.104564 0.981075 0.000000
vt 0.089722 0.872726 0.000000
vt 0.094912 0.883997 0.000000
vt 0.099944 0.894999 0.000000
vt 0.091329 0.864737 0.000000
vt 0.085160 0.869000 0.000000
vt 0.080523 0.866944 0.000000
vt 0.085690 0.860643 0.000000
vt 0.038242 0.804382 0.000000
vt 0.043900 0.800392 0.000000
vt 0.043806 0.802259 0.000000
vt 0.090036 0.855959 0.000000
vt 0.080277 0.858656 0.000000
vt 0.077331 0.863693 0.000000
vt 0.074256 0.861035 0.000000
vt 0.075323 0.856332 0.000000
vt 0.039814 0.801604 0.000000
vt 0.076573 0.852499 0.000000
vt 0.065618 0.857036 0.000000
vt 0.066539 0.854471 0.000000
vt 0.070687 0.855305 0.000000
vt 0.070016 0.858885 0.000000
vt 0.069289 0.862301 0.000000
vt 0.064375 0.859875 0.000000
vt 0.039494 0.800316 0.000000
vt 0.037948 0.801900 0.000000
vt 0.037056 0.802176 0.000000
vt 0.049076 0.776246 0.000000
vt 0.051263 0.774968 0.000000
vt 0.055207 0.778601 0.000000
vt 0.053231 0.780966 0.000000
vt 0.051473 0.783313 0.000000
vt 0.048080 0.778725 0.000000
vt 0.057251 0.776239 0.000000
vt 0.067365 0.851173 0.000000
vt 0.052207 0.772527 0.000000
vt 0.063907 0.765610 0.000000
vt 0.065932 0.765027 0.000000
vt 0.068788 0.768306 0.000000
vt 0.061972 0.852759 0.000000
vt 0.057925 0.850861 0.000000
vt 0.060879 0.854623 0.000000
vt 0.059653 0.856511 0.000000
vt 0.055820 0.853962 0.000000
vt 0.056422 0.852207 0.000000
vt 0.066530 0.770003 0.000000
vt 0.070952 0.766719 0.000000
vt 0.066824 0.763251 0.000000
vt 0.083065 0.768173 0.000000
vt 0.084455 0.767466 0.000000
vt 0.087598 0.769186 0.000000
vt 0.057081 0.848209 0.000000
vt 0.102345 0.905493 0.000000
vt 0.086123 0.770489 0.000000
vt 0.084707 0.771746 0.000000
vt 0.689059 0.935269 0.000000
vt 0.416461 0.472336 0.000000
vt 0.376222 0.480211 0.000000
vt 0.376261 0.433440 0.000000
vt 0.020365 0.084261 0.000000
vt 0.012945 0.099046 0.000000
vt 0.003725 0.106261 0.000000
vt 0.891706 0.258102 0.000000
vt 0.698779 0.205335 0.000000
vt 0.747464 0.226056 0.000000
vt 0.867022 0.259397 0.000000
vt 0.859322 0.267181 0.000000
vt 0.695254 0.027042 0.000000
vt 0.675250 0.201646 0.000000
vt 0.659861 0.204373 0.000000
vt 0.633877 0.029607 0.000000
vt 0.598026 0.208342 0.000000
vt 0.559343 0.195642 0.000000
vt 0.521537 0.050628 0.000000
vt 0.486922 0.017656 0.000000
vt 0.503298 0.046041 0.000000
vt 0.490804 0.038490 0.000000
vt 0.455070 0.185100 0.000000
vt 0.473810 0.001000 0.000000
vt 0.015463 0.393034 0.000000
vt 0.020950 0.360797 0.000000
vt 0.019885 0.433744 0.000000
vt 0.154798 0.501199 0.000000
vt 0.163410 0.527943 0.000000
vt 0.155805 0.514908 0.000000
vt 0.011355 0.527592 0.000000
vt 0.007797 0.538341 0.000000
vt 0.186249 0.550641 0.000000
vt 0.051937 0.037738 0.000000
vt 0.265030 0.160046 0.000000
vt 0.262067 0.167850 0.000000
vt 0.259395 0.182651 0.000000
vt 0.247361 0.204499 0.000000
vt 0.238850 0.222365 0.000000
vt 0.172850 0.365552 0.000000
vt 0.181419 0.353886 0.000000
vt 0.029109 0.318129 0.000000
vt 0.028587 0.302913 0.000000
vt 0.025946 0.294668 0.000000
vt 0.201756 0.312968 0.000000
vt 0.207021 0.301966 0.000000
vt 0.212355 0.299411 0.000000
vt 0.220155 0.284675 0.000000
vt 0.018145 0.224763 0.000000
vt 0.004280 0.211065 0.000000
vt 0.327908 0.067989 0.000000
vt 0.271629 0.147211 0.000000
vt 0.343357 0.788563 0.000000
vt 0.327104 0.785153 0.000000
vt 0.283968 0.952161 0.000000
vt 0.082386 0.769439 0.000000
vt 0.083141 0.773188 0.000000
vt 0.080974 0.770035 0.000000
vt 0.085013 0.853730 0.000000
vt 0.084562 0.846803 0.000000
vt 0.089913 0.851544 0.000000
vt 0.048263 0.973621 0.000000
vt 0.081052 0.853569 0.000000
vt 0.050686 0.975610 0.000000
vt 0.070022 0.835810 0.000000
vt 0.277736 0.952752 0.000000
vt 0.308003 0.939661 0.000000
vt 0.298578 0.938997 0.000000
vt 0.264751 0.800907 0.000000
vt 0.247693 0.794747 0.000000
vt 0.224314 0.942389 0.000000
vt 0.214671 0.938645 0.000000
vt 0.185717 0.925664 0.000000
vt 0.152235 0.816988 0.000000
vt 0.139467 0.925047 0.000000
vt 0.071432 0.838057 0.000000
vt 0.122045 0.938037 0.000000
vt 0.106944 0.949718 0.000000
vt 0.112348 0.944679 0.000000
vt 0.015727 0.917475 0.000000
vt 0.013961 0.927168 0.000000
vt 0.077569 0.839833 0.000000
vt 0.072642 0.841001 0.000000
vt 0.024651 0.875205 0.000000
vt 0.021921 0.881218 0.000000
vt 0.037389 0.801164 0.000000
vt 0.067483 0.842159 0.000000
vt 0.066272 0.839794 0.000000
vt 0.064799 0.837585 0.000000
vt 0.073314 0.844443 0.000000
vt 0.088321 0.966617 0.000000
vt 0.072857 0.847820 0.000000
vt 0.050077 0.962295 0.000000
vt 0.067907 0.847564 0.000000
vt 0.061428 0.970894 0.000000
vt 0.012192 0.920250 0.000000
vt 0.013075 0.916498 0.000000
vt 0.068086 0.844958 0.000000
vt 0.071878 0.851761 0.000000
vt 0.094650 0.972493 0.000000
vt 0.980721 0.340741 0.000000
vt 0.046843 0.971838 0.000000
vt 0.048870 0.975431 0.000000
vt 0.047629 0.967579 0.000000
vt 0.058371 0.849480 0.000000
vt 0.052529 0.976413 0.000000
vt 0.106169 0.981605 0.000000
vt 0.106143 0.979963 0.000000
vt 0.107063 0.976691 0.000000
vt 0.105304 0.982851 0.000000
vt 0.982495 0.370063 0.000000
vt 0.824099 0.383201 0.000000
vt 0.099404 0.979501 0.000000
vt 0.059007 0.848249 0.000000
vt 0.103762 0.982379 0.000000
vt 0.976075 0.524419 0.000000
vt 0.960814 0.548665 0.000000
vt 0.920344 0.034086 0.000000
vt 0.027686 0.929095 0.000000
vt 0.035149 0.931079 0.000000
vt 0.053314 0.956545 0.000000
vt 0.009513 0.927035 0.000000
vt 0.011647 0.928489 0.000000
vt 0.976828 0.418237 0.000000
vt 0.062831 0.847864 0.000000
vt 0.821488 0.409241 0.000000
vt 0.062461 0.850442 0.000000
vt 0.060054 0.841200 0.000000
vt 0.060909 0.842549 0.000000
vt 0.061831 0.843920 0.000000
vt 0.057564 0.845880 0.000000
vt 0.074187 0.871403 0.000000
vt 0.071225 0.874571 0.000000
vt 0.065836 0.876175 0.000000
vt 0.062061 0.877250 0.000000
vt 0.056322 0.845056 0.000000
vt 0.072951 0.865185 0.000000
vt 0.074624 0.867528 0.000000
vt 0.050093 0.901526 0.000000
vt 0.049363 0.904120 0.000000
vt 0.056182 0.843705 0.000000
vt 0.062406 0.845814 0.000000
vt 0.058185 0.847155 0.000000
vt 0.111531 0.834349 0.000000
vt 0.116361 0.828516 0.000000
vt 0.971840 0.445329 0.000000
vt 0.041697 0.877483 0.000000
vt 0.035555 0.876741 0.000000
vt 0.036244 0.891181 0.000000
vt 0.030534 0.888173 0.000000
vt 0.974816 0.457926 0.000000
vt 0.977832 0.472666 0.000000
vt 0.029577 0.875470 0.000000
vt 0.981184 0.483217 0.000000
vt 0.025213 0.884759 0.000000
vt 0.980839 0.499179 0.000000
vt 0.979160 0.509473 0.000000
vt 0.021185 0.916257 0.000000
vt 0.946510 0.578771 0.000000
vt 0.941292 0.606963 0.000000
vt 0.833095 0.581484 0.000000
vt 0.330210 0.058217 0.000000
vt 0.337617 0.072813 0.000000
vt 0.321872 0.066162 0.000000
vt 0.321614 0.053941 0.000000
vt 0.312695 0.070841 0.000000
vt 0.317033 0.048910 0.000000
vt 0.889657 0.653501 0.000000
vt 0.348674 0.087764 0.000000
vt 0.883165 0.649166 0.000000
vt 0.055939 0.846367 0.000000
vt 0.909769 0.662027 0.000000
vt 0.924303 0.658257 0.000000
vt 0.929134 0.654612 0.000000
vt 0.935792 0.616136 0.000000
vt 0.937207 0.635714 0.000000
vt 0.931914 0.645786 0.000000
vt 0.896335 0.657549 0.000000
vt 0.344946 0.088692 0.000000
vt 0.355062 0.098658 0.000000
vt 0.352601 0.102525 0.000000
vt 0.326835 0.077817 0.000000
vt 0.320919 0.075608 0.000000
vt 0.329606 0.081087 0.000000
vt 0.315103 0.078324 0.000000
vt 0.358830 0.108968 0.000000
vt 0.347490 0.108219 0.000000
vt 0.339037 0.106344 0.000000
vt 0.323094 0.101994 0.000000
vt 0.316061 0.100966 0.000000
vt 0.331662 0.088568 0.000000
vt 0.322078 0.090198 0.000000
vt 0.290465 0.112655 0.000000
vt 0.296902 0.104710 0.000000
vt 0.308716 0.092183 0.000000
vt 0.534271 0.832459 0.000000
vt 0.297509 0.082140 0.000000
vt 0.311202 0.083390 0.000000
vt 0.321435 0.082150 0.000000
vt 0.328564 0.015565 0.000000
vt 0.328843 0.025152 0.000000
vt 0.329219 0.035584 0.000000
vt 0.692759 0.247101 0.000000
vt 0.263219 0.180553 0.000000
vt 0.541965 0.877755 0.000000
vt 0.404157 0.879490 0.000000
vt 0.416803 0.891092 0.000000
vt 0.430921 0.907924 0.000000
vt 0.442984 0.926929 0.000000
vt 0.253885 0.597546 0.000000
vt 0.258753 0.590296 0.000000
vt 0.261571 0.583234 0.000000
vt 0.012870 0.029002 0.000000
vt 0.006701 0.027538 0.000000
vt 0.013034 0.001104 0.000000
vt 0.004906 0.001000 0.000000
vt 0.317156 0.654793 0.000000
vt 0.017403 0.006406 0.000000
vt 0.001000 0.008008 0.000000
vt 0.254417 0.213209 0.000000
vt 0.001047 0.022999 0.000000
vt 0.274649 0.153130 0.000000
vt 0.025415 0.032165 0.000000
vt 0.560834 0.218101 0.000000
vt 0.021468 0.009150 0.000000
vt 0.552136 0.215774 0.000000
vt 0.279699 0.115622 0.000000
vt 0.317126 0.666756 0.000000
vt 0.267656 0.721284 0.000000
vt 0.288403 0.753338 0.000000
vt 0.322029 0.774567 0.000000
vt 0.347324 0.779672 0.000000
vt 0.387125 0.767724 0.000000
vt 0.412668 0.742800 0.000000
vt 0.422114 0.719695 0.000000
vt 0.334212 0.613149 0.000000
vt 0.372267 0.661156 0.000000
vt 0.322526 0.643474 0.000000
vt 0.330857 0.666654 0.000000
vt 0.341505 0.672449 0.000000
vt 0.327354 0.667767 0.000000
vt 0.323015 0.649766 0.000000
vt 0.673532 0.217103 0.000000
vt 0.672530 0.224691 0.000000
vt 0.811730 0.463129 0.000000
vt 0.431292 0.191667 0.000000
vt 0.420779 0.180227 0.000000
vt 0.403815 0.162036 0.000000
vt 0.380996 0.140509 0.000000
vt 0.805929 0.533167 0.000000
vt 0.820689 0.502122 0.000000
vt 0.817343 0.482524 0.000000
vt 0.551436 0.488792 0.000000
vt 0.543374 0.490571 0.000000
vt 0.366175 0.107403 0.000000
vt 0.218581 0.321971 0.000000
vt 0.754310 0.233296 0.000000
vt 0.020823 0.013556 0.000000
vt 0.020452 0.018624 0.000000
vt 0.024663 0.009923 0.000000
vt 0.023727 0.024533 0.000000
vt 0.200585 0.712034 0.000000
vt 0.200997 0.702620 0.000000
vt 0.210765 0.699773 0.000000
vt 0.211654 0.711345 0.000000
vt 0.187383 0.716891 0.000000
vt 0.192282 0.709312 0.000000
vt 0.196756 0.723112 0.000000
vt 0.228004 0.708548 0.000000
vt 0.230156 0.722722 0.000000
vt 0.211116 0.724388 0.000000
vt 0.246823 0.716514 0.000000
vt 0.246796 0.737097 0.000000
vt 0.275236 0.737907 0.000000
vt 0.224789 0.740643 0.000000
vt 0.191400 0.754909 0.000000
vt 0.203931 0.739511 0.000000
vt 0.213154 0.761203 0.000000
vt 0.304574 0.766294 0.000000
vt 0.189139 0.734860 0.000000
vt 0.167940 0.754882 0.000000
vt 0.178978 0.745586 0.000000
vt 0.334792 0.778299 0.000000
vt 0.180532 0.768277 0.000000
vt 0.135723 0.738413 0.000000
vt 0.154988 0.739097 0.000000
vt 0.146942 0.760343 0.000000
vt 0.367339 0.776628 0.000000
vt 0.117475 0.711751 0.000000
vt 0.133010 0.719490 0.000000
vt 0.114862 0.732828 0.000000
vt 0.402081 0.756167 0.000000
vt 0.123808 0.697067 0.000000
vt 0.101536 0.702764 0.000000
vt 0.418449 0.731295 0.000000
vt 0.110952 0.687815 0.000000
vt 0.181317 0.726935 0.000000
vt 0.171170 0.734076 0.000000
vt 0.180145 0.709474 0.000000
vt 0.173825 0.716889 0.000000
vt 0.148587 0.723816 0.000000
vt 0.163459 0.722480 0.000000
vt 0.136669 0.702809 0.000000
vt 0.148649 0.708614 0.000000
vt 0.132907 0.684066 0.000000
vt 0.143673 0.690582 0.000000
vt 0.170306 0.705413 0.000000
vt 0.160865 0.709985 0.000000
vt 0.153364 0.694253 0.000000
vt 0.161881 0.696547 0.000000
vt 0.150448 0.679823 0.000000
vt 0.158372 0.684233 0.000000
vt 0.314276 0.714572 0.000000
vt 0.309447 0.700057 0.000000
vt 0.313010 0.693670 0.000000
vt 0.320283 0.710274 0.000000
vt 0.326681 0.725359 0.000000
vt 0.328688 0.708287 0.000000
vt 0.334262 0.722635 0.000000
vt 0.313557 0.728804 0.000000
vt 0.294091 0.727725 0.000000
vt 0.298596 0.713034 0.000000
vt 0.296151 0.745706 0.000000
vt 0.277917 0.719045 0.000000
vt 0.315829 0.746463 0.000000
vt 0.325629 0.763389 0.000000
vt 0.331826 0.740954 0.000000
vt 0.338890 0.756379 0.000000
vt 0.347990 0.767719 0.000000
vt 0.361764 0.755420 0.000000
vt 0.379914 0.758564 0.000000
vt 0.385166 0.741243 0.000000
vt 0.401950 0.736565 0.000000
vt 0.411538 0.715311 0.000000
vt 0.398479 0.721021 0.000000
vt 0.348852 0.747630 0.000000
vt 0.340692 0.736318 0.000000
vt 0.347953 0.729394 0.000000
vt 0.341172 0.720700 0.000000
vt 0.358434 0.738090 0.000000
vt 0.371019 0.741573 0.000000
vt 0.375733 0.726922 0.000000
vt 0.386691 0.724289 0.000000
vt 0.385447 0.710102 0.000000
vt 0.394897 0.706146 0.000000
vt 0.364013 0.725479 0.000000
vt 0.353186 0.721766 0.000000
vt 0.360531 0.709346 0.000000
vt 0.375568 0.710802 0.000000
vt 0.369453 0.696858 0.000000
vt 0.379656 0.695037 0.000000
vt 0.205450 0.706603 0.000000
vt 0.194204 0.715533 0.000000
vt 0.220761 0.716884 0.000000
vt 0.238466 0.729102 0.000000
vt 0.208157 0.749742 0.000000
vt 0.200159 0.730903 0.000000
vt 0.179379 0.756259 0.000000
vt 0.151228 0.749083 0.000000
vt 0.124504 0.725492 0.000000
vt 0.113533 0.700144 0.000000
vt 0.180222 0.736164 0.000000
vt 0.180613 0.717783 0.000000
vt 0.159366 0.730728 0.000000
vt 0.141064 0.714026 0.000000
vt 0.134208 0.693883 0.000000
vt 0.167143 0.713467 0.000000
vt 0.156202 0.702967 0.000000
vt 0.151721 0.687665 0.000000
vt 0.314525 0.706258 0.000000
vt 0.327291 0.717284 0.000000
vt 0.306061 0.722158 0.000000
vt 0.284839 0.732888 0.000000
vt 0.310531 0.756392 0.000000
vt 0.322386 0.735373 0.000000
vt 0.337008 0.767192 0.000000
vt 0.363921 0.765308 0.000000
vt 0.392783 0.748527 0.000000
vt 0.407662 0.726365 0.000000
vt 0.339989 0.745736 0.000000
vt 0.340631 0.727668 0.000000
vt 0.360217 0.746549 0.000000
vt 0.379926 0.734080 0.000000
vt 0.391640 0.715923 0.000000
vt 0.356447 0.729146 0.000000
vt 0.370948 0.719292 0.000000
vt 0.378210 0.703505 0.000000
vt 0.294949 0.702487 0.000000
vt 0.284208 0.706474 0.000000
vt 0.276056 0.707546 0.000000
vt 0.232533 0.700168 0.000000
vt 0.242442 0.703024 0.000000
vt 0.252176 0.706288 0.000000
vt 0.216597 0.690575 0.000000
vt 0.215811 0.684211 0.000000
vt 0.208189 0.683813 0.000000
vt 0.200774 0.684477 0.000000
vt 0.190698 0.690330 0.000000
vt 0.198515 0.679201 0.000000
vt 0.196362 0.673744 0.000000
vt 0.194846 0.668734 0.000000
vt 0.187895 0.665826 0.000000
vt 0.162952 0.680587 0.000000
vt 0.161353 0.675030 0.000000
vt 0.162394 0.666132 0.000000
vt 0.159533 0.665695 0.000000
vt 0.150535 0.666830 0.000000
vt 0.131880 0.670168 0.000000
vt 0.120645 0.671286 0.000000
vt 0.108968 0.671867 0.000000
vt 0.413445 0.703131 0.000000
vt 0.405105 0.698612 0.000000
vt 0.397567 0.693480 0.000000
vt 0.424810 0.693586 0.000000
vt 0.393468 0.872919 0.000000
vt 0.380077 0.680841 0.000000
vt 0.377276 0.678232 0.000000
vt 0.370271 0.676997 0.000000
vt 0.362063 0.679282 0.000000
vt 0.360445 0.685303 0.000000
vt 0.359506 0.691065 0.000000
vt 0.345089 0.698970 0.000000
vt 0.337457 0.694769 0.000000
vt 0.334042 0.698689 0.000000
vt 0.183499 0.690948 0.000000
vt 0.175756 0.694403 0.000000
vt 0.188623 0.698937 0.000000
vt 0.203363 0.688932 0.000000
vt 0.198286 0.694019 0.000000
vt 0.194452 0.699427 0.000000
vt 0.182801 0.698825 0.000000
# 3391 texture coords

o Ekershe_Sasha_lp
g Ekershe_Sasha_lp
usemtl wire_023023023
s 1
f 250/2 249/3 6/4 
f 6/4 5/1 250/2 
f 2799/3232 13/7 2913/3352 
f 2913/3352 2914/3353 2799/3232 
f 2912/3351 2913/3352 13/7 
f 13/7 2796/3229 2912/3351 
f 10/8 35/11 34/12 
f 34/12 9/5 10/8 
f 15/14 35/11 36/15 
f 36/15 16/13 15/14 
f 42/17 34/12 14/18 
f 14/18 17/16 42/17 
f 37/20 36/15 11/10 
f 11/10 18/19 37/20 
f 38/22 37/20 18/19 
f 18/19 20/21 38/22 
f 22/23 39/24 38/22 
f 38/22 20/21 22/23 
f 39/24 22/23 2267/26 
f 2267/26 2268/25 39/24 
f 41/27 40/28 24/29 
f 24/29 26/30 41/27 
f 41/27 42/17 17/16 
f 17/16 27/31 41/27 
f 28/32 29/33 14/18 
f 14/18 15/14 28/32 
f 30/34 28/32 15/14 
f 15/14 16/13 30/34 
f 31/36 30/34 16/13 
f 16/13 19/35 31/36 
f 21/37 23/38 31/36 
f 31/36 19/35 21/37 
f 14/18 29/33 32/39 
f 32/39 17/16 14/18 
f 17/16 32/39 33/40 
f 33/40 27/31 17/16 
f 35/11 15/14 14/18 
f 14/18 34/12 35/11 
f 10/8 11/10 36/15 
f 36/15 35/11 10/8 
f 917/41 9/5 34/12 
f 34/12 42/17 917/41 
f 19/35 16/13 36/15 
f 36/15 37/20 19/35 
f 21/37 19/35 37/20 
f 37/20 38/22 21/37 
f 23/38 21/37 38/22 
f 38/22 39/24 23/38 
f 23/38 39/24 2268/25 
f 2268/25 2269/42 23/38 
f 27/31 25/43 40/28 
f 40/28 41/27 27/31 
f 26/30 917/41 42/17 
f 42/17 41/27 26/30 
f 27/31 33/40 43/44 
f 43/44 25/43 27/31 
f 23/38 2269/42 2270/45 
f 2270/45 31/36 23/38 
f 29/33 28/32 2272/47 
f 2272/47 2273/46 29/33 
f 2273/46 33/40 32/39 
f 32/39 29/33 2273/46 
f 45/48 46/49 24/29 
f 24/29 44/50 45/48 
f 24/29 46/49 47/51 
f 47/51 26/30 24/29 
f 48/52 924/53 46/49 
f 46/49 45/48 48/52 
f 46/49 924/53 925/54 
f 925/54 47/51 46/49 
f 26/30 47/51 925/54 
f 925/54 917/41 26/30 
f 49/55 48/52 45/48 
f 45/48 44/50 49/55 
f 51/57 49/55 44/50 
f 44/50 50/56 51/57 
f 44/50 2283/58 2285/59 
f 2285/59 50/56 44/50 
f 53/60 54/61 51/57 
f 51/57 50/56 53/60 
f 52/62 55/63 2285/59 
f 56/64 932/65 54/61 
f 54/61 53/60 56/64 
f 55/63 57/66 56/64 
f 56/64 53/60 55/63 
f 59/68 932/65 56/64 
f 56/64 58/67 59/68 
f 60/69 58/67 56/64 
f 56/64 57/66 60/69 
f 61/70 936/71 59/68 
f 59/68 58/67 61/70 
f 62/72 61/70 58/67 
f 58/67 60/69 62/72 
f 64/74 52/62 2284/75 
f 2284/75 63/73 64/74 
f 66/77 71/78 72/79 
f 72/79 65/76 66/77 
f 67/80 68/81 66/77 
f 66/77 65/76 67/80 
f 67/80 62/72 60/69 
f 60/69 68/81 67/80 
f 52/62 64/74 69/82 
f 69/82 55/63 52/62 
f 70/83 68/81 60/69 
f 60/69 57/66 70/83 
f 69/82 70/83 57/66 
f 57/66 55/63 69/82 
f 64/74 63/73 2278/85 
f 2278/85 2279/84 64/74 
f 69/82 64/74 2279/84 
f 2279/84 2280/86 69/82 
f 74/88 936/71 61/70 
f 61/70 73/87 74/88 
f 75/89 73/87 61/70 
f 61/70 62/72 75/89 
f 76/90 75/89 62/72 
f 62/72 67/80 76/90 
f 77/91 76/90 67/80 
f 67/80 65/76 77/91 
f 78/92 77/91 65/76 
f 65/76 72/79 78/92 
f 63/73 79/93 2277/94 
f 2277/94 2278/85 63/73 
f 72/79 80/96 81/95 
f 81/95 78/92 72/79 
f 82/97 79/93 22/23 
f 22/23 20/21 82/97 
f 79/93 82/97 2276/98 
f 2276/98 2277/94 79/93 
f 85/100 20/21 18/19 
f 18/19 84/99 85/100 
f 20/21 85/100 86/101 
f 86/101 82/97 20/21 
f 2276/98 82/97 86/101 
f 86/101 2275/102 2276/98 
f 83/105 87/106 88/103 
f 88/103 341/104 83/105 
f 89/107 90/108 88/103 
f 88/103 87/106 89/107 
f 2922/3361 2923/3362 2274/110 
f 86/101 2922/3361 2274/110 
f 2275/102 86/101 2274/110 
f 86/101 85/100 2921/3360 
f 2921/3360 2922/3361 86/101 
f 94/113 88/103 90/108 
f 90/108 93/112 94/113 
f 341/104 95/115 96/114 
f 96/114 81/95 341/104 
f 81/95 96/114 97/116 
f 97/116 78/92 81/95 
f 78/92 97/116 98/117 
f 98/117 77/91 78/92 
f 77/91 98/117 99/118 
f 99/118 76/90 77/91 
f 76/90 99/118 100/119 
f 100/119 75/89 76/90 
f 75/89 100/119 101/120 
f 101/120 73/87 75/89 
f 73/87 101/120 968/121 
f 968/121 74/88 73/87 
f 2921/3360 85/100 84/99 
f 84/99 2920/3359 2921/3360 
f 2916/3355 18/19 11/10 
f 11/10 2915/3354 2916/3355 
f 2915/3354 11/10 12/9 
f 12/9 2791/3224 2915/3354 
f 2918/3357 2920/3359 84/99 
f 84/99 2917/3356 2918/3357 
f 2931/3370 2935/146 118/147 
f 118/147 2930/3369 2931/3370 
f 2928/3367 126/158 130/159 
f 130/159 2927/3366 2928/3367 
f 2926/3365 133/162 132/161 
f 132/161 2925/3364 2926/3365 
f 134/163 135/164 133/162 
f 133/162 130/159 134/163 
f 135/164 90/108 89/107 
f 89/107 133/162 135/164 
f 137/166 92/111 102/122 
f 102/122 136/165 137/166 
f 138/167 136/165 102/122 
f 102/122 131/160 138/167 
f 92/111 137/166 139/168 
f 139/168 91/109 92/111 
f 2923/3362 91/109 139/168 
f 139/168 2274/110 2923/3362 
f 89/107 140/170 141/169 
f 141/169 133/162 89/107 
f 133/162 141/169 142/171 
f 142/171 132/161 133/162 
f 2833/3272 2924/3363 144/176 
f 144/176 128/156 2833/3272 
f 145/177 144/176 132/161 
f 132/161 142/171 145/177 
f 144/176 145/177 146/178 
f 146/178 143/175 144/176 
f 148/180 146/178 145/177 
f 145/177 147/179 148/180 
f 149/917 147/179 145/177 
f 145/177 142/171 149/917 
f 150/918 149/917 142/171 
f 142/171 141/169 150/918 
f 151/920 152/921 153/919 
f 153/919 150/918 151/920 
f 150/918 153/919 154/922 
f 154/922 149/917 150/918 
f 149/917 154/922 155/923 
f 155/923 147/179 149/917 
f 147/179 155/923 156/924 
f 156/924 148/180 147/179 
f 158/926 157/925 148/180 
f 148/180 156/924 158/926 
f 136/165 159/928 160/927 
f 160/927 137/166 136/165 
f 161/929 159/928 157/925 
f 157/925 158/926 161/929 
f 158/926 156/924 155/923 
f 155/923 161/929 158/926 
f 162/930 161/929 155/923 
f 155/923 154/922 162/930 
f 163/931 162/930 154/922 
f 154/922 153/919 163/931 
f 163/931 153/919 152/921 
f 152/921 139/168 163/931 
f 163/931 139/168 137/166 
f 137/166 160/927 163/931 
f 161/929 162/930 160/927 
f 160/927 159/928 161/929 
f 160/927 162/930 163/931 
f 164/136 134/123 130/124 
f 130/124 126/132 164/136 
f 118/141 2935/142 166/172 
f 166/172 165/140 118/141 
f 167/932 168/933 968/121 
f 968/121 101/120 167/932 
f 169/934 167/932 101/120 
f 101/120 100/119 169/934 
f 170/935 169/934 100/119 
f 100/119 99/118 170/935 
f 171/936 170/935 99/118 
f 99/118 98/117 171/936 
f 172/937 171/936 98/117 
f 98/117 97/116 172/937 
f 173/938 172/937 97/116 
f 97/116 96/114 173/938 
f 174/939 173/938 96/114 
f 96/114 95/115 174/939 
f 175/940 1008/941 168/933 
f 168/933 167/932 175/940 
f 167/932 169/934 170/935 
f 170/935 175/940 167/932 
f 176/942 175/940 170/935 
f 170/935 171/936 176/942 
f 175/940 176/942 1010/943 
f 1010/943 1008/941 175/940 
f 177/944 176/942 171/936 
f 171/936 172/937 177/944 
f 176/942 177/944 1012/945 
f 1012/945 1010/943 176/942 
f 173/938 174/939 177/944 
f 177/944 172/937 173/938 
f 178/946 174/939 95/115 
f 95/115 94/113 178/946 
f 179/947 178/946 94/113 
f 94/113 93/112 179/947 
f 179/947 93/112 90/108 
f 90/108 135/164 179/947 
f 179/181 180/182 181/173 
f 181/173 178/174 179/181 
f 178/174 181/173 182/183 
f 182/183 174/184 178/174 
f 186/186 185/185 165/140 
f 165/140 166/172 186/186 
f 187/187 188/188 185/185 
f 185/185 186/186 187/187 
f 189/189 190/190 188/188 
f 188/188 187/187 189/189 
f 191/192 190/239 189/240 
f 189/240 1022/191 191/192 
f 183/195 185/185 192/193 
f 192/193 184/194 183/195 
f 193/196 192/193 185/185 
f 185/185 188/188 193/196 
f 194/197 193/196 188/188 
f 188/188 190/190 194/197 
f 195/198 196/199 184/194 
f 184/194 192/193 195/198 
f 197/200 195/198 192/193 
f 192/193 193/196 197/200 
f 198/201 197/200 193/196 
f 193/196 194/197 198/201 
f 180/182 202/203 203/202 
f 203/202 181/173 180/182 
f 201/205 204/206 206/204 
f 206/204 202/203 201/205 
f 207/208 206/204 204/206 
f 204/206 205/207 207/208 
f 181/173 203/202 208/209 
f 208/209 182/183 181/173 
f 208/209 177/210 174/184 
f 174/184 182/183 208/209 
f 209/211 208/209 203/202 
f 203/202 202/203 209/211 
f 208/209 209/211 1012/212 
f 1012/212 177/210 208/209 
f 210/213 209/211 202/203 
f 202/203 206/204 210/213 
f 211/214 210/213 206/204 
f 206/204 207/208 211/214 
f 1012/212 209/211 210/213 
f 210/213 211/214 1012/212 
f 213/216 207/208 205/207 
f 205/207 212/215 213/216 
f 215/220 214/217 200/218 
f 200/218 199/219 215/220 
f 2405/222 2426/223 2427/224 
f 2427/224 216/221 2405/222 
f 218/226 217/225 196/199 
f 196/199 195/198 218/226 
f 217/225 218/226 219/227 
f 219/227 216/221 217/225 
f 216/221 219/227 220/228 
f 220/228 2405/222 216/221 
f 221/229 218/226 195/198 
f 195/198 197/200 221/229 
f 218/226 221/229 222/230 
f 222/230 219/227 218/226 
f 2422/231 224/232 220/228 
f 226/234 224/232 2422/231 
f 2422/231 2423/233 226/234 
f 222/230 225/235 223/236 
f 223/236 219/227 222/230 
f 227/237 221/229 197/200 
f 197/200 198/201 227/237 
f 221/229 227/237 228/238 
f 228/238 222/230 221/229 
f 228/238 226/234 2423/233 
f 230/242 191/192 1022/191 
f 1022/191 229/241 230/242 
f 231/244 230/242 229/241 
f 229/241 1057/243 231/244 
f 232/245 233/246 230/242 
f 230/242 231/244 232/245 
f 234/247 235/248 233/246 
f 233/246 232/245 234/247 
f 191/192 230/242 233/246 
f 233/246 235/248 191/192 
f 237/250 228/251 227/252 
f 227/252 236/249 237/250 
f 236/249 235/248 234/247 
f 234/247 237/250 236/249 
f 198/253 194/254 236/249 
f 236/249 227/252 198/253 
f 190/239 191/192 236/249 
f 236/249 194/254 190/239 
f 191/192 235/248 236/249 
f 215/257 8/258 238/255 
f 238/255 214/256 215/257 
f 214/256 238/255 239/259 
f 239/259 212/260 214/256 
f 212/260 239/259 240/261 
f 240/261 213/262 212/260 
f 5/1 6/4 241/264 
f 241/264 242/263 5/1 
f 2414/265 2410/266 247/267 
f 247/267 2413/268 2414/265 
f 2417/269 245/270 2419/271 
f 251/273 2430/274 2417/269 
f 2417/269 253/272 251/273 
f 250/2 251/273 254/275 
f 254/275 3/276 250/2 
f 254/275 251/273 253/272 
f 253/272 255/277 254/275 
f 3/276 254/275 256/278 
f 256/278 1/279 3/276 
f 256/278 257/281 258/280 
f 258/280 1/279 256/278 
f 262/283 260/282 241/264 
f 241/264 6/4 262/283 
f 260/282 262/283 263/284 
f 263/284 261/285 260/282 
f 264/286 262/283 6/4 
f 6/4 249/3 264/286 
f 262/283 264/286 265/287 
f 265/287 263/284 262/283 
f 266/289 264/286 249/3 
f 249/3 4/288 266/289 
f 264/286 266/289 1080/290 
f 1080/290 265/287 264/286 
f 267/292 266/289 4/288 
f 4/288 2/291 267/292 
f 266/289 267/292 1082/293 
f 1082/293 1080/290 266/289 
f 268/295 267/292 2/291 
f 2/291 259/294 268/295 
f 267/292 268/295 1084/296 
f 1084/296 1082/293 267/292 
f 1086/299 1084/296 268/295 
f 268/295 269/298 1086/299 
f 270/300 269/298 268/295 
f 268/295 259/294 270/300 
f 259/294 272/302 273/301 
f 273/301 270/300 259/294 
f 275/304 273/301 272/302 
f 272/302 274/303 275/304 
f 1094/306 1086/299 269/298 
f 269/298 276/305 1094/306 
f 277/307 276/305 269/298 
f 269/298 270/300 277/307 
f 270/300 273/301 275/304 
f 275/304 277/307 270/300 
f 277/622 275/624 278/297 
f 278/297 276/621 277/622 
f 279/308 1098/309 1094/306 
f 1094/306 276/305 279/308 
f 281/311 274/303 272/302 
f 272/302 271/310 281/311 
f 282/312 271/310 258/280 
f 258/280 257/281 282/312 
f 271/310 282/312 283/313 
f 283/313 281/311 271/310 
f 284/314 285/315 254/275 
f 254/275 255/277 284/314 
f 286/316 254/275 285/315 
f 256/278 286/316 287/317 
f 287/317 257/281 256/278 
f 288/318 289/319 285/3207 
f 285/3207 284/3206 288/318 
f 285/3207 289/319 290/320 
f 290/320 286/3208 285/3207 
f 286/3208 290/320 291/321 
f 291/321 287/3209 286/3208 
f 293/323 289/319 288/318 
f 288/318 292/322 293/323 
f 289/319 293/323 294/327 
f 294/327 290/320 289/319 
f 290/320 294/327 295/328 
f 295/328 291/321 290/320 
f 294/327 231/244 1057/243 
f 1057/243 295/328 294/327 
f 296/331 231/244 294/327 
f 294/327 293/323 296/331 
f 231/244 296/331 297/332 
f 297/332 232/245 231/244 
f 298/333 296/331 293/323 
f 293/323 292/322 298/333 
f 296/331 298/333 299/334 
f 299/334 297/332 296/331 
f 297/332 299/334 300/335 
f 300/335 232/245 297/332 
f 232/245 300/335 301/336 
f 301/336 234/247 232/245 
f 237/250 234/247 301/336 
f 301/336 228/251 237/250 
f 303/338 300/3211 299/3210 
f 299/3210 302/337 303/338 
f 305/361 304/324 298/325 
f 298/325 292/326 305/361 
f 306/363 305/361 292/326 
f 292/326 288/362 306/363 
f 300/3211 303/338 307/339 
f 307/339 301/3212 300/3211 
f 301/3212 307/339 308/340 
f 308/340 228/3205 301/3212 
f 2424/329 226/234 228/238 
f 2425/330 224/232 226/234 
f 226/234 2424/329 2425/330 
f 220/228 224/232 2425/330 
f 243/343 310/344 311/341 
f 311/341 244/342 243/343 
f 244/342 311/341 312/345 
f 312/345 246/346 244/342 
f 2410/266 313/348 314/347 
f 314/347 247/267 2410/266 
f 315/349 316/350 314/347 
f 314/347 313/348 315/349 
f 318/352 317/351 246/346 
f 246/346 312/345 318/352 
f 320/354 316/350 315/349 
f 315/349 319/353 320/354 
f 313/348 2415/356 321/355 
f 321/355 315/349 313/348 
f 315/349 321/355 322/357 
f 322/357 319/353 315/349 
f 323/358 322/357 321/355 
f 321/355 318/352 323/358 
f 324/359 323/358 318/352 
f 318/352 312/345 324/359 
f 325/360 324/359 312/345 
f 312/345 311/341 325/360 
f 325/360 311/341 310/344 
f 310/344 309/440 325/360 
f 326/441 325/360 309/440 
f 309/440 308/340 326/441 
f 327/442 328/443 320/354 
f 320/354 319/353 327/442 
f 329/444 327/442 319/353 
f 319/353 322/357 329/444 
f 330/445 329/444 322/357 
f 322/357 323/358 330/445 
f 331/446 330/445 323/358 
f 323/358 324/359 331/446 
f 325/360 326/441 331/446 
f 331/446 324/359 325/360 
f 332/447 326/441 308/340 
f 308/340 307/339 332/447 
f 332/447 307/339 2441/448 
f 326/441 332/447 333/449 
f 333/449 331/446 326/441 
f 333/449 332/447 2444/450 
f 331/446 333/449 335/451 
f 335/451 330/445 331/446 
f 335/451 333/449 2444/450 
f 2444/450 2445/452 335/451 
f 330/445 335/451 337/453 
f 337/453 329/444 330/445 
f 337/453 335/451 2445/452 
f 2445/452 2446/454 337/453 
f 329/444 337/453 339/872 
f 339/872 327/442 329/444 
f 337/453 2446/454 340/873 
f 340/873 339/872 337/453 
f 340/873 328/443 327/442 
f 327/442 339/872 340/873 
f 302/366 299/367 342/364 
f 342/364 334/365 302/366 
f 343/368 299/367 298/325 
f 298/325 304/324 343/368 
f 343/368 342/364 299/367 
f 334/365 342/364 344/369 
f 344/369 336/370 334/365 
f 336/370 344/369 345/371 
f 345/371 338/372 336/370 
f 345/371 346/373 340/374 
f 340/374 338/372 345/371 
f 340/374 346/373 347/375 
f 347/375 328/376 340/374 
f 348/377 342/364 343/368 
f 343/368 304/324 348/377 
f 349/378 348/377 304/324 
f 304/324 305/361 349/378 
f 350/379 349/378 305/361 
f 305/361 306/363 350/379 
f 342/364 348/377 351/380 
f 351/380 344/369 342/364 
f 352/381 351/380 348/377 
f 348/377 349/378 352/381 
f 353/382 352/381 349/378 
f 349/378 350/379 353/382 
f 344/369 351/380 354/383 
f 354/383 345/371 344/369 
f 355/384 354/383 351/380 
f 351/380 352/381 355/384 
f 356/385 355/384 352/381 
f 352/381 353/382 356/385 
f 345/371 354/383 357/386 
f 357/386 346/373 345/371 
f 358/387 357/386 354/383 
f 354/383 355/384 358/387 
f 359/388 358/387 355/384 
f 355/384 356/385 359/388 
f 346/373 357/386 360/389 
f 360/389 347/375 346/373 
f 361/390 360/389 357/386 
f 357/386 358/387 361/390 
f 362/391 361/390 358/387 
f 358/387 359/388 362/391 
f 328/376 347/375 363/392 
f 363/392 320/393 328/376 
f 364/394 363/392 347/375 
f 347/375 360/389 364/394 
f 365/395 364/394 360/389 
f 360/389 361/390 365/395 
f 367/397 365/395 361/390 
f 361/390 366/396 367/397 
f 369/399 367/397 366/396 
f 366/396 368/398 369/399 
f 370/400 371/401 369/399 
f 369/399 368/398 370/400 
f 372/402 373/403 371/401 
f 371/401 370/400 372/402 
f 374/404 375/405 284/406 
f 284/406 255/407 374/404 
f 377/409 375/405 374/404 
f 374/404 376/408 377/409 
f 379/411 253/412 252/413 
f 252/413 378/410 379/411 
f 379/411 374/404 255/407 
f 255/407 253/412 379/411 
f 380/415 378/410 252/413 
f 252/413 248/414 380/415 
f 381/417 380/415 248/414 
f 248/414 314/416 381/417 
f 316/418 320/393 381/417 
f 381/417 314/416 316/418 
f 320/393 363/392 382/419 
f 382/419 381/417 320/393 
f 381/417 382/419 383/420 
f 383/420 380/415 381/417 
f 380/415 383/420 384/421 
f 384/421 378/410 380/415 
f 379/411 378/410 384/421 
f 384/421 374/404 379/411 
f 385/422 382/419 363/392 
f 363/392 364/394 385/422 
f 382/419 385/422 386/423 
f 386/423 383/420 382/419 
f 383/420 386/423 387/424 
f 387/424 384/421 383/420 
f 387/424 376/408 374/404 
f 374/404 384/421 387/424 
f 388/425 385/422 364/394 
f 364/394 365/395 388/425 
f 385/422 388/425 389/426 
f 389/426 386/423 385/422 
f 386/423 389/426 390/427 
f 390/427 387/424 386/423 
f 387/424 390/427 391/428 
f 391/428 376/408 387/424 
f 392/429 388/425 365/395 
f 365/395 367/397 392/429 
f 388/425 392/429 393/430 
f 393/430 389/426 388/425 
f 389/426 393/430 394/431 
f 394/431 390/427 389/426 
f 390/427 394/431 395/432 
f 395/432 391/428 390/427 
f 367/397 369/399 393/430 
f 393/430 392/429 367/397 
f 371/401 394/431 393/430 
f 393/430 369/399 371/401 
f 373/403 395/432 394/431 
f 394/431 371/401 373/403 
f 376/408 391/428 396/433 
f 396/433 377/409 376/408 
f 397/434 396/433 391/428 
f 391/428 395/432 397/434 
f 398/435 397/434 395/432 
f 395/432 373/403 398/435 
f 399/436 398/435 373/403 
f 373/403 372/402 399/436 
f 375/405 306/3014 288/3013 
f 288/3013 284/406 375/405 
f 400/437 306/3014 375/405 
f 375/405 377/409 400/437 
f 401/438 400/437 377/409 
f 377/409 396/433 401/438 
f 396/433 397/434 398/435 
f 398/435 401/438 396/433 
f 402/439 401/3028 398/3015 
f 398/3015 399/3026 402/439 
f 306/363 400/3027 403/455 
f 403/455 350/379 306/363 
f 404/456 403/455 400/3027 
f 400/3027 401/3028 404/456 
f 405/457 404/456 401/3028 
f 401/3028 402/439 405/457 
f 350/379 403/455 406/458 
f 406/458 353/382 350/379 
f 407/459 408/460 362/391 
f 362/391 359/388 407/459 
f 409/461 407/459 359/388 
f 359/388 356/385 409/461 
f 406/458 409/461 356/385 
f 356/385 353/382 406/458 
f 409/461 406/458 410/462 
f 410/462 407/459 409/461 
f 411/463 410/462 406/458 
f 406/458 403/455 411/463 
f 404/456 405/457 411/463 
f 411/463 403/455 404/456 
f 399/3026 412/464 413/465 
f 413/465 402/439 399/3026 
f 402/439 413/465 414/466 
f 414/466 405/457 402/439 
f 405/457 414/466 415/467 
f 415/467 411/463 405/457 
f 411/463 415/467 416/468 
f 416/468 410/462 411/463 
f 410/462 416/468 417/469 
f 417/469 407/459 410/462 
f 407/459 417/469 418/470 
f 418/470 408/460 407/459 
f 416/468 415/467 414/466 
f 414/466 413/465 416/468 
f 416/468 413/465 419/471 
f 419/471 417/469 416/468 
f 420/472 419/471 413/465 
f 413/465 412/464 420/472 
f 341/104 81/95 80/96 
f 80/96 83/105 341/104 
f 341/104 88/103 94/113 
f 94/113 95/115 341/104 
f 152/921 151/920 140/170 
f 140/170 139/168 152/921 
f 422/875 295/328 1057/243 
f 1057/243 421/874 422/875 
f 424/904 422/875 421/874 
f 421/874 423/903 424/904 
f 295/328 422/875 425/905 
f 425/905 291/321 295/328 
f 426/906 425/905 422/875 
f 422/875 424/904 426/906 
f 291/321 425/905 428/907 
f 428/907 287/3209 291/321 
f 429/908 428/907 425/905 
f 425/905 426/906 429/908 
f 282/312 431/910 432/909 
f 432/909 283/313 282/312 
f 434/912 432/909 431/910 
f 431/910 433/911 434/912 
f 430/913 434/912 433/911 
f 433/911 429/3214 430/913 
f 435/914 431/910 282/312 
f 282/312 257/281 435/914 
f 436/915 435/914 257/281 
f 257/281 287/317 436/915 
f 436/915 433/911 431/910 
f 431/910 435/914 436/915 
f 428/3213 429/3214 433/911 
f 433/911 436/915 428/3213 
f 287/317 428/3213 436/915 
f 438/474 366/396 361/390 
f 361/390 437/473 438/474 
f 366/396 438/474 439/475 
f 439/475 368/398 366/396 
f 368/398 439/475 440/476 
f 440/476 370/400 368/398 
f 441/477 372/402 370/400 
f 370/400 440/476 441/477 
f 372/402 441/477 412/3029 
f 412/3029 399/436 372/402 
f 412/3029 441/477 442/478 
f 442/478 420/3030 412/3029 
f 443/479 442/478 441/477 
f 441/477 440/476 443/479 
f 444/480 443/479 440/476 
f 440/476 439/475 444/480 
f 361/390 362/391 445/481 
f 445/481 437/473 361/390 
f 455/482 445/481 362/391 
f 362/391 408/460 455/482 
f 446/483 455/482 408/460 
f 408/460 418/470 446/483 
f 447/484 446/483 418/470 
f 418/470 417/469 447/484 
f 448/485 447/484 417/469 
f 417/469 419/471 448/485 
f 450/487 444/480 439/475 
f 439/475 449/486 450/487 
f 451/488 449/486 439/475 
f 439/475 438/474 451/488 
f 453/490 450/487 449/486 
f 449/486 452/489 453/490 
f 454/491 452/489 449/486 
f 449/486 451/488 454/491 
f 454/491 451/488 438/474 
f 438/474 437/473 454/491 
f 455/482 454/491 437/473 
f 437/473 445/481 455/482 
f 454/491 455/482 456/492 
f 456/492 452/489 454/491 
f 452/489 456/492 457/493 
f 457/493 453/490 452/489 
f 456/492 455/482 446/483 
f 446/483 457/493 456/492 
f 458/494 457/493 446/483 
f 446/483 447/484 458/494 
f 459/495 458/494 447/484 
f 447/484 448/485 459/495 
f 420/472 459/495 448/485 
f 448/485 419/471 420/472 
f 460/496 461/497 443/479 
f 443/479 444/480 460/496 
f 462/498 463/499 461/497 
f 461/497 460/496 462/498 
f 442/478 443/479 461/497 
f 461/497 463/499 442/478 
f 442/478 463/499 464/500 
f 464/500 420/3030 442/478 
f 465/501 464/500 463/499 
f 463/499 462/498 465/501 
f 464/3031 465/3032 459/495 
f 459/495 420/472 464/3031 
f 467/503 458/494 459/495 
f 459/495 466/502 467/503 
f 458/494 467/503 468/504 
f 468/504 457/493 458/494 
f 457/493 468/504 469/505 
f 469/505 453/490 457/493 
f 453/490 469/505 470/506 
f 470/506 450/487 453/490 
f 450/487 470/506 471/507 
f 471/507 444/480 450/487 
f 444/480 471/507 472/508 
f 472/508 460/496 444/480 
f 460/496 472/508 473/509 
f 473/509 462/498 460/496 
f 462/498 473/509 474/510 
f 474/510 465/501 462/498 
f 465/3032 474/3033 466/502 
f 466/502 459/495 465/3032 
f 476/512 468/504 467/503 
f 467/503 475/511 476/512 
f 477/513 475/511 467/503 
f 467/503 466/502 477/513 
f 478/514 477/513 466/502 
f 466/502 474/3033 478/514 
f 468/504 476/512 479/515 
f 479/515 469/505 468/504 
f 469/505 479/515 480/516 
f 480/516 470/506 469/505 
f 470/506 480/516 481/517 
f 481/517 471/507 470/506 
f 471/507 481/517 482/518 
f 482/518 472/508 471/507 
f 472/508 482/518 483/519 
f 483/519 473/509 472/508 
f 483/519 478/3034 474/510 
f 474/510 473/509 483/519 
f 485/521 476/512 475/511 
f 475/511 484/520 485/521 
f 486/522 484/520 475/511 
f 475/511 477/513 486/522 
f 476/512 485/521 487/523 
f 487/523 479/515 476/512 
f 479/515 487/523 488/524 
f 488/524 480/516 479/515 
f 480/516 488/524 489/525 
f 489/525 481/517 480/516 
f 481/517 489/525 490/526 
f 490/526 482/518 481/517 
f 482/518 490/526 491/527 
f 491/527 483/519 482/518 
f 483/519 491/527 492/528 
f 492/528 478/3034 483/519 
f 478/514 492/3035 486/522 
f 486/522 477/513 478/514 
f 494/530 486/522 492/3035 
f 492/3035 493/529 494/530 
f 486/522 494/530 495/531 
f 495/531 484/520 486/522 
f 484/520 495/531 496/532 
f 496/532 485/521 484/520 
f 497/533 487/523 2716/534 
f 487/523 497/533 498/535 
f 498/535 488/524 487/523 
f 488/524 498/535 499/536 
f 499/536 489/525 488/524 
f 489/525 2783/539 2786/540 
f 2786/540 490/526 489/525 
f 2783/539 489/525 499/536 
f 499/536 2768/542 2783/539 
f 504/544 501/545 500/546 
f 500/546 503/543 504/544 
f 505/548 503/543 500/546 
f 500/546 502/547 505/548 
f 507/550 504/544 503/543 
f 503/543 506/549 507/550 
f 509/552 503/543 505/548 
f 505/548 508/551 509/552 
f 503/543 509/552 510/553 
f 510/553 506/549 503/543 
f 512/555 504/544 507/550 
f 507/550 511/554 512/555 
f 513/556 511/554 507/550 
f 507/550 506/549 513/556 
f 2777/557 2778/558 514/559 
f 514/559 2568/560 2777/557 
f 490/526 501/545 515/561 
f 515/561 491/527 490/526 
f 515/561 493/563 492/528 
f 492/528 491/527 515/561 
f 516/565 515/561 501/545 
f 501/545 504/544 516/565 
f 515/561 516/565 517/566 
f 517/566 493/563 515/561 
f 2787/584 518/585 2586/586 
f 2586/586 2776/587 2787/584 
f 519/588 2775/591 2776/587 
f 2776/587 2586/586 519/588 
f 520/567 2771/568 2772/569 
f 2772/569 2773/570 520/567 
f 2773/570 2774/571 2527/572 
f 2527/572 520/567 2773/570 
f 2770/573 2771/568 520/567 
f 520/567 2526/574 2770/573 
f 527/575 2718/576 526/577 
f 526/577 528/578 527/575 
f 526/577 2562/579 529/580 
f 529/580 528/578 526/577 
f 2565/582 514/3095 2778/3094 
f 2778/3094 2779/581 2565/582 
f 528/578 510/3093 509/3092 
f 528/578 509/3092 2720/583 
f 527/575 528/578 2720/583 
f 531/592 2723/593 2765/594 
f 2765/594 2766/595 531/592 
f 531/592 2766/595 2767/596 
f 2767/596 2768/542 531/592 
f 499/536 498/535 533/589 
f 533/589 2724/590 499/536 
f 2734/597 535/598 2727/599 
f 2727/599 2763/600 2734/597 
f 2729/601 537/602 2737/641 
f 2737/641 2764/2148 2729/601 
f 547/2246 2573/2271 2571/2511 
f 2571/2511 546/2149 547/2246 
f 549/604 2578/605 2576/606 
f 2576/606 548/603 549/604 
f 547/3100 546/3099 2559/607 
f 2559/607 2555/608 547/3100 
f 549/604 548/603 2552/609 
f 2552/609 2548/610 549/604 
f 551/612 2583/613 2581/614 
f 2581/614 550/611 551/612 
f 550/611 2545/615 2541/616 
f 2541/616 551/612 550/611 
f 603/625 1128/626 1098/627 
f 1098/627 279/628 603/625 
f 1131/630 1128/626 603/625 
f 603/625 605/629 1131/630 
f 603/625 2159/631 2160/632 
f 2160/632 605/629 603/625 
f 607/633 1134/634 1131/630 
f 1131/630 605/629 607/633 
f 607/633 605/629 2160/632 
f 2160/632 2161/635 607/633 
f 1137/637 1134/634 607/633 
f 607/633 609/636 1137/637 
f 609/636 607/633 2161/635 
f 2161/635 2162/638 609/636 
f 2163/640 2162/638 610/642 
f 610/642 1139/639 2163/640 
f 612/645 1139/639 610/642 
f 610/642 611/643 612/645 
f 613/648 611/643 610/642 
f 610/642 608/647 613/648 
f 614/650 613/648 608/647 
f 608/647 606/649 614/650 
f 615/735 614/650 606/649 
f 606/649 604/733 615/735 
f 615/1166 616/1257 617/2147 
f 617/2147 614/1149 615/1166 
f 619/623 618/675 278/297 
f 278/297 275/624 619/623 
f 620/646 619/623 275/624 
f 275/624 274/644 620/646 
f 621/652 620/646 274/644 
f 274/644 281/651 621/652 
f 622/654 621/652 281/651 
f 281/651 283/653 622/654 
f 623/656 622/654 283/653 
f 283/653 432/655 623/656 
f 624/658 623/656 432/655 
f 432/655 434/657 624/658 
f 625/660 624/658 434/657 
f 434/657 430/659 625/660 
f 626/662 625/660 430/659 
f 430/659 427/661 626/662 
f 626/662 629/664 630/663 
f 630/663 625/660 626/662 
f 623/656 624/658 625/660 
f 625/660 630/663 623/656 
f 623/656 630/663 631/665 
f 631/665 622/654 623/656 
f 622/654 631/665 632/666 
f 632/666 621/652 622/654 
f 634/668 620/646 621/652 
f 621/652 633/667 634/668 
f 620/646 634/668 635/669 
f 635/669 619/623 620/646 
f 636/670 633/667 621/652 
f 621/652 632/666 636/670 
f 637/671 636/670 632/666 
f 632/666 631/665 637/671 
f 638/672 637/671 631/665 
f 631/665 630/663 638/672 
f 639/673 638/672 630/663 
f 630/663 629/664 639/673 
f 619/623 635/669 641/674 
f 641/674 618/675 619/623 
f 645/676 646/677 644/678 
f 644/678 643/679 645/676 
f 648/681 646/677 645/676 
f 645/676 647/680 648/681 
f 649/682 648/681 647/680 
f 651/683 648/681 2190/684 
f 2190/684 2191/685 651/683 
f 654/687 650/688 649/682 
f 649/682 653/686 654/687 
f 656/690 655/689 650/2970 
f 650/2970 654/2969 656/690 
f 657/692 642/691 641/674 
f 641/674 635/669 657/692 
f 642/691 657/692 658/693 
f 658/693 643/679 642/691 
f 643/679 658/693 659/694 
f 659/694 645/676 643/679 
f 645/676 659/694 660/695 
f 660/695 647/680 645/676 
f 647/680 660/695 661/696 
f 661/696 649/682 647/680 
f 639/673 666/698 667/697 
f 667/697 638/672 639/673 
f 638/672 667/697 668/699 
f 668/699 637/671 638/672 
f 637/671 668/699 669/700 
f 669/700 636/670 637/671 
f 670/701 633/667 669/700 
f 633/667 670/701 671/702 
f 671/702 634/668 633/667 
f 634/668 671/702 672/703 
f 672/703 635/669 634/668 
f 635/669 672/703 673/704 
f 673/704 657/692 635/669 
f 667/697 666/698 674/705 
f 2462/706 2461/707 669/700 
f 669/700 668/699 2462/706 
f 669/700 2461/707 677/708 
f 677/708 670/701 669/700 
f 670/701 677/708 678/709 
f 678/709 671/702 670/701 
f 679/711 678/709 677/708 
f 677/708 676/710 679/711 
f 680/712 681/713 678/709 
f 678/709 679/711 680/712 
f 678/709 681/713 672/703 
f 672/703 671/702 678/709 
f 681/713 680/712 673/704 
f 673/704 672/703 681/713 
f 682/716 676/710 675/714 
f 675/714 664/715 682/716 
f 683/717 679/711 682/716 
f 680/712 683/717 684/718 
f 684/718 673/704 680/712 
f 684/718 658/693 657/692 
f 657/692 673/704 684/718 
f 682/716 664/715 663/720 
f 663/720 686/719 682/716 
f 686/719 663/720 687/721 
f 687/721 685/722 686/719 
f 1145/725 1254/726 688/723 
f 688/723 627/724 1145/725 
f 1256/2151 612/645 611/643 
f 611/643 689/2150 1256/2151 
f 1256/2266 689/732 1255/734 
f 1255/734 691/2153 1256/2266 
f 1255/734 689/732 690/736 
f 627/724 688/723 692/727 
f 692/727 628/728 627/724 
f 628/728 692/727 693/729 
f 693/729 640/730 628/728 
f 640/730 693/729 694/731 
f 694/731 662/737 640/730 
f 662/737 694/731 695/738 
f 695/738 663/720 662/737 
f 663/720 695/738 696/739 
f 696/739 687/721 663/720 
f 690/736 2158/741 2191/685 
f 697/742 688/723 1254/726 
f 693/729 692/727 2188/744 
f 2188/744 2189/743 693/729 
f 700/747 698/745 652/746 
f 652/746 655/689 700/747 
f 701/748 700/747 655/689 
f 655/689 656/690 701/748 
f 698/745 700/747 702/749 
f 702/749 699/750 698/745 
f 703/751 702/749 700/747 
f 700/747 701/748 703/751 
f 699/750 702/749 704/752 
f 704/752 694/731 699/750 
f 704/752 696/739 695/738 
f 695/738 694/731 704/752 
f 705/753 704/752 702/749 
f 702/749 703/751 705/753 
f 704/752 705/753 706/754 
f 706/754 696/739 704/752 
f 696/739 706/754 707/755 
f 707/755 687/721 696/739 
f 701/748 656/690 708/756 
f 708/756 709/757 701/748 
f 701/748 709/757 710/758 
f 710/758 703/751 701/748 
f 703/751 710/758 711/759 
f 711/759 705/753 703/751 
f 709/757 708/756 713/760 
f 713/760 710/758 709/757 
f 713/760 712/761 711/759 
f 711/759 710/758 713/760 
f 714/762 715/763 708/756 
f 708/756 656/690 714/762 
f 716/764 714/762 656/690 
f 656/690 654/2969 716/764 
f 713/760 717/766 718/765 
f 718/765 712/761 713/760 
f 720/768 712/761 718/765 
f 718/765 719/767 720/768 
f 722/770 706/754 705/753 
f 705/753 721/769 722/770 
f 706/754 722/770 723/771 
f 723/771 707/755 706/754 
f 711/759 712/761 721/769 
f 721/769 705/753 711/759 
f 724/772 721/769 712/761 
f 712/761 720/768 724/772 
f 721/769 724/772 725/773 
f 725/773 722/770 721/769 
f 728/775 717/766 715/763 
f 715/763 727/774 728/775 
f 727/774 715/763 714/762 
f 714/762 716/764 727/774 
f 728/775 719/767 718/765 
f 718/765 717/766 728/775 
f 687/721 707/755 729/776 
f 729/776 685/722 687/721 
f 730/777 729/776 707/755 
f 707/755 723/771 730/777 
f 731/779 730/777 723/771 
f 723/771 726/778 731/779 
f 649/682 661/696 732/780 
f 732/780 653/686 649/682 
f 734/782 732/780 661/696 
f 661/696 733/781 734/782 
f 735/783 733/781 661/696 
f 661/696 660/695 735/783 
f 658/693 684/718 736/784 
f 736/784 659/694 658/693 
f 659/694 736/784 735/783 
f 735/783 660/695 659/694 
f 737/785 738/786 730/777 
f 730/777 731/779 737/785 
f 2139/787 2140/788 729/776 
f 729/776 730/777 2139/787 
f 741/790 733/781 739/791 
f 739/791 740/789 741/790 
f 733/781 741/790 742/792 
f 742/792 734/782 733/781 
f 743/793 740/789 739/791 
f 739/791 738/786 743/793 
f 744/794 743/793 738/786 
f 738/786 737/785 744/794 
f 743/793 744/794 745/795 
f 745/795 740/789 743/793 
f 745/795 742/792 741/790 
f 741/790 740/789 745/795 
f 747/797 745/795 744/794 
f 744/794 746/796 747/797 
f 745/795 747/797 748/798 
f 748/798 742/792 745/795 
f 742/792 748/798 749/799 
f 749/799 734/782 742/792 
f 750/800 746/796 744/794 
f 744/794 737/785 750/800 
f 751/801 750/800 737/785 
f 737/785 731/779 751/801 
f 734/782 749/799 752/802 
f 752/802 732/780 734/782 
f 753/803 752/802 749/799 
f 749/799 748/798 753/803 
f 717/766 713/760 708/756 
f 708/756 715/763 717/766 
f 754/804 751/801 731/779 
f 731/779 726/778 754/804 
f 726/778 723/771 722/770 
f 722/770 725/773 726/778 
f 726/778 725/773 755/805 
f 755/805 754/804 726/778 
f 750/800 751/801 754/804 
f 754/804 755/805 750/800 
f 756/806 755/805 725/773 
f 725/773 724/772 756/806 
f 757/807 756/806 724/772 
f 724/772 720/768 757/807 
f 758/808 757/807 720/768 
f 720/768 719/767 758/808 
f 750/800 755/805 759/809 
f 759/809 746/796 750/800 
f 760/810 759/809 755/805 
f 755/805 756/806 760/810 
f 761/811 760/810 756/806 
f 756/806 757/807 761/811 
f 762/812 761/811 757/807 
f 757/807 758/808 762/812 
f 732/780 752/802 763/813 
f 763/813 653/686 732/780 
f 764/814 763/813 752/802 
f 752/802 753/803 764/814 
f 763/813 716/2973 654/687 
f 654/687 653/686 763/813 
f 765/815 716/2973 763/813 
f 763/813 764/814 765/815 
f 716/764 765/2974 766/816 
f 766/816 727/774 716/764 
f 727/774 766/816 767/817 
f 767/817 728/775 727/774 
f 728/775 767/817 758/808 
f 758/808 719/767 728/775 
f 768/818 764/814 753/803 
f 753/803 748/798 768/818 
f 764/814 768/818 769/819 
f 769/819 765/815 764/814 
f 765/2974 769/2975 770/820 
f 770/820 766/816 765/2974 
f 766/816 770/820 771/821 
f 771/821 767/817 766/816 
f 767/817 771/821 762/812 
f 762/812 758/808 767/817 
f 772/822 773/823 748/798 
f 748/798 747/797 772/822 
f 748/798 773/823 774/824 
f 774/824 768/818 748/798 
f 775/825 772/822 747/797 
f 747/797 746/796 775/825 
f 776/826 775/825 746/796 
f 746/796 759/809 776/826 
f 777/827 776/826 759/809 
f 759/809 760/810 777/827 
f 778/828 777/827 760/810 
f 760/810 761/811 778/828 
f 779/829 778/828 761/811 
f 761/811 762/812 779/829 
f 780/830 779/829 762/812 
f 762/812 771/821 780/830 
f 781/831 780/830 771/821 
f 771/821 770/820 781/831 
f 782/832 781/831 770/820 
f 770/820 769/2975 782/832 
f 774/824 782/2976 769/819 
f 769/819 768/818 774/824 
f 784/834 780/830 781/831 
f 781/831 783/833 784/834 
f 780/830 784/834 785/835 
f 785/835 779/829 780/830 
f 779/829 785/835 786/836 
f 786/836 778/828 779/829 
f 778/828 786/836 787/837 
f 787/837 777/827 778/828 
f 777/827 787/837 788/838 
f 788/838 776/826 777/827 
f 776/826 788/838 789/839 
f 789/839 775/825 776/826 
f 775/825 789/839 790/840 
f 790/840 772/822 775/825 
f 772/822 790/840 791/841 
f 791/841 773/823 772/822 
f 773/823 791/841 792/842 
f 792/842 774/824 773/823 
f 774/824 792/842 793/843 
f 793/843 782/2976 774/824 
f 781/831 782/832 793/2977 
f 793/2977 783/833 781/831 
f 795/845 784/834 783/833 
f 783/833 794/844 795/845 
f 784/834 795/845 796/846 
f 796/846 785/835 784/834 
f 785/835 796/846 797/847 
f 797/847 786/836 785/835 
f 786/836 797/847 798/848 
f 798/848 787/837 786/836 
f 787/837 798/848 799/849 
f 799/849 788/838 787/837 
f 788/838 799/849 800/850 
f 800/850 789/839 788/838 
f 789/839 800/850 801/851 
f 801/851 790/840 789/839 
f 790/840 801/851 802/852 
f 802/852 791/841 790/840 
f 791/841 802/852 803/853 
f 803/853 792/842 791/841 
f 792/842 803/853 804/854 
f 804/854 793/843 792/842 
f 783/833 793/2977 804/2978 
f 804/2978 794/844 783/833 
f 806/856 805/855 795/845 
f 795/845 794/844 806/856 
f 807/857 806/856 794/844 
f 794/844 804/2978 807/857 
f 808/858 807/2979 804/854 
f 804/854 803/853 808/858 
f 809/859 808/858 803/853 
f 803/853 802/852 809/859 
f 810/860 809/859 802/852 
f 802/852 801/851 810/860 
f 811/861 810/860 801/851 
f 801/851 800/850 811/861 
f 812/862 811/861 800/850 
f 800/850 799/849 812/862 
f 813/863 812/862 799/849 
f 799/849 798/848 813/863 
f 814/864 813/863 798/848 
f 798/848 797/847 814/864 
f 815/865 814/864 797/847 
f 797/847 796/846 815/865 
f 815/865 796/846 795/845 
f 795/845 805/855 815/865 
f 817/867 830/868 829/869 
f 829/869 816/866 817/867 
f 816/866 829/869 828/870 
f 828/870 818/871 816/866 
f 818/871 828/870 827/876 
f 827/876 819/877 818/871 
f 819/877 827/876 837/878 
f 837/878 820/879 819/877 
f 820/879 837/878 836/880 
f 836/880 821/881 820/879 
f 836/880 835/882 822/883 
f 822/883 821/881 836/880 
f 835/882 834/884 823/885 
f 823/885 822/883 835/882 
f 834/2981 833/886 824/887 
f 824/887 823/2982 834/2981 
f 833/886 832/888 825/889 
f 825/889 824/887 833/886 
f 826/890 831/891 830/868 
f 830/868 817/867 826/890 
f 810/860 831/891 832/888 
f 832/888 809/859 810/860 
f 811/861 812/862 829/869 
f 829/869 830/868 811/861 
f 829/869 812/862 813/863 
f 813/863 828/870 829/869 
f 813/863 814/864 827/876 
f 827/876 828/870 813/863 
f 827/876 814/864 815/865 
f 815/865 837/878 827/876 
f 837/878 815/865 805/855 
f 805/855 836/880 837/878 
f 805/855 806/856 835/882 
f 835/882 836/880 805/855 
f 806/856 807/857 834/884 
f 834/884 835/882 806/856 
f 807/2979 808/858 833/886 
f 833/886 834/2981 807/2979 
f 808/858 809/859 832/888 
f 832/888 833/886 808/858 
f 810/860 811/861 830/868 
f 830/868 831/891 810/860 
f 831/891 826/890 825/889 
f 825/889 832/888 831/891 
f 839/893 826/890 817/867 
f 817/867 838/892 839/893 
f 826/890 839/893 840/894 
f 840/894 825/889 826/890 
f 841/895 838/892 817/867 
f 817/867 816/866 841/895 
f 842/896 841/895 816/866 
f 816/866 818/871 842/896 
f 819/877 820/879 842/896 
f 842/896 818/871 819/877 
f 825/889 840/894 843/897 
f 843/897 824/887 825/889 
f 823/2982 824/887 843/897 
f 843/897 822/2980 823/2982 
f 844/898 845/899 843/897 
f 843/897 840/894 844/898 
f 843/897 845/899 846/901 
f 846/901 822/2980 843/897 
f 822/883 846/2983 847/902 
f 847/902 821/881 822/883 
f 821/881 847/902 848/1139 
f 848/1139 820/879 821/881 
f 849/1142 842/896 820/879 
f 820/879 848/1139 849/1142 
f 842/896 849/1142 850/1143 
f 850/1143 841/895 842/896 
f 841/895 850/1143 851/1144 
f 851/1144 838/892 841/895 
f 853/900 839/893 838/892 
f 838/892 852/1145 853/900 
f 854/1147 852/1145 838/892 
f 838/892 851/1144 854/1147 
f 844/898 840/894 855/1148 
f 856/1137 855/1148 839/893 
f 839/893 853/900 856/1137 
f 857/1151 858/1141 853/900 
f 853/900 852/1145 857/1151 
f 859/1157 857/1151 852/1145 
f 852/1145 854/1147 859/1157 
f 860/1158 859/1157 854/1147 
f 854/1147 851/1144 860/1158 
f 861/1159 860/1158 851/1144 
f 851/1144 850/1143 861/1159 
f 862/1160 861/1159 850/1143 
f 850/1143 849/1142 862/1160 
f 863/1161 862/1160 849/1142 
f 849/1142 848/1139 863/1161 
f 864/1162 863/1161 848/1139 
f 848/1139 847/902 864/1162 
f 865/1163 864/1162 847/902 
f 847/902 846/2983 865/1163 
f 866/1164 865/2984 846/901 
f 846/901 845/899 866/1164 
f 853/900 858/1141 867/1150 
f 867/1150 856/1137 853/900 
f 856/1137 867/1150 868/1165 
f 868/1165 855/1148 856/1137 
f 855/1148 868/1165 869/1167 
f 869/1167 844/898 855/1148 
f 869/1167 866/1164 845/899 
f 845/899 844/898 869/1167 
f 871/1082 870/916 873/999 
f 873/999 872/1081 871/1082 
f 875/1092 874/1083 877/1090 
f 877/1090 876/1091 875/1092 
f 883/1094 2227/1095 2242/1096 
f 2242/1096 2243/1093 883/1094 
f 884/3189 9/5 2911/3350 
f 2911/3350 2845/3284 884/3189 
f 2909/3348 888/951 887/950 
f 887/950 2843/3282 2909/3348 
f 886/948 9/5 890/952 
f 890/952 889/953 886/948 
f 892/956 891/954 893/955 
f 893/955 889/953 892/956 
f 895/959 894/957 896/958 
f 896/958 890/952 895/959 
f 898/961 897/960 888/951 
f 888/951 893/955 898/961 
f 900/963 899/962 897/960 
f 897/960 898/961 900/963 
f 901/964 2192/965 899/962 
f 899/962 902/966 901/964 
f 903/967 901/964 902/966 
f 902/966 904/968 903/967 
f 906/970 905/969 903/967 
f 903/967 904/968 906/970 
f 906/970 907/971 894/957 
f 894/957 895/959 906/970 
f 908/972 892/956 896/958 
f 896/958 909/973 908/972 
f 910/974 891/954 892/956 
f 892/956 908/972 910/974 
f 912/975 911/976 891/954 
f 891/954 910/974 912/975 
f 913/978 911/976 912/975 
f 912/975 914/977 913/978 
f 896/958 894/957 915/979 
f 915/979 909/973 896/958 
f 894/957 907/971 916/980 
f 916/980 915/979 894/957 
f 889/953 890/952 896/958 
f 896/958 892/956 889/953 
f 886/948 889/953 893/955 
f 893/955 888/951 886/948 
f 917/41 895/959 890/952 
f 890/952 9/5 917/41 
f 911/976 898/961 893/955 
f 893/955 891/954 911/976 
f 913/978 900/963 898/961 
f 898/961 911/976 913/978 
f 914/977 902/966 900/963 
f 900/963 913/978 914/977 
f 918/981 904/968 902/966 
f 902/966 914/977 918/981 
f 907/971 906/970 904/968 
f 904/968 918/981 907/971 
f 905/969 906/970 895/959 
f 895/959 917/41 905/969 
f 907/971 918/981 919/982 
f 919/982 916/980 907/971 
f 914/977 912/975 919/982 
f 919/982 918/981 914/977 
f 910/974 908/972 919/982 
f 919/982 912/975 910/974 
f 919/982 908/972 909/973 
f 909/973 916/980 919/982 
f 916/980 909/973 915/979 
f 930/983 901/964 903/967 
f 903/967 920/984 930/983 
f 921/985 920/984 903/967 
f 903/967 922/986 921/985 
f 903/967 905/969 923/987 
f 923/987 922/986 903/967 
f 48/52 921/985 922/986 
f 922/986 924/53 48/52 
f 922/986 923/987 925/54 
f 925/54 924/53 922/986 
f 905/969 917/41 925/54 
f 925/54 923/987 905/969 
f 49/55 920/984 921/985 
f 921/985 48/52 49/55 
f 927/989 926/988 920/984 
f 920/984 49/55 927/989 
f 928/990 926/988 927/989 
f 927/989 929/991 928/990 
f 931/992 928/990 929/991 
f 929/991 932/65 931/992 
f 59/68 933/993 931/992 
f 931/992 932/65 59/68 
f 935/994 933/993 59/68 
f 59/68 936/71 935/994 
f 937/995 934/996 933/993 
f 933/993 935/994 937/995 
f 939/998 940/997 934/996 
f 934/996 937/995 939/998 
f 74/88 941/1000 935/994 
f 935/994 936/71 74/88 
f 942/1001 937/995 935/994 
f 935/994 941/1000 942/1001 
f 943/1002 939/998 937/995 
f 937/995 942/1001 943/1002 
f 944/1003 938/1004 939/998 
f 939/998 943/1002 944/1003 
f 952/1006 951/1005 897/960 
f 897/960 899/962 952/1006 
f 952/1006 899/962 2192/965 
f 2192/965 2193/1007 952/1006 
f 956/1008 959/1010 1013/1011 
f 961/1014 948/1015 960/1012 
f 960/1012 962/1013 961/1014 
f 948/1015 945/1017 963/1016 
f 963/1016 960/1012 948/1015 
f 945/1017 944/1003 964/1020 
f 964/1020 963/1016 945/1017 
f 944/1003 943/1002 965/1021 
f 965/1021 964/1020 944/1003 
f 943/1002 942/1001 966/1022 
f 966/1022 965/1021 943/1002 
f 942/1001 941/1000 967/1025 
f 967/1025 966/1022 942/1001 
f 941/1000 74/88 968/121 
f 968/121 967/1025 941/1000 
f 969/1030 951/1005 952/1006 
f 952/1006 958/1026 969/1030 
f 970/1031 888/951 897/960 
f 897/960 951/1005 970/1031 
f 2835/3274 887/950 888/951 
f 888/951 970/1031 2835/3274 
f 970/1031 951/1005 969/1030 
f 969/1030 971/1032 970/1031 
f 120/3195 2855/3294 2932/3371 
f 2932/3371 2935/3374 120/3195 
f 2934/3373 989/2305 982/2298 
f 982/2298 2933/3372 2934/3373 
f 989/2305 988/2304 2872/3311 
f 2872/3311 2936/3376 989/2305 
f 994/2310 973/1034 2836/3275 
f 2836/3275 969/1030 994/2310 
f 996/2312 2214/2313 2938/3378 
f 2938/3378 2939/3379 996/2312 
f 2187/1018 2218/1019 2219/1023 
f 2219/1023 2213/1009 2187/1018 
f 998/2315 991/2307 2869/3308 
f 2869/3308 2942/3382 998/2315 
f 2941/3381 998/2315 995/2311 
f 995/2311 2940/3380 2941/3381 
f 999/1028 166/3166 2935/3375 
f 2935/3375 2212/1029 999/1028 
f 1000/2316 967/1025 968/121 
f 968/121 168/933 1000/2316 
f 1001/2525 966/1022 967/1025 
f 967/1025 1000/2316 1001/2525 
f 1002/2526 965/1021 966/1022 
f 966/1022 1001/2525 1002/2526 
f 1003/2528 964/1020 965/1021 
f 965/1021 1002/2526 1003/2528 
f 1004/2530 963/1016 964/1020 
f 964/1020 1003/2528 1004/2530 
f 1005/2539 960/1012 963/1016 
f 963/1016 1004/2530 1005/2539 
f 1006/2540 962/1013 960/1012 
f 960/1012 1005/2539 1006/2540 
f 1007/2541 1000/2316 168/933 
f 168/933 1008/3170 1007/2541 
f 1000/2316 1007/2541 1002/2526 
f 1002/2526 1001/2525 1000/2316 
f 1009/2542 1003/2528 1002/2526 
f 1002/2526 1007/2541 1009/2542 
f 1007/2541 1008/3170 1010/3171 
f 1010/3171 1009/2542 1007/2541 
f 1011/2543 1004/2530 1003/2528 
f 1003/2528 1009/2542 1011/2543 
f 1012/3172 1039/2544 1011/2543 
f 1011/2543 1010/3171 1012/3172 
f 1005/2539 1004/2530 1011/2543 
f 1011/2543 1006/2540 1005/2539 
f 1013/1011 959/1010 962/1013 
f 962/1013 1006/2540 1013/1011 
f 2218/1019 2187/1018 1017/1038 
f 1013/1011 1006/2540 1037/2545 
f 1037/2545 1017/2546 1013/1011 
f 186/3167 166/3166 999/1028 
f 999/1028 1019/1039 186/3167 
f 187/3168 186/3167 1019/1039 
f 1019/1039 1020/1040 187/3168 
f 187/3168 1020/1040 1021/1041 
f 1021/1041 1023/1042 187/3168 
f 1022/191 189/240 1023/1097 
f 1025/1044 1021/1041 1020/1040 
f 1020/1040 1024/1043 1025/1044 
f 1025/1044 1024/1043 1027/1048 
f 1027/1048 1026/1045 1025/1044 
f 1034/1053 1033/1050 1031/1051 
f 1031/1051 1032/1052 1034/1053 
f 1015/1055 1014/1056 1035/1054 
f 1035/1054 1032/1052 1015/1055 
f 1036/1059 1017/1038 1037/1057 
f 1037/1057 1039/1058 1036/1059 
f 2294/1060 1040/1061 2293/1062 
f 1039/2544 1037/2545 1006/2540 
f 1006/2540 1011/2543 1039/2544 
f 207/208 1040/1061 2295/1063 
f 2295/1063 211/214 207/208 
f 213/216 1041/1064 1038/1065 
f 1038/1065 207/208 213/216 
f 2245/1066 2246/1067 2221/1068 
f 2245/1066 2221/1068 1043/1069 
f 2245/1066 1043/1069 2244/1070 
f 1047/1071 1031/1051 1033/1050 
f 1033/1050 1046/1072 1047/1071 
f 1027/1048 1030/1074 1049/1075 
f 1049/1075 1048/1073 1027/1048 
f 1046/1072 1049/1075 1030/1074 
f 1030/1074 1047/1071 1046/1072 
f 1050/1076 1026/1045 1027/1048 
f 1027/1048 1048/1073 1050/1076 
f 1052/1077 1051/1078 2247/1079 
f 2247/1079 2248/1080 1052/1077 
f 229/241 1022/191 1794/1098 
f 1794/1098 1795/1099 229/241 
f 1058/1100 1057/243 229/241 
f 229/241 1795/1099 1058/1100 
f 1062/1087 1061/1084 1055/1085 
f 1055/1085 1056/1086 1062/1087 
f 1062/1087 1060/1088 1061/1084 
f 1029/1089 1055/1085 1061/1084 
f 1061/1084 1025/1044 1029/1089 
f 1021/1041 1025/1044 1061/1084 
f 1061/1084 1023/1042 1021/1041 
f 1023/1042 1061/1084 1060/1088 
f 1043/1102 1042/1103 1063/1101 
f 1063/1101 883/1094 1043/1102 
f 1042/1103 1041/1105 1064/1104 
f 1064/1104 1063/1101 1042/1103 
f 1041/1105 213/262 240/261 
f 240/261 1064/1104 1041/1105 
f 1065/1106 2227/1095 883/1094 
f 883/1094 1063/1101 1065/1106 
f 874/1083 879/1107 880/1108 
f 880/1108 877/1090 874/1083 
f 882/1109 2250/1110 2249/1111 
f 2249/1111 2226/1112 882/1109 
f 1069/1113 1068/1114 874/1083 
f 870/916 875/1092 876/1091 
f 876/1091 873/999 870/916 
f 874/1083 875/1092 1070/1115 
f 1070/1115 1069/1113 874/1083 
f 875/1092 870/916 1071/1116 
f 1071/1116 1070/1115 875/1092 
f 870/916 871/1082 1072/1117 
f 1072/1117 1071/1116 870/916 
f 1072/1117 871/1082 1073/1118 
f 1073/1118 1074/1119 1072/1117 
f 871/1082 872/1081 1075/1120 
f 1075/1120 1073/1118 871/1082 
f 1065/1106 1063/1101 1064/1104 
f 1064/1104 240/261 1065/1106 
f 881/1122 1065/1106 1076/1121 
f 1076/1121 880/1108 881/1122 
f 1065/1106 240/261 261/285 
f 261/285 1076/1121 1065/1106 
f 1077/1123 877/1090 880/1108 
f 880/1108 1076/1121 1077/1123 
f 1076/1121 261/285 263/284 
f 263/284 1077/1123 1076/1121 
f 1078/1124 876/1091 877/1090 
f 877/1090 1077/1123 1078/1124 
f 1077/1123 263/284 265/287 
f 265/287 1078/1124 1077/1123 
f 1079/1125 873/999 876/1091 
f 876/1091 1078/1124 1079/1125 
f 1078/1124 265/287 1080/290 
f 1080/290 1079/1125 1078/1124 
f 1081/1126 872/1081 873/999 
f 873/999 1079/1125 1081/1126 
f 1079/1125 1080/290 1082/293 
f 1082/293 1081/1126 1079/1125 
f 1083/1127 1075/1120 872/1081 
f 872/1081 1081/1126 1083/1127 
f 1081/1126 1082/293 1084/296 
f 1084/296 1083/1127 1081/1126 
f 1086/299 1085/1128 1083/1127 
f 1083/1127 1084/296 1086/299 
f 1087/1129 1075/1120 1083/1127 
f 1083/1127 1085/1128 1087/1129 
f 1075/1120 1089/1131 1088/1130 
f 1088/1130 1073/1118 1075/1120 
f 1075/1120 1087/1129 1090/1132 
f 1090/1132 1089/1131 1075/1120 
f 1092/1134 1091/1133 1089/1131 
f 1089/1131 1090/1132 1092/1134 
f 1087/1129 1095/1135 1092/1134 
f 1092/1134 1090/1132 1087/1129 
f 1095/1135 1093/1138 1096/1136 
f 1096/1136 1092/1134 1095/1135 
f 1100/1140 1088/1130 1089/1131 
f 1089/1131 1091/1133 1100/1140 
f 1101/1153 1074/1119 1073/1118 
f 1073/1118 1088/1130 1101/1153 
f 1088/1130 1100/1140 1102/1154 
f 1102/1154 1101/1153 1088/1130 
f 1071/1116 1072/1117 1104/1155 
f 1104/1155 1103/1156 1071/1116 
f 1072/1117 1074/1119 1105/1260 
f 1105/1260 1104/1155 1072/1117 
f 1103/3180 1104/3164 1108/1341 
f 1108/1341 1107/1759 1103/3180 
f 1104/3164 1105/3182 1109/1760 
f 1109/1760 1108/1341 1104/3164 
f 1110/1761 1107/1759 1111/1762 
f 1107/1759 1108/1341 1112/1763 
f 1112/1763 1111/1762 1107/1759 
f 1108/1341 1109/1760 1113/1798 
f 1113/1798 1112/1763 1108/1341 
f 1112/1763 1113/1798 1057/243 
f 1057/243 1058/1100 1112/1763 
f 1114/1799 1111/1762 1112/1763 
f 1112/1763 1058/1100 1114/1799 
f 961/1014 962/1013 959/1010 
f 959/1010 954/2547 961/1014 
f 1115/1800 421/874 1057/243 
f 1057/243 1113/1798 1115/1800 
f 1116/1801 423/903 421/874 
f 421/874 1115/1800 1116/1801 
f 1113/1798 1109/1760 1118/1810 
f 1118/1810 1115/1800 1113/1798 
f 1119/1811 1116/1801 1115/1800 
f 1115/1800 1118/1810 1119/1811 
f 1109/1760 1105/3182 1121/1812 
f 1121/1812 1118/1810 1109/1760 
f 1122/1813 1119/1811 1118/1810 
f 1118/1810 1121/1812 1122/1813 
f 1101/1153 1102/1154 1123/1814 
f 1123/1814 1124/1815 1101/1153 
f 1125/1816 1122/3186 1124/1815 
f 1124/1815 1123/1814 1125/1816 
f 1126/1817 1074/1119 1101/1153 
f 1101/1153 1124/1815 1126/1817 
f 1121/3184 1105/1260 1074/1119 
f 1074/1119 1126/1817 1121/3184 
f 1121/3184 1126/1817 1124/1815 
f 1124/1815 1122/3186 1121/3184 
f 1127/2154 1097/2155 1098/627 
f 1098/627 1128/626 1127/2154 
f 1129/2156 1099/2157 1097/2155 
f 1097/2155 1127/2154 1129/2156 
f 1131/630 1130/2158 1127/2154 
f 1127/2154 1128/626 1131/630 
f 1132/2159 1129/2156 1127/2154 
f 1127/2154 1130/2158 1132/2159 
f 1135/2161 1132/2159 1130/2158 
f 1130/2158 1133/2160 1135/2161 
f 1137/637 1136/2162 1133/2160 
f 1133/2160 1134/634 1137/637 
f 1138/2253 1135/2161 1133/2160 
f 1133/2160 1136/2162 1138/2253 
f 1139/2152 1138/2253 1136/2162 
f 1136/2162 1137/637 2163/2263 
f 1139/2152 1136/2162 2163/2263 
f 612/2265 1248/2254 1138/2253 
f 1138/2253 1139/2152 612/2265 
f 1249/2255 1135/2161 1138/2253 
f 1138/2253 1248/2254 1249/2255 
f 1250/2256 1132/2159 1135/2161 
f 1135/2161 1249/2255 1250/2256 
f 1140/2257 1129/2156 1132/2159 
f 1132/2159 1250/2256 1140/2257 
f 1141/2258 1099/2157 1129/2156 
f 1129/2156 1140/2257 1141/2258 
f 1140/2257 1250/2256 1251/2259 
f 1251/2259 1141/2258 1140/2257 
f 1143/1170 1252/1171 1253/1168 
f 1253/1168 1144/1169 1143/1170 
f 1149/1172 1150/1173 1244/1174 
f 1150/1173 1151/1175 1243/1176 
f 1243/1176 1244/1174 1150/1173 
f 1152/1177 1242/1178 1243/1176 
f 1243/1176 1151/1175 1152/1177 
f 1153/1179 1247/1180 1242/1178 
f 1242/1178 1152/1177 1153/1179 
f 1156/1182 1155/1181 1153/1179 
f 1153/1179 1152/1177 1156/1182 
f 1152/1177 1151/1175 1157/1183 
f 1157/1183 1156/1182 1152/1177 
f 1151/1175 1150/1173 1158/1184 
f 1158/1184 1157/1183 1151/1175 
f 1150/1173 1149/1172 1159/1185 
f 1159/1185 1158/1184 1150/1173 
f 1149/1172 1148/1187 1160/1186 
f 1160/1186 1159/1185 1149/1172 
f 1148/1187 1147/1189 1161/1188 
f 1161/1188 1160/1186 1148/1187 
f 1147/1189 1146/1191 1162/1190 
f 1162/1190 1161/1188 1147/1189 
f 1146/1191 1245/1193 1163/1192 
f 1163/1192 1162/1190 1146/1191 
f 1245/1193 1246/1195 1164/1194 
f 1164/1194 1163/1192 1245/1193 
f 1246/2986 1154/1197 1165/1196 
f 1165/1196 1164/2985 1246/2986 
f 1153/1179 1155/1181 1165/1196 
f 1165/1196 1154/1197 1153/1179 
f 1167/1199 1166/1198 1155/1181 
f 1155/1181 1156/1182 1167/1199 
f 1156/1182 1157/1183 1168/1200 
f 1168/1200 1167/1199 1156/1182 
f 1157/1183 1158/1184 1169/1201 
f 1169/1201 1168/1200 1157/1183 
f 1158/1184 1159/1185 1170/1202 
f 1170/1202 1169/1201 1158/1184 
f 1159/1185 1160/1186 1171/1203 
f 1171/1203 1170/1202 1159/1185 
f 1160/1186 1161/1188 1172/1204 
f 1172/1204 1171/1203 1160/1186 
f 1161/1188 1162/1190 1173/1205 
f 1173/1205 1172/1204 1161/1188 
f 1162/1190 1163/1192 1174/1206 
f 1174/1206 1173/1205 1162/1190 
f 1163/1192 1164/1194 1175/1207 
f 1175/1207 1174/1206 1163/1192 
f 1164/2985 1165/1196 1176/1208 
f 1176/1208 1175/2987 1164/2985 
f 1155/1181 1166/1198 1176/1208 
f 1176/1208 1165/1196 1155/1181 
f 1178/1210 1166/1198 1167/1199 
f 1167/1199 1177/1209 1178/1210 
f 1179/1211 1176/1208 1166/1198 
f 1166/1198 1178/1210 1179/1211 
f 1180/1212 1175/2987 1176/1208 
f 1176/1208 1179/1211 1180/1212 
f 1181/1213 1174/1206 1175/1207 
f 1175/1207 1180/2988 1181/1213 
f 1182/1214 1173/1205 1174/1206 
f 1174/1206 1181/1213 1182/1214 
f 1183/1215 1172/1204 1173/1205 
f 1173/1205 1182/1214 1183/1215 
f 1184/1216 1171/1203 1172/1204 
f 1172/1204 1183/1215 1184/1216 
f 1185/1217 1170/1202 1171/1203 
f 1171/1203 1184/1216 1185/1217 
f 1186/1218 1169/1201 1170/1202 
f 1170/1202 1185/1217 1186/1218 
f 1187/1219 1168/1200 1169/1201 
f 1169/1201 1186/1218 1187/1219 
f 1187/1219 1177/1209 1167/1199 
f 1167/1199 1168/1200 1187/1219 
f 1189/1223 1188/1220 1191/1221 
f 1191/1221 1190/1222 1189/1223 
f 1188/1220 1193/1224 1192/1225 
f 1192/1225 1191/1221 1188/1220 
f 1193/1224 1195/1226 1194/1227 
f 1194/1227 1192/1225 1193/1224 
f 1195/1226 1197/1228 1196/1229 
f 1196/1229 1194/1227 1195/1226 
f 1197/1228 1199/1230 1198/1231 
f 1198/1231 1196/1229 1197/1228 
f 1198/1231 1199/1230 1201/1232 
f 1201/1232 1200/1233 1198/1231 
f 1200/1233 1201/1232 1203/1234 
f 1203/1234 1202/1235 1200/1233 
f 1202/1235 1203/1234 1205/1236 
f 1205/1236 1204/1237 1202/1235 
f 1204/2990 1205/2989 1207/1238 
f 1207/1238 1206/1239 1204/2990 
f 1208/1240 1189/1223 1190/1222 
f 1190/1222 1209/1241 1208/1240 
f 1182/1214 1181/1213 1206/1239 
f 1206/1239 1209/1241 1182/1214 
f 1183/1215 1190/1222 1191/1221 
f 1191/1221 1184/1216 1183/1215 
f 1191/1221 1192/1225 1185/1217 
f 1185/1217 1184/1216 1191/1221 
f 1185/1217 1192/1225 1194/1227 
f 1194/1227 1186/1218 1185/1217 
f 1194/1227 1196/1229 1187/1219 
f 1187/1219 1186/1218 1194/1227 
f 1196/1229 1198/1231 1177/1209 
f 1177/1209 1187/1219 1196/1229 
f 1177/1209 1198/1231 1200/1233 
f 1200/1233 1178/1210 1177/1209 
f 1178/1210 1200/1233 1202/1235 
f 1202/1235 1179/1211 1178/1210 
f 1179/1211 1202/1235 1204/1237 
f 1204/1237 1180/1212 1179/1211 
f 1180/2988 1204/2990 1206/1239 
f 1206/1239 1181/1213 1180/2988 
f 1182/1214 1209/1241 1190/1222 
f 1190/1222 1183/1215 1182/1214 
f 1209/1241 1206/1239 1207/1238 
f 1207/1238 1208/1240 1209/1241 
f 1211/1243 1210/1242 1189/1223 
f 1189/1223 1208/1240 1211/1243 
f 1208/1240 1207/1238 1212/1244 
f 1212/1244 1211/1243 1208/1240 
f 1213/1245 1188/1220 1189/1223 
f 1189/1223 1210/1242 1213/1245 
f 1214/1246 1193/1224 1188/1220 
f 1188/1220 1213/1245 1214/1246 
f 1195/1226 1193/1224 1214/1246 
f 1214/1246 1197/1228 1195/1226 
f 1207/1238 1205/2989 1215/1247 
f 1215/1247 1212/1244 1207/1238 
f 1203/1234 1201/1232 1215/2991 
f 1215/2991 1205/1236 1203/1234 
f 1216/1248 1212/1244 1215/1247 
f 1215/1247 1217/1249 1216/1248 
f 1215/2991 1201/1232 1218/1250 
f 1218/1250 1217/2992 1215/2991 
f 1201/1232 1199/1230 1219/1251 
f 1219/1251 1218/1250 1201/1232 
f 1199/1230 1197/1228 1220/1252 
f 1220/1252 1219/1251 1199/1230 
f 1221/1253 1220/1252 1197/1228 
f 1197/1228 1214/1246 1221/1253 
f 1214/1246 1213/1245 1222/1254 
f 1222/1254 1221/1253 1214/1246 
f 1213/1245 1210/1242 1223/1255 
f 1223/1255 1222/1254 1213/1245 
f 1225/1259 1224/1258 1210/1242 
f 1210/1242 1211/1243 1225/1259 
f 1226/1261 1223/1255 1210/1242 
f 1210/1242 1224/1258 1226/1261 
f 1216/1248 1227/1262 1212/1244 
f 1228/1263 1225/1259 1211/1243 
f 1211/1243 1227/1262 1228/1263 
f 1229/1264 1224/1258 1225/1259 
f 1225/1259 1230/1265 1229/1264 
f 1231/1266 1226/1261 1224/1258 
f 1224/1258 1229/1264 1231/1266 
f 1232/1267 1223/1255 1226/1261 
f 1226/1261 1231/1266 1232/1267 
f 1233/1270 1222/1254 1223/1255 
f 1223/1255 1232/1267 1233/1270 
f 1234/1271 1221/1253 1222/1254 
f 1222/1254 1233/1270 1234/1271 
f 1235/1272 1220/1252 1221/1253 
f 1221/1253 1234/1271 1235/1272 
f 1236/1273 1219/1251 1220/1252 
f 1220/1252 1235/1272 1236/1273 
f 1237/1274 1218/1250 1219/1251 
f 1219/1251 1236/1273 1237/1274 
f 1238/1275 1217/2992 1218/1250 
f 1218/1250 1237/1274 1238/1275 
f 1225/1259 1228/1263 1239/1276 
f 1239/1276 1230/1265 1225/1259 
f 1228/1263 1227/1262 1240/1277 
f 1240/1277 1239/1276 1228/1263 
f 1227/1262 1216/1248 1241/1278 
f 1241/1278 1240/1277 1227/1262 
f 1241/1278 1216/1248 1217/1249 
f 1217/1249 1238/2993 1241/1278 
f 1256/2267 1257/2260 1248/2254 
f 1248/2254 612/2265 1256/2267 
f 1257/2260 1250/2256 1249/2255 
f 1249/2255 1248/2254 1257/2260 
f 1250/2256 1257/2260 1258/1268 
f 1258/1268 1251/2259 1250/2256 
f 691/1269 1258/1268 1257/2260 
f 1257/2260 1256/2267 691/1269 
f 1255/734 1258/2261 691/2153 
f 1258/1281 1255/1282 1259/1279 
f 1259/1279 1251/1280 1258/1281 
f 1251/1280 1259/1279 1260/1283 
f 1260/1283 1141/1284 1251/1280 
f 1141/1284 1260/1283 1261/1285 
f 1261/1285 1099/1286 1141/1284 
f 1143/1170 1142/1287 1264/1288 
f 1264/1288 1252/1171 1143/1170 
f 1265/1289 1145/2965 1144/1169 
f 1144/1169 1253/1168 1265/1289 
f 1266/1290 1267/1291 1265/1289 
f 1265/1289 1253/1168 1266/1290 
f 1253/1168 1252/1171 1268/1292 
f 1268/1292 1266/1290 1253/1168 
f 1269/1293 1268/1292 1252/1171 
f 1252/1171 1264/1288 1269/1293 
f 1270/1294 1269/1293 1264/1288 
f 1264/1288 1142/1287 1270/1294 
f 1272/1296 1266/1290 1268/1292 
f 1268/1292 1271/1295 1272/1296 
f 1266/1290 1272/1296 1273/1297 
f 1273/1297 1267/1291 1266/1290 
f 1274/1298 1271/1295 1268/1292 
f 1268/1292 1269/1293 1274/1298 
f 1274/1298 1269/1293 1270/1294 
f 1270/1294 1142/2994 1117/1299 
f 1276/1301 1274/1298 1270/1294 
f 1270/1294 1275/1300 1276/1301 
f 1274/1298 1276/1301 1277/1302 
f 1277/1302 1271/1295 1274/1298 
f 1271/1295 1277/1302 1278/1303 
f 1278/1303 1272/1296 1271/1295 
f 1272/1296 1278/1303 1279/1304 
f 1279/1304 1273/1297 1272/1296 
f 1273/1297 1279/1304 1280/1305 
f 1280/1305 1267/1291 1273/1297 
f 1145/2965 1265/1289 1281/1306 
f 1281/1306 1254/2966 1145/2965 
f 1283/1308 1265/1289 1267/1291 
f 1267/1291 1282/1307 1283/1308 
f 1267/1291 1280/1305 1284/1309 
f 1284/1309 1282/1307 1267/1291 
f 1265/1289 1283/1308 1285/1310 
f 1285/1310 1281/1306 1265/1289 
f 1286/1311 1275/1300 1270/1294 
f 1270/1294 1117/1299 1286/1311 
f 1275/1300 1290/1313 1291/1312 
f 1291/1312 1276/1301 1275/1300 
f 1293/1315 1278/1303 1277/1302 
f 1277/1302 1292/1314 1293/1315 
f 1280/1305 1279/1304 1278/1303 
f 1278/1303 1293/1315 1280/1305 
f 1280/1305 1293/1315 1294/1316 
f 1294/1316 1284/1309 1280/1305 
f 1295/1317 1294/1316 1293/1315 
f 1293/1315 1292/1314 1295/1317 
f 1276/1301 1291/1312 1296/1318 
f 1296/1318 1277/1302 1276/1301 
f 1277/1302 1296/1318 1297/1319 
f 1297/1319 1292/1314 1277/1302 
f 1292/1314 1297/1319 1298/1320 
f 1298/1320 1295/1317 1292/1314 
f 1299/1321 1300/1322 1298/1320 
f 1298/1320 1297/1319 1299/1321 
f 1301/1323 1299/1321 1297/1319 
f 1297/1319 1296/1318 1301/1323 
f 1302/1324 1301/1323 1296/1318 
f 1296/1318 1291/1312 1302/1324 
f 1303/1325 1302/1324 1291/1312 
f 1291/1312 1290/1313 1303/1325 
f 1303/1325 1290/1313 1289/1326 
f 1289/1326 1288/1327 1303/1325 
f 1304/1329 1303/1325 1288/1327 
f 1288/1327 1287/1328 1304/1329 
f 1303/1325 1304/1329 1305/1330 
f 1305/1330 1302/1324 1303/1325 
f 1302/1324 1305/1330 1306/1331 
f 1306/1331 1301/1323 1302/1324 
f 1301/1323 1306/1331 1307/1332 
f 1307/1332 1299/1321 1301/1323 
f 1299/1321 1307/1332 1308/1333 
f 1308/1333 1300/1322 1299/1321 
f 1310/1335 1308/1333 1307/1332 
f 1307/1332 1309/1334 1310/1335 
f 1308/1333 1310/1335 1311/1336 
f 1311/1336 1312/1337 1308/1333 
f 1314/1339 1300/1322 1308/1333 
f 1308/1333 1313/1338 1314/1339 
f 1315/1340 1313/1338 1308/1333 
f 1308/1333 1312/1337 1315/1340 
f 1300/1322 1314/1339 1316/1342 
f 1316/1342 1298/1320 1300/1322 
f 1318/1344 1313/1338 1315/1340 
f 1315/1340 1317/1343 1318/1344 
f 1313/1338 1318/1344 1319/1345 
f 1319/1345 1314/1339 1313/1338 
f 1314/1339 1319/1345 1320/1346 
f 1320/1346 1316/1342 1314/1339 
f 1298/1320 1316/1342 1320/1346 
f 1320/1346 1295/1317 1298/1320 
f 1322/1348 1295/1317 1320/1346 
f 1320/1346 1321/1347 1322/1348 
f 1324/1350 1322/1348 1321/1347 
f 1321/1347 1323/1349 1324/1350 
f 1323/1349 1321/1347 1320/1346 
f 1320/1346 1319/1345 1323/1349 
f 1319/1345 1318/1344 1325/1351 
f 1325/1351 1323/1349 1319/1345 
f 1326/1352 1325/1351 1318/1344 
f 1318/1344 1317/1343 1326/1352 
f 1326/1352 1324/1350 1323/1349 
f 1323/1349 1325/1351 1326/1352 
f 1327/1353 1315/1340 1312/1337 
f 1312/1337 1311/1336 1327/1353 
f 1315/1340 1327/1353 1328/1354 
f 1328/1354 1317/1343 1315/1340 
f 1317/1343 1328/1354 1329/1355 
f 1329/1355 1326/1352 1317/1343 
f 1330/1356 1324/1350 1326/1352 
f 1326/1352 1329/1355 1330/1356 
f 1324/1350 1330/1356 1331/1357 
f 1331/1357 1322/1348 1324/1350 
f 1295/1317 1322/1348 1332/1358 
f 1332/1358 1294/1316 1295/1317 
f 1333/1359 1254/2966 1281/1306 
f 1281/1306 1285/1310 1333/1359 
f 1254/2966 1333/1359 1334/1360 
f 1334/1360 690/2967 1254/2966 
f 690/3012 1334/2995 1335/1361 
f 1335/1361 1255/1282 690/3012 
f 1255/1282 1335/1361 1336/1362 
f 1336/1362 1259/1279 1255/1282 
f 1337/1364 1262/1363 1260/1283 
f 1260/1283 1259/1279 1337/1364 
f 1338/1365 1337/1364 1259/1279 
f 1259/1279 1336/1362 1338/1365 
f 1339/1366 1340/1367 1337/1364 
f 1337/1364 1338/1365 1339/1366 
f 1337/1364 1340/1367 1341/1368 
f 1341/1368 1262/1363 1337/1364 
f 1262/1363 1341/1368 1342/1369 
f 1342/1369 1263/1370 1262/1363 
f 1344/1372 1342/1369 1341/1368 
f 1341/1368 1343/1371 1344/1372 
f 1263/1370 1342/1369 1345/1373 
f 1345/1373 1096/1374 1263/1370 
f 1346/1375 1345/1373 1342/1369 
f 1342/1369 1344/1372 1346/1375 
f 1347/1376 1346/1375 1344/1372 
f 1344/1372 1343/1371 1347/1376 
f 1096/1374 1345/1373 1348/1377 
f 1348/1377 1092/1378 1096/1374 
f 1349/1379 1348/1377 1345/1373 
f 1345/1373 1346/1375 1349/1379 
f 1092/1378 1348/1377 1350/1380 
f 1350/1380 1091/1381 1092/1378 
f 1351/1382 1350/1380 1348/1377 
f 1348/1377 1349/1379 1351/1382 
f 1350/1380 1351/1382 1352/1383 
f 1352/1383 1091/1381 1350/1380 
f 1091/1381 1352/1383 1353/1384 
f 1353/1384 1100/1385 1091/1381 
f 1100/1385 1353/1384 1354/1386 
f 1354/1386 1102/1387 1100/1385 
f 1102/1387 1354/1386 1355/1388 
f 1355/1388 1123/1389 1102/1387 
f 1123/1389 1355/1388 1356/1390 
f 1356/1390 1125/1391 1123/1389 
f 1125/1391 1356/1390 1357/1392 
f 1357/1392 1120/1393 1125/1391 
f 1357/1392 1304/1329 1287/1328 
f 1287/1328 1120/1393 1357/1392 
f 1358/1394 1359/1395 1305/1330 
f 1305/1330 1304/1329 1358/1394 
f 1305/1330 1359/1395 1360/1396 
f 1360/1396 1306/1331 1305/1330 
f 1361/1397 1358/1394 1304/1329 
f 1304/1329 1357/1392 1361/1397 
f 1362/1398 1361/1397 1357/1392 
f 1357/1392 1356/1390 1362/1398 
f 1363/1399 1362/1398 1356/1390 
f 1356/1390 1355/1388 1363/1399 
f 1364/1400 1363/1399 1355/1388 
f 1355/1388 1354/1386 1364/1400 
f 1365/1401 1364/1400 1354/1386 
f 1354/1386 1353/1384 1365/1401 
f 1366/1402 1365/1401 1353/1384 
f 1353/1384 1352/1383 1366/1402 
f 1368/1404 1367/1403 1351/1382 
f 1351/1382 1349/1379 1368/1404 
f 1346/1375 1347/1376 1368/1404 
f 1368/1404 1349/1379 1346/1375 
f 1370/1406 1367/1403 1368/1404 
f 1368/1404 1369/1405 1370/1406 
f 1371/1407 1369/1405 1368/1404 
f 1368/1404 1347/1376 1371/1407 
f 1373/1409 1367/1403 1370/1406 
f 1370/1406 1372/1408 1373/1409 
f 1375/1411 1373/1409 1372/1408 
f 1372/1408 1374/1410 1375/1411 
f 1372/1408 1370/1406 1369/1405 
f 1369/1405 1374/1410 1372/1408 
f 1376/1412 1374/1410 1369/1405 
f 1369/1405 1371/1407 1376/1412 
f 1374/1410 1376/1412 1377/1413 
f 1377/1413 1375/1411 1374/1410 
f 1378/1414 1371/1407 1347/1376 
f 1347/1376 1343/1371 1378/1414 
f 1371/1407 1378/1414 1379/1415 
f 1379/1415 1376/1412 1371/1407 
f 1376/1412 1379/1415 1380/1416 
f 1380/1416 1377/1413 1376/1412 
f 1382/1418 1379/1415 1378/1414 
f 1378/1414 1381/1417 1382/1418 
f 1383/1419 1381/1417 1378/1414 
f 1378/1414 1343/1371 1383/1419 
f 1384/1420 1383/1419 1343/1371 
f 1343/1371 1341/1368 1384/1420 
f 1381/1417 1383/1419 1385/1421 
f 1385/1421 1382/1418 1381/1417 
f 1382/1418 1385/1421 1386/1422 
f 1386/1422 1379/1415 1382/1418 
f 1379/1415 1386/1422 1387/1423 
f 1387/1423 1380/1416 1379/1415 
f 1389/1425 1352/1383 1351/1382 
f 1351/1382 1388/1424 1389/1425 
f 1390/1426 1388/1424 1351/1382 
f 1351/1382 1367/1403 1390/1426 
f 1352/1383 1389/1425 1391/1427 
f 1391/1427 1366/1402 1352/1383 
f 1392/1428 1390/1426 1367/1403 
f 1367/1403 1373/1409 1392/1428 
f 1393/1429 1392/1428 1373/1409 
f 1373/1409 1375/1411 1393/1429 
f 1394/1430 1393/1429 1375/1411 
f 1375/1411 1377/1413 1394/1430 
f 1395/1431 1394/1430 1377/1413 
f 1377/1413 1380/1416 1395/1431 
f 1396/1432 1395/1431 1380/1416 
f 1380/1416 1387/1423 1396/1432 
f 1390/1426 1391/1427 1389/1425 
f 1389/1425 1388/1424 1390/1426 
f 1397/1433 1391/1427 1390/1426 
f 1390/1426 1392/1428 1397/1433 
f 1391/1427 1397/1433 1398/1434 
f 1398/1434 1366/1402 1391/1427 
f 1399/1435 1397/1433 1392/1428 
f 1392/1428 1393/1429 1399/1435 
f 1397/1433 1399/1435 1400/1436 
f 1400/1436 1398/1434 1397/1433 
f 1401/1437 1399/1435 1393/1429 
f 1393/1429 1394/1430 1401/1437 
f 1399/1435 1401/1437 1402/1438 
f 1402/1438 1400/1436 1399/1435 
f 1403/1439 1401/1437 1394/1430 
f 1394/1430 1395/1431 1403/1439 
f 1401/1437 1403/1439 1404/1440 
f 1404/1440 1402/1438 1401/1437 
f 1405/1441 1403/1439 1395/1431 
f 1395/1431 1396/1432 1405/1441 
f 1403/1439 1405/1441 1406/1442 
f 1406/1442 1404/1440 1403/1439 
f 1407/1443 1384/1420 1341/1368 
f 1341/1368 1340/1367 1407/1443 
f 1408/1444 1407/1443 1340/1367 
f 1340/1367 1339/1366 1408/1444 
f 1384/1420 1407/1443 1409/1445 
f 1409/1445 1383/1419 1384/1420 
f 1410/1446 1409/1445 1407/1443 
f 1407/1443 1408/1444 1410/1446 
f 1383/1419 1409/1445 1411/1447 
f 1411/1447 1385/1421 1383/1419 
f 1412/1448 1411/1447 1409/1445 
f 1409/1445 1410/1446 1412/1448 
f 1385/1421 1411/1447 1413/1449 
f 1413/1449 1386/1422 1385/1421 
f 1414/1450 1413/1449 1411/1447 
f 1411/1447 1412/1448 1414/1450 
f 1386/1422 1413/1449 1415/1451 
f 1415/1451 1387/1423 1386/1422 
f 1416/1452 1415/1451 1413/1449 
f 1413/1449 1414/1450 1416/1452 
f 1387/1423 1415/1451 1417/1453 
f 1417/1453 1396/1432 1387/1423 
f 1418/1454 1417/1453 1415/1451 
f 1415/1451 1416/1452 1418/1454 
f 1396/1432 1417/1453 1419/1455 
f 1419/1455 1405/1441 1396/1432 
f 1420/1456 1419/1455 1417/1453 
f 1417/1453 1418/1454 1420/1456 
f 1405/1441 1419/1455 1421/1457 
f 1421/1457 1406/1442 1405/1441 
f 1422/1458 1421/1457 1419/1455 
f 1419/1455 1420/1456 1422/1458 
f 1362/1398 1363/1399 1423/1459 
f 1423/1459 1361/1397 1362/1398 
f 1361/1397 1423/1459 1424/1460 
f 1424/1460 1358/1394 1361/1397 
f 1358/1394 1424/1460 1425/1461 
f 1425/1461 1359/1395 1358/1394 
f 1359/1395 1425/1461 1426/1462 
f 1426/1462 1360/1396 1359/1395 
f 1427/1463 1423/1459 1363/1399 
f 1363/1399 1364/1400 1427/1463 
f 1428/1464 1427/1463 1364/1400 
f 1364/1400 1365/1401 1428/1464 
f 1365/1401 1366/1402 1398/1434 
f 1398/1434 1428/1464 1365/1401 
f 1429/1465 1428/1464 1398/1434 
f 1398/1434 1400/1436 1429/1465 
f 1428/1464 1429/1465 1430/1466 
f 1430/1466 1427/1463 1428/1464 
f 1427/1463 1430/1466 1424/1460 
f 1424/1460 1423/1459 1427/1463 
f 1431/1467 1429/1465 1400/1436 
f 1400/1436 1402/1438 1431/1467 
f 1429/1465 1431/1467 1432/1468 
f 1432/1468 1430/1466 1429/1465 
f 1432/1468 1425/1461 1424/1460 
f 1424/1460 1430/1466 1432/1468 
f 1432/1468 1431/1467 1426/1462 
f 1426/1462 1425/1461 1432/1468 
f 1433/1469 1309/1334 1307/1332 
f 1307/1332 1306/1331 1433/1469 
f 1434/1470 1433/1469 1306/1331 
f 1306/1331 1360/1396 1434/1470 
f 1435/1471 1434/1470 1360/1396 
f 1360/1396 1426/1462 1435/1471 
f 1436/1472 1435/1471 1426/1462 
f 1426/1462 1431/1467 1436/1472 
f 1402/1438 1404/1440 1436/1472 
f 1436/1472 1431/1467 1402/1438 
f 1437/1473 1436/1472 1404/1440 
f 1404/1440 1406/1442 1437/1473 
f 1436/1472 1437/1473 1438/1474 
f 1438/1474 1435/1471 1436/1472 
f 1435/1471 1438/1474 1439/1475 
f 1439/1475 1434/1470 1435/1471 
f 1433/1469 1434/1470 1439/1475 
f 1439/1475 1309/1334 1433/1469 
f 1439/1475 1438/1474 1310/1335 
f 1310/1335 1309/1334 1439/1475 
f 1440/1476 1437/1473 1406/1442 
f 1406/1442 1421/1457 1440/1476 
f 1437/1473 1440/1476 1441/1477 
f 1441/1477 1438/1474 1437/1473 
f 1438/1474 1441/1477 1442/1478 
f 1442/1478 1310/1335 1438/1474 
f 1443/1479 1440/1476 1421/1457 
f 1421/1457 1422/1458 1443/1479 
f 1440/1476 1443/1479 1444/1480 
f 1444/1480 1441/1477 1440/1476 
f 1445/1481 1444/1480 1443/1479 
f 1443/1479 1422/1458 1445/1481 
f 1441/1477 1444/1480 1446/1482 
f 1446/1482 1442/1478 1441/1477 
f 1446/1482 1311/1336 1310/1335 
f 1310/1335 1442/1478 1446/1482 
f 1447/1483 1446/1482 1444/1480 
f 1444/1480 1445/1481 1447/1483 
f 1446/1482 1447/1483 1327/1353 
f 1327/1353 1311/1336 1446/1482 
f 1327/1353 1447/1483 1448/1484 
f 1448/1484 1328/1354 1327/1353 
f 1449/1485 1448/1484 1447/1483 
f 1447/1483 1445/1481 1449/1485 
f 1328/1354 1448/1484 1450/1486 
f 1450/1486 1329/1355 1328/1354 
f 1451/1487 1450/1486 1448/1484 
f 1448/1484 1449/1485 1451/1487 
f 1450/1486 1331/1357 1330/1356 
f 1330/1356 1329/1355 1450/1486 
f 1452/1488 1331/1357 1450/1486 
f 1450/1486 1451/1487 1452/1488 
f 1453/1489 1322/1348 1331/1357 
f 1331/1357 1452/1488 1453/1489 
f 1322/1348 1453/1489 1454/1490 
f 1454/1490 1332/1358 1322/1348 
f 1294/1316 1332/1358 1455/1491 
f 1455/1491 1284/1309 1294/1316 
f 1456/1492 1455/1491 1332/1358 
f 1332/1358 1454/1490 1456/1492 
f 1284/1309 1455/1491 1457/1493 
f 1457/1493 1282/1307 1284/1309 
f 1282/1307 1457/1493 1458/1494 
f 1458/1494 1283/1308 1282/1307 
f 1283/1308 1458/1494 1459/1495 
f 1459/1495 1285/1310 1283/1308 
f 1460/1496 1449/1485 1445/1481 
f 1445/1481 1422/1458 1460/1496 
f 1449/1485 1460/1496 1461/1497 
f 1461/1497 1451/1487 1449/1485 
f 1451/1487 1461/1497 1462/1498 
f 1462/1498 1452/1488 1451/1487 
f 1463/1499 1464/1500 1452/1488 
f 1452/1488 1462/1498 1463/1499 
f 1452/1488 1464/1500 1465/1501 
f 1465/1501 1453/1489 1452/1488 
f 1453/1489 1465/1501 1466/1502 
f 1466/1502 1454/1490 1453/1489 
f 1454/1490 1466/1502 1467/1503 
f 1467/1503 1456/1492 1454/1490 
f 1469/1505 1466/1502 1465/1501 
f 1465/1501 1468/1504 1469/1505 
f 1470/1506 1471/1507 1456/1492 
f 1456/1492 1467/1503 1470/1506 
f 1473/1509 1457/1493 1455/1491 
f 1455/1491 1472/1508 1473/1509 
f 1456/1492 1471/1507 1472/1508 
f 1472/1508 1455/1491 1456/1492 
f 1475/1511 1457/1493 1473/1509 
f 1473/1509 1474/1510 1475/1511 
f 1474/1510 1473/1509 1472/1508 
f 1472/1508 1471/1507 1474/1510 
f 1476/1512 1477/1513 1475/1511 
f 1475/1511 1474/1510 1476/1512 
f 1476/1512 1474/1510 1471/1507 
f 1471/1507 1470/1506 1476/1512 
f 1477/1513 1476/1512 1470/1506 
f 1470/1506 1467/1503 1477/1513 
f 1457/1493 1475/1511 1478/1514 
f 1478/1514 1458/1494 1457/1493 
f 1458/1494 1478/1514 1479/1515 
f 1479/1515 1459/1495 1458/1494 
f 1285/1310 1459/1495 1480/1516 
f 1480/1516 1333/1359 1285/1310 
f 1481/1517 1480/1516 1459/1495 
f 1459/1495 1479/1515 1481/1517 
f 1333/1359 1480/1516 1482/1518 
f 1482/1518 1334/1360 1333/1359 
f 1483/1519 1482/1518 1480/1516 
f 1480/1516 1481/1517 1483/1519 
f 1484/1520 1478/1514 1475/1511 
f 1475/1511 1477/1513 1484/1520 
f 1478/1514 1484/1520 1485/1521 
f 1485/1521 1479/1515 1478/1514 
f 1479/1515 1485/1521 1486/1522 
f 1486/1522 1481/1517 1479/1515 
f 1466/1502 1469/1505 1487/1523 
f 1487/1523 1467/1503 1466/1502 
f 1467/1503 1487/1523 1488/1524 
f 1488/1524 1477/1513 1467/1503 
f 1477/1513 1488/1524 1489/1525 
f 1489/1525 1484/1520 1477/1513 
f 1484/1520 1489/1525 1490/1526 
f 1490/1526 1485/1521 1484/1520 
f 1485/1521 1490/1526 1491/1527 
f 1491/1527 1486/1522 1485/1521 
f 1492/1528 1468/1504 1465/1501 
f 1465/1501 1464/1500 1492/1528 
f 1493/1529 1492/1528 1464/1500 
f 1464/1500 1463/1499 1493/1529 
f 1334/2995 1482/2996 1494/1530 
f 1494/1530 1335/1361 1334/2995 
f 1495/1531 1494/1530 1482/2996 
f 1482/2996 1483/2997 1495/1531 
f 1335/1361 1494/1530 1496/1532 
f 1496/1532 1336/1362 1335/1361 
f 1494/1530 1495/1531 1497/1533 
f 1497/1533 1496/1532 1494/1530 
f 1336/1362 1496/1532 1498/1534 
f 1498/1534 1338/1365 1336/1362 
f 1499/1535 1498/1534 1496/1532 
f 1496/1532 1497/1533 1499/1535 
f 1338/1365 1498/1534 1500/1536 
f 1500/1536 1339/1366 1338/1365 
f 1501/1537 1500/1536 1498/1534 
f 1498/1534 1499/1535 1501/1537 
f 1339/1366 1500/1536 1502/1538 
f 1502/1538 1408/1444 1339/1366 
f 1503/1539 1502/1538 1500/1536 
f 1500/1536 1501/1537 1503/1539 
f 1408/1444 1502/1538 1504/1540 
f 1504/1540 1410/1446 1408/1444 
f 1505/1541 1504/1540 1502/1538 
f 1502/1538 1503/1539 1505/1541 
f 1410/1446 1504/1540 1506/1542 
f 1506/1542 1412/1448 1410/1446 
f 1507/1543 1506/1542 1504/1540 
f 1504/1540 1505/1541 1507/1543 
f 1412/1448 1506/1542 1508/1544 
f 1508/1544 1414/1450 1412/1448 
f 1509/1545 1508/1544 1506/1542 
f 1506/1542 1507/1543 1509/1545 
f 1481/1517 1486/1522 1510/1546 
f 1510/1546 1483/1519 1481/1517 
f 1511/1547 1510/1546 1486/1522 
f 1486/1522 1491/1527 1511/1547 
f 1483/2997 1510/2998 1512/1548 
f 1512/1548 1495/1531 1483/2997 
f 1513/1549 1512/1548 1510/2998 
f 1510/2998 1511/2999 1513/1549 
f 1495/1531 1512/1548 1514/1550 
f 1514/1550 1497/1533 1495/1531 
f 1515/1551 1514/1550 1512/1548 
f 1512/1548 1513/1549 1515/1551 
f 1497/1533 1514/1550 1516/1552 
f 1516/1552 1499/1535 1497/1533 
f 1517/1553 1516/1552 1514/1550 
f 1514/1550 1515/1551 1517/1553 
f 1499/1535 1516/1552 1518/1554 
f 1518/1554 1501/1537 1499/1535 
f 1519/1555 1518/1554 1516/1552 
f 1516/1552 1517/1553 1519/1555 
f 1501/1537 1518/1554 1520/1556 
f 1520/1556 1503/1539 1501/1537 
f 1521/1557 1520/1556 1518/1554 
f 1518/1554 1519/1555 1521/1557 
f 1503/1539 1520/1556 1522/1558 
f 1522/1558 1505/1541 1503/1539 
f 1523/1559 1522/1558 1520/1556 
f 1520/1556 1521/1557 1523/1559 
f 1505/1541 1522/1558 1524/1560 
f 1524/1560 1507/1543 1505/1541 
f 1525/1561 1524/1560 1522/1558 
f 1522/1558 1523/1559 1525/1561 
f 1507/1543 1524/1560 1526/1562 
f 1526/1562 1509/1545 1507/1543 
f 1527/1563 1526/1562 1524/1560 
f 1524/1560 1525/1561 1527/1563 
f 1528/1564 1529/1565 1526/1562 
f 1526/1562 1527/1563 1528/1564 
f 1529/1565 1528/1564 1493/1529 
f 1493/1529 1463/1499 1529/1565 
f 1526/1562 1529/1565 1530/1566 
f 1530/1566 1509/1545 1526/1562 
f 1530/1566 1529/1565 1463/1499 
f 1463/1499 1462/1498 1530/1566 
f 1531/1567 1530/1566 1462/1498 
f 1462/1498 1461/1497 1531/1567 
f 1461/1497 1460/1496 1422/1458 
f 1422/1458 1531/1567 1461/1497 
f 1414/1450 1508/1544 1532/1568 
f 1532/1568 1416/1452 1414/1450 
f 1416/1452 1532/1568 1533/1569 
f 1533/1569 1418/1454 1416/1452 
f 1418/1454 1533/1569 1534/1570 
f 1534/1570 1420/1456 1418/1454 
f 1534/1570 1531/1567 1422/1458 
f 1422/1458 1420/1456 1534/1570 
f 1535/1571 1532/1568 1508/1544 
f 1508/1544 1509/1545 1535/1571 
f 1534/1570 1533/1569 1532/1568 
f 1532/1568 1535/1571 1534/1570 
f 1531/1567 1534/1570 1535/1571 
f 1535/1571 1530/1566 1531/1567 
f 1509/1545 1530/1566 1535/1571 
f 1537/1573 1153/1179 1154/1197 
f 1154/1197 1536/1572 1537/1573 
f 1538/1574 1247/1180 1153/1179 
f 1153/1179 1537/1573 1538/1574 
f 1539/1575 1536/1572 1154/1197 
f 1154/1197 1246/2986 1539/1575 
f 1540/1576 1539/3000 1246/1195 
f 1246/1195 1245/1193 1540/1576 
f 1541/1577 1540/1576 1245/1193 
f 1245/1193 1146/1191 1541/1577 
f 1542/1578 1541/1577 1146/1191 
f 1146/1191 1147/1189 1542/1578 
f 1543/1579 1542/1578 1147/1189 
f 1147/1189 1148/1187 1543/1579 
f 1544/1580 1543/1579 1148/1187 
f 1148/1187 1149/1172 1544/1580 
f 1545/1581 1544/1580 1149/1172 
f 1149/1172 1244/1174 1545/1581 
f 1546/1582 1545/1581 1244/1174 
f 1244/1174 1243/1176 1546/1582 
f 1547/1583 1546/1582 1243/1176 
f 1243/1176 1242/1178 1547/1583 
f 1548/1584 1547/1583 1242/1178 
f 1242/1178 1247/1180 1548/1584 
f 1549/1585 1548/1584 1247/1180 
f 1247/1180 1538/1574 1549/1585 
f 1550/1586 1549/1585 1538/1574 
f 1538/1574 1537/1573 1550/1586 
f 1551/1587 1550/1586 1537/1573 
f 1537/1573 1536/1572 1551/1587 
f 1550/1586 1551/1587 1552/1588 
f 1552/1588 1549/1585 1550/1586 
f 1553/1589 1551/1587 1536/1572 
f 1536/1572 1539/1575 1553/1589 
f 1551/1587 1553/1589 1554/1590 
f 1554/1590 1552/1588 1551/1587 
f 1555/1591 1554/1590 1553/1589 
f 1553/1589 1539/1575 1555/1591 
f 1556/1592 1555/3001 1539/3000 
f 1539/3000 1540/1576 1556/1592 
f 1557/1593 1556/1592 1540/1576 
f 1540/1576 1541/1577 1557/1593 
f 1558/1594 1557/1593 1541/1577 
f 1541/1577 1542/1578 1558/1594 
f 1559/1595 1558/1594 1542/1578 
f 1542/1578 1543/1579 1559/1595 
f 1560/1596 1559/1595 1543/1579 
f 1543/1579 1544/1580 1560/1596 
f 1561/1597 1560/1596 1544/1580 
f 1544/1580 1545/1581 1561/1597 
f 1562/1598 1561/1597 1545/1581 
f 1545/1581 1546/1582 1562/1598 
f 1563/1599 1562/1598 1546/1582 
f 1546/1582 1547/1583 1563/1599 
f 1564/1600 1563/1599 1547/1583 
f 1547/1583 1548/1584 1564/1600 
f 1565/1601 1564/1600 1548/1584 
f 1548/1584 1549/1585 1565/1601 
f 1566/1602 1565/1601 1549/1585 
f 1549/1585 1552/1588 1566/1602 
f 1567/1603 1566/1602 1552/1588 
f 1552/1588 1554/1590 1567/1603 
f 1568/1604 1567/1603 1554/1590 
f 1554/1590 1555/1591 1568/1604 
f 1569/1605 1570/1606 1567/1603 
f 1567/1603 1568/1604 1569/1605 
f 1571/1607 1572/1608 1570/1606 
f 1570/1606 1569/1605 1571/1607 
f 1574/1610 1573/1609 1555/3001 
f 1555/3001 1556/1592 1574/1610 
f 1575/1611 1574/1610 1556/1592 
f 1556/1592 1557/1593 1575/1611 
f 1576/1612 1575/1611 1557/1593 
f 1557/1593 1558/1594 1576/1612 
f 1577/1613 1576/1612 1558/1594 
f 1558/1594 1559/1595 1577/1613 
f 1578/1614 1577/1613 1559/1595 
f 1559/1595 1560/1596 1578/1614 
f 1579/1615 1578/1614 1560/1596 
f 1560/1596 1561/1597 1579/1615 
f 1580/1616 1579/1615 1561/1597 
f 1561/1597 1562/1598 1580/1616 
f 1581/1617 1580/1616 1562/1598 
f 1562/1598 1563/1599 1581/1617 
f 1582/1618 1581/1617 1563/1599 
f 1563/1599 1564/1600 1582/1618 
f 1583/1619 1582/1618 1564/1600 
f 1564/1600 1565/1601 1583/1619 
f 1584/1620 1583/1619 1565/1601 
f 1565/1601 1566/1602 1584/1620 
f 1581/1617 1582/1618 1583/1619 
f 1583/1619 1584/1620 1581/1617 
f 1585/1621 1584/1620 1566/1602 
f 1566/1602 1567/1603 1585/1621 
f 1567/1603 1570/1606 1572/1608 
f 1572/1608 1585/1621 1567/1603 
f 1587/1623 1586/1622 1573/1609 
f 1573/1609 1574/1610 1587/1623 
f 1588/1624 1587/1623 1574/1610 
f 1574/1610 1575/1611 1588/1624 
f 1589/1625 1588/1624 1575/1611 
f 1575/1611 1576/1612 1589/1625 
f 1590/1626 1589/1625 1576/1612 
f 1576/1612 1577/1613 1590/1626 
f 1591/1627 1590/1626 1577/1613 
f 1577/1613 1578/1614 1591/1627 
f 1592/1628 1591/1627 1578/1614 
f 1578/1614 1579/1615 1592/1628 
f 1593/1629 1592/1628 1579/1615 
f 1579/1615 1580/1616 1593/1629 
f 1581/1617 1584/1620 1593/1629 
f 1593/1629 1580/1616 1581/1617 
f 1594/1630 1595/1631 1593/1629 
f 1593/1629 1584/1620 1594/1630 
f 1596/1632 1594/1630 1584/1620 
f 1584/1620 1585/1621 1596/1632 
f 1597/1633 1596/1632 1585/1621 
f 1585/1621 1572/1608 1597/1633 
f 1596/1632 1597/1633 1598/1634 
f 1598/1634 1594/1630 1596/1632 
f 1600/1636 1594/1630 1598/1634 
f 1598/1634 1599/1635 1600/1636 
f 1601/1637 1602/1638 1594/1630 
f 1594/1630 1600/1636 1601/1637 
f 1602/1638 1601/1637 1603/1639 
f 1603/1639 1604/1640 1602/1638 
f 1605/1641 1606/1642 1604/1640 
f 1604/1640 1603/1639 1605/1641 
f 1607/1643 1608/1644 1604/1640 
f 1604/1640 1606/1642 1607/1643 
f 1604/1640 1608/1644 1609/1645 
f 1609/1645 1602/1638 1604/1640 
f 1602/1638 1609/1645 1595/1631 
f 1595/1631 1594/1630 1602/1638 
f 1595/1631 1609/1645 1608/1644 
f 1608/1644 1607/1643 1595/1631 
f 1610/1646 1605/1641 1603/1639 
f 1603/1639 1601/1637 1610/1646 
f 1611/1647 1601/1637 1600/1636 
f 1600/1636 1599/1635 1611/1647 
f 1601/1637 1611/1647 1612/1648 
f 1612/1648 1610/1646 1601/1637 
f 1598/1634 1597/1633 1613/1649 
f 1613/1649 1599/1635 1598/1634 
f 1614/1650 1615/1651 1599/1635 
f 1599/1635 1613/1649 1614/1650 
f 1613/1649 1597/1633 1572/1608 
f 1572/1608 1614/1650 1613/1649 
f 1616/1652 1617/1653 1615/1651 
f 1615/1651 1614/1650 1616/1652 
f 1614/1650 1572/1608 1571/1607 
f 1571/1607 1616/1652 1614/1650 
f 1619/1655 1617/1653 1616/1652 
f 1616/1652 1618/1654 1619/1655 
f 1620/1656 1618/1654 1616/1652 
f 1616/1652 1571/1607 1620/1656 
f 1622/1658 1611/1647 1599/1635 
f 1599/1635 1621/1657 1622/1658 
f 1623/1659 1624/1660 1622/1658 
f 1622/1658 1621/1657 1623/1659 
f 1625/1661 1626/1662 1624/1660 
f 1624/1660 1623/1659 1625/1661 
f 1615/1651 1623/1659 1621/1657 
f 1621/1657 1599/1635 1615/1651 
f 1617/1653 1625/1661 1623/1659 
f 1623/1659 1615/1651 1617/1653 
f 1619/1655 1626/1662 1625/1661 
f 1625/1661 1617/1653 1619/1655 
f 1627/1663 1628/1664 1624/1660 
f 1624/1660 1626/1662 1627/1663 
f 1624/1660 1628/1664 1629/1665 
f 1629/1665 1622/1658 1624/1660 
f 1630/1666 1629/1665 1628/1664 
f 1628/1664 1627/1663 1630/1666 
f 1629/1665 1630/1666 1631/1667 
f 1631/1667 1622/1658 1629/1665 
f 1631/1667 1612/1648 1611/1647 
f 1611/1647 1622/1658 1631/1667 
f 1632/1668 1633/1669 1631/1667 
f 1631/1667 1630/1666 1632/1668 
f 1631/1667 1633/1669 1634/1670 
f 1634/1670 1612/1648 1631/1667 
f 1612/1648 1634/1670 1635/1671 
f 1635/1671 1610/1646 1612/1648 
f 1635/1671 1634/1670 1633/1669 
f 1633/1669 1632/1668 1635/1671 
f 1610/1646 1635/1671 1636/1672 
f 1636/1672 1605/1641 1610/1646 
f 1637/1673 1636/1672 1635/1671 
f 1635/1671 1632/1668 1637/1673 
f 1638/1674 1637/1673 1632/1668 
f 1632/1668 1630/1666 1638/1674 
f 1639/1675 1638/1674 1630/1666 
f 1630/1666 1627/1663 1639/1675 
f 1641/1677 1636/1672 1637/1673 
f 1637/1673 1640/1676 1641/1677 
f 1636/1672 1641/1677 1642/1678 
f 1642/1678 1605/1641 1636/1672 
f 1605/1641 1642/1678 1643/1679 
f 1643/1679 1606/1642 1605/1641 
f 1593/1629 1595/1631 1644/1680 
f 1644/1680 1592/1628 1593/1629 
f 1592/1628 1644/1680 1645/1681 
f 1645/1681 1591/1627 1592/1628 
f 1591/1627 1645/1681 1646/1682 
f 1646/1682 1590/1626 1591/1627 
f 1590/1626 1646/1682 1647/1683 
f 1647/1683 1589/1625 1590/1626 
f 1589/1625 1647/1683 1648/1684 
f 1648/1684 1588/1624 1589/1625 
f 1588/1624 1648/1684 1649/1685 
f 1649/1685 1587/1623 1588/1624 
f 1587/1623 1649/1685 1650/1686 
f 1650/1686 1586/1622 1587/1623 
f 1651/1687 1647/1683 1646/1682 
f 1646/1682 1645/1681 1651/1687 
f 1652/1688 1648/1684 1647/1683 
f 1647/1683 1651/1687 1652/1688 
f 1648/1684 1652/1688 1653/1689 
f 1653/1689 1649/1685 1648/1684 
f 1654/1690 1655/1691 1651/1687 
f 1651/1687 1645/1681 1654/1690 
f 1651/1687 1655/1691 1656/1692 
f 1656/1692 1652/1688 1651/1687 
f 1657/1693 1658/1694 1649/1685 
f 1649/1685 1653/1689 1657/1693 
f 1659/1695 1657/1693 1653/1689 
f 1653/1689 1652/1688 1659/1695 
f 1660/1696 1659/1695 1652/1688 
f 1652/1688 1656/1692 1660/1696 
f 1661/1697 1660/1696 1656/1692 
f 1656/1692 1655/1691 1661/1697 
f 1662/1698 1661/1697 1655/1691 
f 1655/1691 1654/1690 1662/1698 
f 1663/1699 1664/1700 1662/1698 
f 1662/1698 1654/1690 1663/1699 
f 1665/1701 1666/1702 1657/1693 
f 1657/1693 1659/1695 1665/1701 
f 1657/1693 1666/1702 1667/1703 
f 1667/1703 1658/1694 1657/1693 
f 1668/1704 1669/1705 1659/1695 
f 1659/1695 1660/1696 1668/1704 
f 1659/1695 1669/1705 1670/1706 
f 1670/1706 1665/1701 1659/1695 
f 1671/1707 1670/1706 1669/1705 
f 1669/1705 1668/1704 1671/1707 
f 1670/1706 1671/1707 1672/1708 
f 1672/1708 1665/1701 1670/1706 
f 1673/1709 1672/1708 1671/1707 
f 1671/1707 1668/1704 1673/1709 
f 1660/1696 1661/1697 1673/1709 
f 1673/1709 1668/1704 1660/1696 
f 1674/1710 1675/1711 1667/1703 
f 1667/1703 1666/1702 1674/1710 
f 1676/1712 1674/1710 1666/1702 
f 1666/1702 1665/1701 1676/1712 
f 1677/1713 1676/1712 1665/1701 
f 1665/1701 1672/1708 1677/1713 
f 1679/1715 1676/1712 1677/1713 
f 1677/1713 1678/1714 1679/1715 
f 1680/1716 1678/1714 1677/1713 
f 1677/1713 1672/1708 1680/1716 
f 1681/1717 1680/1716 1672/1708 
f 1672/1708 1673/1709 1681/1717 
f 1682/1718 1681/1717 1673/1709 
f 1673/1709 1661/1697 1682/1718 
f 1683/1719 1682/1718 1661/1697 
f 1661/1697 1662/1698 1683/1719 
f 1682/1718 1683/1719 1684/1720 
f 1684/1720 1681/1717 1682/1718 
f 1685/1721 1680/1716 1681/1717 
f 1681/1717 1684/1720 1685/1721 
f 1680/1716 1685/1721 1679/1715 
f 1679/1715 1678/1714 1680/1716 
f 1686/1722 1687/1723 1679/1715 
f 1679/1715 1685/1721 1686/1722 
f 1688/1724 1686/1722 1685/1721 
f 1685/1721 1684/1720 1688/1724 
f 1689/1725 1688/1724 1684/1720 
f 1684/1720 1683/1719 1689/1725 
f 1683/1719 1662/1698 1690/1726 
f 1690/1726 1689/1725 1683/1719 
f 1691/1727 1690/1726 1662/1698 
f 1662/1698 1664/1700 1691/1727 
f 1692/1728 1693/1729 1691/1727 
f 1691/1727 1664/1700 1692/1728 
f 1468/1504 1492/1528 1693/1729 
f 1693/1729 1692/1728 1468/1504 
f 1695/1731 1675/1711 1674/1710 
f 1674/1710 1694/1730 1695/1731 
f 1696/1732 1694/1730 1674/1710 
f 1674/1710 1676/1712 1696/1732 
f 1697/1733 1696/1732 1676/1712 
f 1676/1712 1679/1715 1697/1733 
f 1698/1734 1697/1733 1679/1715 
f 1679/1715 1687/1723 1698/1734 
f 1700/1736 1698/1734 1687/1723 
f 1687/1723 1699/1735 1700/1736 
f 1700/1736 1699/1735 1521/1557 
f 1521/1557 1519/1555 1700/1736 
f 1696/1732 1697/1733 1701/1737 
f 1701/1737 1694/1730 1696/1732 
f 1702/1738 1701/1737 1697/1733 
f 1697/1733 1698/1734 1702/1738 
f 1701/1737 1702/1738 1695/1731 
f 1695/1731 1694/1730 1701/1737 
f 1703/1739 1702/1738 1698/1734 
f 1698/1734 1700/1736 1703/1739 
f 1702/1738 1703/1739 1704/1740 
f 1704/1740 1695/1731 1702/1738 
f 1705/1741 1704/1740 1515/1551 
f 1515/1551 1513/1549 1705/1741 
f 1515/1551 1704/1740 1706/1742 
f 1706/1742 1517/1553 1515/1551 
f 1517/1553 1706/1742 1707/1743 
f 1707/1743 1519/1555 1517/1553 
f 1707/1743 1703/1739 1700/1736 
f 1700/1736 1519/1555 1707/1743 
f 1706/1742 1704/1740 1703/1739 
f 1703/1739 1707/1743 1706/1742 
f 1521/1557 1699/1735 1708/1744 
f 1708/1744 1523/1559 1521/1557 
f 1523/1559 1708/1744 1709/1745 
f 1709/1745 1525/1561 1523/1559 
f 1708/1744 1699/1735 1687/1723 
f 1687/1723 1686/1722 1708/1744 
f 1686/1722 1688/1724 1709/1745 
f 1709/1745 1708/1744 1686/1722 
f 1525/1561 1709/1745 1710/1746 
f 1710/1746 1527/1563 1525/1561 
f 1689/1725 1710/1746 1709/1745 
f 1709/1745 1688/1724 1689/1725 
f 1527/1563 1710/1746 1711/1747 
f 1711/1747 1528/1564 1527/1563 
f 1690/1726 1711/1747 1710/1746 
f 1710/1746 1689/1725 1690/1726 
f 1528/1564 1711/1747 1712/1748 
f 1712/1748 1493/1529 1528/1564 
f 1492/1528 1493/1529 1712/1748 
f 1712/1748 1693/1729 1492/1528 
f 1693/1729 1712/1748 1711/1747 
f 1711/1747 1691/1727 1693/1729 
f 1690/1726 1691/1727 1711/1747 
f 1713/1751 1714/1753 1469/1505 
f 1469/1505 1468/1504 1713/1751 
f 1469/1505 1714/1753 1715/1754 
f 1715/1754 1487/1523 1469/1505 
f 1717/1756 1487/1523 1715/1754 
f 1715/1754 1716/1755 1717/1756 
f 1716/1755 1640/1676 1637/1673 
f 1637/1673 1717/1756 1716/1755 
f 1718/1757 1713/1751 1468/1504 
f 1468/1504 1692/1728 1718/1757 
f 1719/1758 1718/1757 1692/1728 
f 1692/1728 1664/1700 1719/1758 
f 1720/2103 1719/1758 1664/1700 
f 1664/1700 1663/1699 1720/2103 
f 1721/2104 1720/2103 1663/1699 
f 1663/1699 1654/1690 1721/2104 
f 1721/2104 1654/1690 1645/1681 
f 1645/1681 1644/1680 1721/2104 
f 1606/1642 1643/1679 1722/2105 
f 1722/2105 1607/1643 1606/1642 
f 1607/1643 1721/2104 1644/1680 
f 1644/1680 1595/1631 1607/1643 
f 1721/2104 1607/1643 1722/2105 
f 1722/2105 1720/2103 1721/2104 
f 1720/2103 1722/2105 1723/2106 
f 1723/2106 1719/1758 1720/2103 
f 1643/1679 1724/2115 1723/2106 
f 1723/2106 1722/2105 1643/1679 
f 1724/2115 1643/1679 1642/1678 
f 1642/1678 1641/1677 1724/2115 
f 1725/2116 1724/2115 1641/1677 
f 1641/1677 1640/1676 1725/2116 
f 1724/2115 1725/2116 1726/2117 
f 1726/2117 1723/2106 1724/2115 
f 1719/1758 1723/2106 1726/2117 
f 1726/2117 1718/1757 1719/1758 
f 1727/2118 1725/2116 1640/1676 
f 1640/1676 1716/1755 1727/2118 
f 1725/2116 1727/2118 1728/2119 
f 1728/2119 1726/2117 1725/2116 
f 1718/1757 1726/2117 1728/2119 
f 1728/2119 1713/1751 1718/1757 
f 1728/2119 1715/1754 1714/1753 
f 1714/1753 1713/1751 1728/2119 
f 1728/2119 1727/2118 1716/1755 
f 1716/1755 1715/1754 1728/2119 
f 1487/1523 1717/1756 1729/2120 
f 1729/2120 1488/1524 1487/1523 
f 1730/2121 1729/2120 1717/1756 
f 1717/1756 1637/1673 1730/2121 
f 1638/1674 1639/1675 1730/2121 
f 1730/2121 1637/1673 1638/1674 
f 1488/1524 1729/2120 1731/2122 
f 1731/2122 1489/1525 1488/1524 
f 1732/2131 1731/2122 1729/2120 
f 1729/2120 1730/2121 1732/2131 
f 1733/2133 1732/2131 1730/2121 
f 1730/2121 1639/1675 1733/2133 
f 1734/2141 1733/2133 1639/1675 
f 1639/1675 1627/1663 1734/2141 
f 1734/2141 1627/1663 1626/1662 
f 1626/1662 1619/1655 1734/2141 
f 1489/1525 1731/2122 1735/2142 
f 1735/2142 1490/1526 1489/1525 
f 1736/2163 1735/2142 1731/2122 
f 1731/2122 1732/2131 1736/2163 
f 1737/2164 1736/2163 1732/2131 
f 1732/2131 1733/2133 1737/2164 
f 1738/2165 1737/2164 1733/2133 
f 1733/2133 1734/2141 1738/2165 
f 1739/2166 1738/2165 1734/2141 
f 1734/2141 1619/1655 1739/2166 
f 1740/2167 1739/2166 1619/1655 
f 1619/1655 1618/1654 1740/2167 
f 1618/1654 1620/1656 1741/2168 
f 1741/2168 1740/2167 1618/1654 
f 1573/3002 1569/1605 1568/1604 
f 1568/1604 1555/1591 1573/3002 
f 1620/1656 1571/1607 1742/2169 
f 1742/2169 1741/2168 1620/1656 
f 1743/2217 1742/2169 1571/1607 
f 1571/1607 1569/1605 1743/2217 
f 1744/2218 1745/2219 1741/2168 
f 1741/2168 1742/2169 1744/2218 
f 1586/3003 1650/3004 1745/2219 
f 1745/2219 1744/2218 1586/3003 
f 1746/2220 1744/2218 1742/2169 
f 1742/2169 1743/2217 1746/2220 
f 1569/1605 1573/3002 1746/2220 
f 1746/2220 1743/2217 1569/1605 
f 1586/3003 1744/2218 1746/2220 
f 1746/2220 1573/3002 1586/3003 
f 1741/2168 1745/2219 1747/2221 
f 1747/2221 1740/2167 1741/2168 
f 1740/2167 1747/2221 1748/2222 
f 1748/2222 1739/2166 1740/2167 
f 1749/2223 1747/2221 1745/2219 
f 1745/2219 1650/3004 1749/2223 
f 1747/2221 1749/2223 1750/2224 
f 1750/2224 1748/2222 1747/2221 
f 1739/2166 1748/2222 1751/2225 
f 1751/2225 1738/2165 1739/2166 
f 1658/1694 1749/3005 1650/1686 
f 1650/1686 1649/1685 1658/1694 
f 1658/1694 1667/1703 1750/3006 
f 1750/3006 1749/3005 1658/1694 
f 1752/2226 1751/2225 1748/2222 
f 1748/2222 1750/2224 1752/2226 
f 1738/2165 1751/2225 1753/2227 
f 1753/2227 1737/2164 1738/2165 
f 1754/2228 1753/2227 1751/2225 
f 1751/2225 1752/2226 1754/2228 
f 1752/3007 1750/3006 1755/2229 
f 1755/2229 1754/3008 1752/3007 
f 1667/1703 1675/1711 1755/2229 
f 1755/2229 1750/3006 1667/1703 
f 1756/2230 1755/2229 1675/1711 
f 1675/1711 1695/1731 1756/2230 
f 1755/2229 1756/2230 1757/2231 
f 1757/2231 1754/3008 1755/2229 
f 1754/2228 1757/3009 1758/2232 
f 1758/2232 1753/2227 1754/2228 
f 1736/2163 1737/2164 1753/2227 
f 1753/2227 1758/2232 1736/2163 
f 1736/2163 1758/2232 1757/3009 
f 1757/3009 1735/2142 1736/2163 
f 1735/2142 1757/3009 1491/1527 
f 1491/1527 1490/1526 1735/2142 
f 1513/1549 1511/2999 1759/2233 
f 1759/2233 1705/1741 1513/1549 
f 1759/3010 1511/1547 1491/1527 
f 1491/1527 1757/3009 1759/3010 
f 1759/2233 1757/2231 1756/2230 
f 1756/2230 1705/1741 1759/2233 
f 1704/1740 1705/1741 1756/2230 
f 1756/2230 1695/1731 1704/1740 
f 1760/1818 1114/1799 1058/1100 
f 1058/1100 1795/1099 1760/1818 
f 1761/1765 1056/1086 1055/1085 
f 1055/1085 1053/1764 1761/1765 
f 1762/1767 1761/1765 1053/1764 
f 1053/1764 1054/1766 1762/1767 
f 1763/1772 1778/1773 1765/1769 
f 1765/1769 2286/1771 1763/1772 
f 1764/1774 1046/1072 1033/1050 
f 1767/1775 1768/1776 1766/1777 
f 1766/1777 1765/1769 1767/1775 
f 1766/1777 1768/1776 1049/1075 
f 1049/1075 1046/1072 1766/1777 
f 1049/1075 1768/1776 1769/1778 
f 1769/1778 1048/1073 1049/1075 
f 1770/1779 1769/1778 1768/1776 
f 1768/1776 1767/1775 1770/1779 
f 1771/1781 1028/1780 1026/1045 
f 1026/1045 1050/1076 1771/1781 
f 1773/1783 1772/1782 1771/1781 
f 1771/1781 1050/1076 1773/1783 
f 1769/1778 1773/1783 1050/1076 
f 1050/1076 1048/1073 1769/1778 
f 1774/1784 1773/1783 1769/1778 
f 1769/1778 1770/1779 1774/1784 
f 1773/1783 1774/1784 1775/1785 
f 1775/1785 1772/1782 1773/1783 
f 1771/1781 1772/1782 1776/1786 
f 1776/1786 1028/1780 1771/1781 
f 1028/1780 1776/1786 1777/1787 
f 1777/1787 1029/1089 1028/1780 
f 1777/1787 1053/1764 1055/1085 
f 1055/1085 1029/1089 1777/1787 
f 1776/1786 1772/1782 1053/1764 
f 1053/1764 1777/1787 1776/1786 
f 1775/1785 1054/1766 1053/1764 
f 1053/1764 1772/1782 1775/1785 
f 2288/1788 2221/1068 2246/1067 
f 2246/1067 1763/1772 2288/1788 
f 1765/1769 1778/1773 1779/1789 
f 1779/1789 1767/1775 1765/1769 
f 1767/1775 1779/1789 1780/1790 
f 1780/1790 1770/1779 1767/1775 
f 1780/1790 1781/1791 1774/1784 
f 1774/1784 1770/1779 1780/1790 
f 1774/1784 1781/1791 1782/1792 
f 1782/1792 1775/1785 1774/1784 
f 1051/1078 1780/1790 1779/1789 
f 2247/1079 1051/1078 1779/1789 
f 1044/1793 2247/1079 1779/1789 
f 1044/1793 1779/1789 1778/1773 
f 1780/1790 1051/1078 1783/1794 
f 1783/1794 1781/1791 1780/1790 
f 1781/1791 1783/1794 1784/1795 
f 1784/1795 1782/1792 1781/1791 
f 1785/1796 1783/1794 1051/1078 
f 1051/1078 1052/1077 1785/1796 
f 1783/1794 1785/1796 1786/1797 
f 1786/1797 1784/1795 1783/1794 
f 2228/1820 2229/1821 2224/1822 
f 2224/1822 2225/1819 2228/1820 
f 1775/1785 1782/1792 1788/1802 
f 1788/1802 1054/1766 1775/1785 
f 1054/1766 1788/1802 1789/1803 
f 1789/1803 1762/1767 1054/1766 
f 1782/1792 1784/1795 1790/1804 
f 1790/1804 1788/1802 1782/1792 
f 1788/1802 1790/1804 1791/1805 
f 1791/1805 1789/1803 1788/1802 
f 1792/1806 1790/1804 1784/1795 
f 1784/1795 1786/1797 1792/1806 
f 1793/1808 1791/1805 1790/1804 
f 1790/1804 1792/1806 1793/1808 
f 957/2548 955/2549 996/3176 
f 996/3176 995/3175 957/2548 
f 1022/191 1023/1097 1794/1098 
f 1023/1097 1060/1823 1059/1824 
f 1059/1824 1794/1098 1023/1097 
f 1794/1098 1059/1824 1760/1818 
f 1760/1818 1795/1099 1794/1098 
f 1023/1042 189/3169 187/3168 
f 1796/1829 1797/2170 1110/1761 
f 1110/1761 1111/1762 1796/1829 
f 1798/2171 1796/1829 1111/1762 
f 1111/1762 1114/1799 1798/2171 
f 1799/2172 1798/2171 1114/1799 
f 1114/1799 1760/1818 1799/2172 
f 1800/2173 1799/2172 1760/1818 
f 1760/1818 1059/1824 1800/2173 
f 1060/1823 1062/2174 1800/2173 
f 1800/2173 1059/1824 1060/1823 
f 1801/2176 1800/2173 1062/2174 
f 1062/2174 1056/2175 1801/2176 
f 1800/2173 1801/2176 1802/2177 
f 1802/2177 1799/2172 1800/2173 
f 1796/1829 1798/2171 1799/2172 
f 1799/2172 1802/2177 1796/1829 
f 1796/1829 1802/2177 1803/2178 
f 1803/2178 1797/2170 1796/1829 
f 1804/2179 1803/2178 1802/2177 
f 1802/2177 1801/2176 1804/2179 
f 1056/2175 1761/2180 1804/2179 
f 1804/2179 1801/2176 1056/2175 
f 1805/2182 1804/2179 1761/2180 
f 1761/2180 1762/2181 1805/2182 
f 1806/2184 1805/2182 1762/2181 
f 1762/2181 1789/2183 1806/2184 
f 1807/2186 1806/2184 1789/2183 
f 1789/2183 1791/2185 1807/2186 
f 1804/2179 1805/2182 1808/2187 
f 1808/2187 1803/2178 1804/2179 
f 1809/2188 1808/2187 1805/2182 
f 1805/2182 1806/2184 1809/2188 
f 1810/2189 1809/2188 1806/2184 
f 1806/2184 1807/2186 1810/2189 
f 1814/1750 1810/1752 1811/1807 
f 1811/1807 1813/1749 1814/1750 
f 1815/2216 2234/2240 2235/2241 
f 2235/2241 2236/2242 1815/2216 
f 2233/2268 2234/2240 1815/2216 
f 1815/2216 2232/2269 2233/2268 
f 1818/2300 1106/2317 1110/1761 
f 1110/1761 1817/2270 1818/2300 
f 1819/2318 1817/2270 1110/1761 
f 1110/1761 1797/2170 1819/2318 
f 1808/2187 1816/2320 1820/2319 
f 1820/2319 1803/2178 1808/2187 
f 1797/2170 1803/2178 1820/2319 
f 1820/2319 1819/2318 1797/2170 
f 1824/2321 1821/2322 1822/2323 
f 1824/2321 1826/2326 1827/2324 
f 1827/2324 1825/2325 1824/2321 
f 1828/2328 1827/2324 1826/2326 
f 1826/2326 1823/2327 1828/2328 
f 1071/1116 1103/1156 1106/3204 
f 1106/3204 1823/2327 1071/1116 
f 1106/3204 1818/3203 1828/2328 
f 1828/2328 1823/2327 1106/3204 
f 1825/1826 1827/1827 1829/1809 
f 1829/1809 1821/1825 1825/1826 
f 1830/1830 1829/1809 1827/1827 
f 1827/1827 1828/1828 1830/1830 
f 1831/1832 1830/1830 1828/1828 
f 1828/1828 1818/1831 1831/1832 
f 1832/1833 1812/1834 1821/1825 
f 1812/1834 1832/1833 1813/1749 
f 1813/1749 1811/1807 1812/1834 
f 1833/1835 1832/1833 1821/1825 
f 1821/1825 1829/1809 1833/1835 
f 1832/1833 1833/1835 1834/1836 
f 1834/1836 1813/1749 1832/1833 
f 1813/1749 1834/1836 1835/1837 
f 1835/1837 1814/1750 1813/1749 
f 1836/1838 1815/1839 2236/1840 
f 2236/1840 2237/1841 1836/1838 
f 2232/1842 1815/1839 1836/1838 
f 1836/1838 2231/1843 2232/1842 
f 1816/1846 1837/1847 1838/1844 
f 1838/1844 1820/1845 1816/1846 
f 1840/1849 1819/1850 1820/1845 
f 1820/1845 1839/1848 1840/1849 
f 1841/1851 1839/1848 1820/1845 
f 1820/1845 1838/1844 1841/1851 
f 1842/1852 1843/1853 1841/1851 
f 1841/1851 1838/1844 1842/1852 
f 1844/1854 1842/1852 1838/1844 
f 1838/1844 1837/1847 1844/1854 
f 1836/1838 1846/1855 1845/1856 
f 1845/1856 2231/1843 1836/1838 
f 1845/1856 1843/1853 1842/1852 
f 1842/1852 1844/1854 1845/1856 
f 1847/1857 1843/1853 1845/1856 
f 1845/1856 1846/1855 1847/1857 
f 1848/1858 1849/1859 1835/1837 
f 1835/1837 1834/1836 1848/1858 
f 1851/1861 1849/1859 1848/1858 
f 1848/1858 1850/1860 1851/1861 
f 1853/1863 1851/1861 1850/1860 
f 1850/1860 1852/1862 1853/1863 
f 1836/1838 2237/1841 1854/1864 
f 1854/1864 1846/1855 1836/1838 
f 1855/1865 1854/1864 1849/1859 
f 1849/1859 1851/1861 1855/1865 
f 1855/1865 1847/1857 1846/1855 
f 1846/1855 1854/1864 1855/1865 
f 1856/1866 1855/1865 1851/1861 
f 1851/1861 1853/1863 1856/1866 
f 1855/1865 1856/1866 1857/1867 
f 1857/1867 1847/1857 1855/1865 
f 1859/1869 1847/1857 1857/1867 
f 1857/1867 1858/1868 1859/1869 
f 1860/1870 1858/1868 1857/1867 
f 1857/1867 1856/1866 1860/1870 
f 1847/1857 1859/1869 1861/1871 
f 1861/1871 1843/1853 1847/1857 
f 1843/1853 1861/1871 1862/1872 
f 1862/1872 1841/1851 1843/1853 
f 1841/1851 1862/1872 1863/1873 
f 1863/1873 1839/1848 1841/1851 
f 1839/1848 1863/1873 1864/1874 
f 1864/1874 1840/1849 1839/1848 
f 1819/1850 1840/1849 1865/1875 
f 1865/1875 1817/1876 1819/1850 
f 1866/1877 1865/1875 1840/1849 
f 1840/1849 1864/1874 1866/1877 
f 1865/1875 1866/1877 1818/2870 
f 1818/2870 1817/1876 1865/1875 
f 1818/1831 1866/3061 1867/1878 
f 1867/1878 1831/1832 1818/1831 
f 1868/1879 1833/1835 1829/1809 
f 1829/1809 1830/1830 1868/1879 
f 1869/1880 1868/1879 1830/1830 
f 1830/1830 1831/1832 1869/1880 
f 1870/1881 1869/1880 1831/1832 
f 1831/1832 1867/1878 1870/1881 
f 1848/1858 1834/1836 1833/1835 
f 1833/1835 1868/1879 1848/1858 
f 1868/1879 1869/1880 1850/1860 
f 1850/1860 1848/1858 1868/1879 
f 1856/1866 1853/1863 1852/1862 
f 1852/1862 1860/1870 1856/1866 
f 1871/1882 1850/1860 1869/1880 
f 1869/1880 1870/1881 1871/1882 
f 1850/1860 1871/1882 1872/1883 
f 1872/1883 1852/1862 1850/1860 
f 1852/1862 1872/1883 1873/1884 
f 1873/1884 1860/1870 1852/1862 
f 1873/1884 1859/1869 1858/1868 
f 1858/1868 1860/1870 1873/1884 
f 1874/1885 1875/1886 1871/1882 
f 1871/1882 1870/1881 1874/1885 
f 1871/1882 1875/1886 1876/1887 
f 1876/1887 1872/1883 1871/1882 
f 1872/1883 1876/1887 1877/1888 
f 1877/1888 1873/1884 1872/1883 
f 1873/1884 1877/1888 1878/1889 
f 1878/1889 1859/1869 1873/1884 
f 1859/1869 1878/1889 1879/1890 
f 1879/1890 1861/1871 1859/1869 
f 1861/1871 1879/1890 1880/1891 
f 1880/1891 1862/1872 1861/1871 
f 1862/1872 1880/1891 1881/1892 
f 1881/1892 1863/1873 1862/1872 
f 1863/1873 1881/1892 1882/1893 
f 1882/1893 1864/1874 1863/1873 
f 1864/1874 1882/1893 1883/1894 
f 1883/1894 1866/1877 1864/1874 
f 1884/1895 1874/1885 1870/1881 
f 1870/1881 1867/1878 1884/1895 
f 1884/1895 1867/1878 1866/3061 
f 1866/3061 1883/3071 1884/1895 
f 1886/1897 1874/1885 1884/1895 
f 1884/1895 1885/1896 1886/1897 
f 1887/1898 1885/1896 1884/1895 
f 1884/1895 1883/3071 1887/1898 
f 1888/1899 1887/3072 1883/1894 
f 1883/1894 1882/1893 1888/1899 
f 1889/1900 1888/1899 1882/1893 
f 1882/1893 1881/1892 1889/1900 
f 1890/1901 1889/1900 1881/1892 
f 1881/1892 1880/1891 1890/1901 
f 1891/1902 1890/1901 1880/1891 
f 1880/1891 1879/1890 1891/1902 
f 1878/1889 1892/1903 1891/1902 
f 1891/1902 1879/1890 1878/1889 
f 1893/1904 1892/1903 1878/1889 
f 1878/1889 1877/1888 1893/1904 
f 1894/1905 1893/1904 1877/1888 
f 1877/1888 1876/1887 1894/1905 
f 1895/1906 1894/1905 1876/1887 
f 1876/1887 1875/1886 1895/1906 
f 1895/1906 1875/1886 1874/1885 
f 1874/1885 1886/1897 1895/1906 
f 1897/1908 1895/1906 1886/1897 
f 1886/1897 1896/1907 1897/1908 
f 1895/1906 1897/1908 1898/1909 
f 1898/1909 1894/1905 1895/1906 
f 1894/1905 1898/1909 1899/1910 
f 1899/1910 1893/1904 1894/1905 
f 1901/1912 1893/1904 1899/1910 
f 1899/1910 1900/1911 1901/1912 
f 1903/1914 1892/1903 1893/1904 
f 1893/1904 1902/1913 1903/1914 
f 1892/1903 1903/1914 1904/1915 
f 1904/1915 1891/1902 1892/1903 
f 1891/1902 1904/1915 1905/1916 
f 1905/1916 1890/1901 1891/1902 
f 1890/1901 1905/1916 1906/1917 
f 1906/1917 1889/1900 1890/1901 
f 1907/1918 1902/1913 1893/1904 
f 1893/1904 1901/1912 1907/1918 
f 1909/1920 1902/1913 1907/1918 
f 1907/1918 1908/1919 1909/1920 
f 1902/1913 1909/1920 1910/1921 
f 1910/1921 1903/1914 1902/1913 
f 1911/1922 1907/1918 1901/1912 
f 1901/1912 1900/1911 1911/1922 
f 1907/1918 1911/1922 1912/1923 
f 1912/1923 1908/1919 1907/1918 
f 1903/1914 1910/1921 1913/1924 
f 1913/1924 1904/1915 1903/1914 
f 1904/1915 1913/1924 1914/1925 
f 1914/1925 1905/1916 1904/1915 
f 1905/1916 1914/1925 1915/1926 
f 1915/1926 1906/1917 1905/1916 
f 1917/1928 1909/1920 1908/1919 
f 1908/1919 1916/1927 1917/1928 
f 1919/1930 1917/1928 1916/1927 
f 1916/1927 1918/1929 1919/1930 
f 1920/1931 1921/1932 1919/1930 
f 1919/1930 1918/1929 1920/1931 
f 1922/1933 1916/1927 1908/1919 
f 1908/1919 1912/1923 1922/1933 
f 1916/1927 1922/1933 1923/1934 
f 1923/1934 1918/1929 1916/1927 
f 1924/1935 1925/1936 1899/1910 
f 1899/1910 1898/1909 1924/1935 
f 1926/1937 1924/1935 1898/1909 
f 1898/1909 1897/1908 1926/1937 
f 1927/1938 1926/1937 1897/1908 
f 1897/1908 1896/1907 1927/1938 
f 1926/1937 1927/1938 1928/1939 
f 1928/1939 1924/1935 1926/1937 
f 1929/1940 1896/1907 1886/1897 
f 1886/1897 1885/1896 1929/1940 
f 1896/1907 1929/1940 1930/1941 
f 1930/1941 1927/1938 1896/1907 
f 1927/1938 1930/1941 1931/1942 
f 1931/1942 1928/1939 1927/1938 
f 1899/1910 1925/1936 1932/1943 
f 1932/1943 1900/1911 1899/1910 
f 1900/1911 1932/1943 1933/1944 
f 1933/1944 1911/1922 1900/1911 
f 1911/1922 1933/1944 1934/1945 
f 1934/1945 1912/1923 1911/1922 
f 1912/1923 1934/1945 1935/1946 
f 1935/1946 1922/1933 1912/1923 
f 1922/1933 1935/1946 1936/1947 
f 1936/1947 1923/1934 1922/1933 
f 1918/1929 1923/1934 1937/1948 
f 1937/1948 1920/1931 1918/1929 
f 1938/1949 1937/1948 1923/1934 
f 1923/1934 1936/1947 1938/1949 
f 1940/1951 1928/1939 1931/1942 
f 1931/1942 1939/1950 1940/1951 
f 1928/1939 1940/1951 1941/1952 
f 1941/1952 1924/1935 1928/1939 
f 1924/1935 1941/1952 1942/1953 
f 1942/1953 1925/1936 1924/1935 
f 1944/1955 1942/1953 1941/1952 
f 1941/1952 1943/1954 1944/1955 
f 1941/1952 1940/1951 1939/1950 
f 1939/1950 1943/1954 1941/1952 
f 1925/1936 1942/1953 1945/1956 
f 1945/1956 1932/1943 1925/1936 
f 1946/1957 1945/1956 1942/1953 
f 1942/1953 1944/1955 1946/1957 
f 1932/1943 1945/1956 1947/1958 
f 1947/1958 1933/1944 1932/1943 
f 1948/1959 1947/1958 1945/1956 
f 1945/1956 1946/1957 1948/1959 
f 1933/1944 1947/1958 1949/1960 
f 1949/1960 1934/1945 1933/1944 
f 1950/1961 1949/1960 1947/1958 
f 1947/1958 1948/1959 1950/1961 
f 1934/1945 1949/1960 1951/1962 
f 1951/1962 1935/1946 1934/1945 
f 1952/1963 1951/1962 1949/1960 
f 1949/1960 1950/1961 1952/1963 
f 1951/1962 1938/1949 1936/1947 
f 1936/1947 1935/1946 1951/1962 
f 1938/1949 1951/1962 1952/1963 
f 1938/1949 1953/1965 1954/1964 
f 1954/1964 1937/1948 1938/1949 
f 1937/1948 1954/1964 1955/1966 
f 1955/1966 1920/1931 1937/1948 
f 1920/1931 1955/1966 1956/1967 
f 1956/1967 1921/1932 1920/1931 
f 1957/1968 1929/1940 1885/1896 
f 1885/1896 1887/1898 1957/1968 
f 1958/1969 1959/1970 1930/1941 
f 1930/1941 1929/1940 1958/1969 
f 1930/1941 1959/1970 1960/1971 
f 1960/1971 1931/1942 1930/1941 
f 1931/1942 1960/1971 1961/1972 
f 1961/1972 1939/1950 1931/1942 
f 1961/1972 1944/1955 1943/1954 
f 1943/1954 1939/1950 1961/1972 
f 1963/1974 1946/1957 1944/1955 
f 1944/1955 1962/1973 1963/1974 
f 1964/1975 1962/1973 1944/1955 
f 1944/1955 1961/1972 1964/1975 
f 1965/1976 1964/1975 1961/1972 
f 1961/1972 1960/1971 1965/1976 
f 1963/1974 1950/1961 1948/1959 
f 1948/1959 1946/1957 1963/1974 
f 1967/1978 1963/1974 1962/1973 
f 1962/1973 1966/1977 1967/1978 
f 1967/1978 1952/1963 1950/1961 
f 1950/1961 1963/1974 1967/1978 
f 1969/1980 1967/1978 1966/1977 
f 1966/1977 1968/1979 1969/1980 
f 1969/1980 2387/1981 1952/1963 
f 1952/1963 1967/1978 1969/1980 
f 1970/1982 1966/1977 1962/1973 
f 1962/1973 1964/1975 1970/1982 
f 1966/1977 1970/1982 1971/1983 
f 1971/1983 1968/1979 1966/1977 
f 1973/1985 1970/1982 1964/1975 
f 1964/1975 1972/1984 1973/1985 
f 1970/1982 1973/1985 1974/1986 
f 1974/1986 1971/1983 1970/1982 
f 1909/1920 1917/1928 1975/1987 
f 1975/1987 1910/1921 1909/1920 
f 1976/1988 1975/1987 1917/1928 
f 1917/1928 1919/1930 1976/1988 
f 1910/1921 1975/1987 1977/1989 
f 1977/1989 1913/1924 1910/1921 
f 1913/1924 1977/1989 1978/1990 
f 1978/1990 1914/1925 1913/1924 
f 1914/1925 1978/1990 1979/1991 
f 1979/1991 1915/1926 1914/1925 
f 1889/1900 1906/1917 1980/1992 
f 1980/1992 1888/1899 1889/1900 
f 1888/1899 1980/1992 1981/1993 
f 1981/1993 1887/3072 1888/1899 
f 1887/1898 1981/3084 1982/1994 
f 1982/1994 1957/1968 1887/1898 
f 1983/1995 1982/3086 1981/1993 
f 1981/1993 1980/1992 1983/1995 
f 1906/1917 1915/1926 1983/1995 
f 1983/1995 1980/1992 1906/1917 
f 1984/1996 1983/1995 1915/1926 
f 1915/1926 1979/1991 1984/1996 
f 1929/1940 1957/1968 1982/1994 
f 1982/1994 1958/1969 1929/1940 
f 1982/1994 1983/3106 1959/1970 
f 1959/1970 1958/1969 1982/1994 
f 1985/1997 1965/1976 1960/1971 
f 1960/1971 1959/1970 1985/1997 
f 1964/1975 1965/1976 1986/1998 
f 1986/1998 1972/1984 1964/1975 
f 1987/1999 1986/1998 1965/1976 
f 1965/1976 1985/1997 1987/1999 
f 1988/2000 1984/1996 1979/1991 
f 1979/1991 1978/1990 1988/2000 
f 1975/1987 1976/1988 1989/2001 
f 1989/2001 1977/1989 1975/1987 
f 1977/1989 1989/2001 1990/2002 
f 1990/2002 1978/1990 1977/1989 
f 1978/1990 1990/2002 1991/2003 
f 1991/2003 1988/2000 1978/1990 
f 1990/2002 1989/2001 1976/1988 
f 1976/1988 1991/2003 1990/2002 
f 1992/2004 1991/2003 1976/1988 
f 1976/1988 1919/1930 1992/2004 
f 1993/2005 1985/1997 1959/1970 
f 1959/1970 1983/3106 1993/2005 
f 1985/1997 1993/2005 1994/2006 
f 1994/2006 1987/1999 1985/1997 
f 1984/3111 1994/2006 1993/2005 
f 1993/2005 1983/3106 1984/3111 
f 1995/2007 1994/2006 1984/3111 
f 1984/3111 1988/3112 1995/2007 
f 1994/2006 1995/2007 1996/2008 
f 1996/2008 1987/1999 1994/2006 
f 1997/2009 1995/2007 1988/3112 
f 1988/3112 1991/3114 1997/2009 
f 1995/2007 1997/2009 1998/2010 
f 1998/2010 1996/2008 1995/2007 
f 1987/1999 1996/2008 1999/2011 
f 1999/2011 1986/1998 1987/1999 
f 1986/1998 1999/2011 2000/2012 
f 2000/2012 1972/1984 1986/1998 
f 1998/2010 2000/2012 1999/2011 
f 1999/2011 1996/2008 1998/2010 
f 2001/2013 1992/2004 1919/1930 
f 1919/1930 1921/1932 2001/2013 
f 2002/2014 1997/2009 1991/3114 
f 1991/3114 1992/3116 2002/2014 
f 2003/2015 2002/2014 1992/3116 
f 1992/3116 2001/3117 2003/2015 
f 2004/2016 2003/2015 2001/3117 
f 2001/3117 1921/3076 2004/2016 
f 1997/2009 2002/2014 2005/2017 
f 2005/2017 1998/2010 1997/2009 
f 2006/2018 2005/2017 2002/2014 
f 2002/2014 2003/2015 2006/2018 
f 2007/2019 2006/2018 2003/2015 
f 2003/2015 2004/2016 2007/2019 
f 1998/2010 2005/2017 2008/2020 
f 2008/2020 2000/2012 1998/2010 
f 2009/2021 2008/2020 2005/2017 
f 2005/2017 2006/2018 2009/2021 
f 2010/2022 2009/2021 2006/2018 
f 2006/2018 2007/2019 2010/2022 
f 2011/2023 2004/2016 1921/3076 
f 1921/3076 1956/3077 2011/2023 
f 2004/2016 2011/2023 2012/2024 
f 2012/2024 2007/2019 2004/2016 
f 2007/2019 2012/2024 2013/2025 
f 2013/2025 2010/2022 2007/2019 
f 1974/1986 2010/2022 2013/2025 
f 2013/2025 1971/1983 1974/1986 
f 2010/2022 1974/1986 1973/1985 
f 1973/1985 2009/2021 2010/2022 
f 2008/2020 1973/1985 1972/1984 
f 1972/1984 2000/2012 2008/2020 
f 1973/1985 2008/2020 2009/2021 
f 2015/2027 1954/1964 1953/1965 
f 1953/1965 2014/2026 2015/2027 
f 1954/1964 2015/2027 2016/2028 
f 2016/2028 1955/1966 1954/1964 
f 1955/1966 2016/2028 2017/2029 
f 2017/2029 1956/1967 1955/1966 
f 1956/3077 2017/3119 2018/2030 
f 2018/2030 2011/2023 1956/3077 
f 2011/2023 2018/2030 2019/2031 
f 2019/2031 2012/2024 2011/2023 
f 2012/2024 2019/2031 2020/2032 
f 2020/2032 2013/2025 2012/2024 
f 1969/1980 2021/2033 2386/2034 
f 2386/2034 2387/1981 1969/1980 
f 2022/2035 2021/2033 1969/1980 
f 1969/1980 1968/1979 2022/2035 
f 2023/2036 2022/2035 1968/1979 
f 1968/1979 1971/1983 2023/2036 
f 2013/2025 2020/2032 2023/2036 
f 2023/2036 1971/1983 2013/2025 
f 2385/2038 2386/2034 2021/2033 
f 2021/2033 2024/2037 2385/2038 
f 2014/2026 2025/2040 2026/2039 
f 2026/2039 2015/2027 2014/2026 
f 2015/2027 2026/2039 2027/2041 
f 2027/2041 2016/2028 2015/2027 
f 2016/2028 2027/2041 2028/2042 
f 2028/2042 2017/2029 2016/2028 
f 2374/2275 2024/2037 2021/2033 
f 2021/2033 2022/2035 2374/2275 
f 2029/2276 2374/2275 2022/2035 
f 2022/2035 2023/2036 2029/2276 
f 2030/2277 2029/2276 2023/2036 
f 2023/2036 2020/2032 2030/2277 
f 2031/2278 2030/2277 2020/2032 
f 2020/2032 2019/2031 2031/2278 
f 2032/2279 2031/2278 2019/2031 
f 2019/2031 2018/2030 2032/2279 
f 2032/2279 2018/2030 2017/3119 
f 2017/3119 2028/3120 2032/2279 
f 927/989 49/55 51/57 
f 51/57 929/991 927/989 
f 929/991 51/57 54/61 
f 54/61 932/65 929/991 
f 2868/3307 985/2301 997/2314 
f 997/2314 990/2306 2868/3307 
f 2944/3384 2839/3278 973/1034 
f 973/1034 994/2310 2944/3384 
f 1239/2044 867/2045 858/2046 
f 858/2046 1230/2043 1239/2044 
f 1237/2048 865/2049 866/2050 
f 866/2050 1238/2047 1237/2048 
f 1241/2051 1238/2047 866/2050 
f 866/2050 869/2052 1241/2051 
f 1241/2051 869/2052 868/2054 
f 868/2054 1240/2053 1241/2051 
f 1239/2044 1240/2053 868/2054 
f 868/2054 867/2045 1239/2044 
f 857/2055 859/2056 2034/2059 
f 2034/2059 2033/2061 857/2055 
f 859/2056 860/2063 2035/2065 
f 2035/2065 2034/2059 859/2056 
f 860/2063 861/2067 2036/2068 
f 2036/2068 2035/2065 860/2063 
f 861/2067 862/2071 2037/2073 
f 2037/2073 2036/2068 861/2067 
f 862/2071 863/2075 2038/2077 
f 2038/2077 2037/2073 862/2071 
f 1231/2079 1229/2080 2039/2081 
f 2039/2081 2040/2082 1231/2079 
f 1232/2085 1231/2079 2040/2082 
f 2040/2082 2041/2086 1232/2085 
f 1233/2087 1232/2085 2041/2086 
f 2041/2086 2042/2088 1233/2087 
f 1234/2089 1233/2087 2042/2088 
f 2042/2088 2043/2090 1234/2089 
f 1235/2091 1234/2089 2043/2090 
f 2043/2090 2044/2092 1235/2091 
f 858/2046 857/2055 2045/2123 
f 2045/2123 2046/2124 858/2046 
f 1229/2080 1230/2043 2048/2125 
f 2048/2125 2047/2126 1229/2080 
f 1230/2043 858/2046 2046/2124 
f 2046/2124 2048/2125 1230/2043 
f 857/2055 2033/2061 2101/2127 
f 2101/2127 2045/2123 857/2055 
f 2039/2081 1229/2080 2047/2126 
f 2047/2126 2050/2128 2039/2081 
f 863/2075 864/2129 2052/2130 
f 2052/2130 2051/2135 863/2075 
f 864/2129 865/2049 2053/2136 
f 2053/2136 2052/2130 864/2129 
f 1236/2137 1235/2091 2054/2138 
f 2054/2138 2055/2139 1236/2137 
f 1237/2048 1236/2137 2055/2139 
f 2055/2139 2056/2140 1237/2048 
f 865/2049 1237/2048 2056/2140 
f 2056/2140 2053/2136 865/2049 
f 2038/2077 863/2075 2051/2135 
f 2051/2135 2057/2132 2038/2077 
f 1235/2091 2044/2092 2110/2134 
f 2110/2134 2054/2138 1235/2091 
f 2085/2057 2086/2058 2060/2060 
f 2060/2060 2059/2062 2085/2057 
f 2086/2058 2087/2064 2061/2066 
f 2061/2066 2060/2060 2086/2058 
f 2087/2064 2088/2083 2062/2093 
f 2062/2093 2061/2066 2087/2064 
f 2088/2083 2089/2095 2063/2096 
f 2063/2096 2062/2093 2088/2083 
f 2089/2095 2090/2097 2064/2098 
f 2064/2098 2063/2096 2089/2095 
f 2092/2069 2091/2070 2065/2072 
f 2065/2072 2066/2074 2092/2069 
f 2093/2076 2092/2069 2066/2074 
f 2066/2074 2067/2078 2093/2076 
f 2094/2084 2093/2076 2067/2078 
f 2067/2078 2068/2094 2094/2084 
f 2095/2107 2094/2084 2068/2094 
f 2068/2094 2069/2108 2095/2107 
f 2096/2109 2095/2107 2069/2108 
f 2069/2108 2070/2110 2096/2109 
f 2049/2099 2085/2057 2059/2062 
f 2059/2062 2075/2100 2049/2099 
f 2091/2070 2102/2111 2076/2112 
f 2076/2112 2065/2072 2091/2070 
f 2098/2143 2097/2144 2071/2145 
f 2071/2145 2072/2146 2098/2143 
f 2099/2371 2100/2374 2074/2375 
f 2074/2375 2073/2376 2099/2371 
f 2100/2374 2098/2143 2072/2146 
f 2072/2146 2074/2375 2100/2374 
f 2097/2144 2049/2099 2075/2378 
f 2075/2378 2071/2145 2097/2144 
f 2102/2111 2099/2371 2073/2376 
f 2073/2376 2076/2380 2102/2111 
f 2090/2097 2109/2101 2083/2102 
f 2083/2102 2064/2098 2090/2097 
f 2058/2113 2096/2109 2070/2110 
f 2070/2110 2084/2114 2058/2113 
f 2103/2381 2104/2382 2078/2383 
f 2078/2383 2077/2384 2103/2381 
f 2104/2382 2105/2385 2079/2386 
f 2079/2386 2078/2383 2104/2382 
f 2107/2387 2106/2388 2080/2389 
f 2080/2389 2081/2390 2107/2387 
f 2108/2391 2107/2387 2081/2390 
f 2081/2390 2082/2392 2108/2391 
f 2105/2385 2108/2391 2082/2392 
f 2082/2392 2079/2386 2105/2385 
f 2109/2101 2103/2381 2077/2384 
f 2077/2384 2083/2394 2109/2101 
f 2106/2388 2058/2113 2084/2961 
f 2084/2961 2080/2389 2106/2388 
f 2034/2059 2086/2058 2085/2057 
f 2085/2057 2033/2061 2034/2059 
f 2035/2065 2087/2064 2086/2058 
f 2086/2058 2034/2059 2035/2065 
f 2036/2068 2088/2083 2087/2064 
f 2087/2064 2035/2065 2036/2068 
f 2037/2073 2089/2095 2088/2083 
f 2088/2083 2036/2068 2037/2073 
f 2038/2077 2090/2097 2089/2095 
f 2089/2095 2037/2073 2038/2077 
f 2039/2081 2091/2070 2092/2069 
f 2092/2069 2040/2082 2039/2081 
f 2040/2082 2092/2069 2093/2076 
f 2093/2076 2041/2086 2040/2082 
f 2041/2086 2093/2076 2094/2084 
f 2094/2084 2042/2088 2041/2086 
f 2042/2088 2094/2084 2095/2107 
f 2095/2107 2043/2090 2042/2088 
f 2043/2090 2095/2107 2096/2109 
f 2096/2109 2044/2092 2043/2090 
f 2033/2061 2085/2057 2049/2099 
f 2049/2099 2101/2127 2033/2061 
f 2050/2128 2102/2111 2091/2070 
f 2091/2070 2039/2081 2050/2128 
f 2045/2123 2097/2144 2098/2143 
f 2098/2143 2046/2124 2045/2123 
f 2048/2125 2100/2374 2099/2371 
f 2099/2371 2047/2126 2048/2125 
f 2046/2124 2098/2143 2100/2374 
f 2100/2374 2048/2125 2046/2124 
f 2101/2127 2049/2099 2097/2144 
f 2097/2144 2045/2123 2101/2127 
f 2047/2126 2099/2371 2102/2111 
f 2102/2111 2050/2128 2047/2126 
f 2057/2132 2109/2101 2090/2097 
f 2090/2097 2038/2077 2057/2132 
f 2044/2092 2096/2109 2058/2113 
f 2058/2113 2110/2134 2044/2092 
f 2052/2130 2104/2382 2103/2381 
f 2103/2381 2051/2135 2052/2130 
f 2053/2136 2105/2385 2104/2382 
f 2104/2382 2052/2130 2053/2136 
f 2054/2138 2106/2388 2107/2387 
f 2107/2387 2055/2139 2054/2138 
f 2055/2139 2107/2387 2108/2391 
f 2108/2391 2056/2140 2055/2139 
f 2056/2140 2108/2391 2105/2385 
f 2105/2385 2053/2136 2056/2140 
f 2051/2135 2103/2381 2109/2101 
f 2109/2101 2057/2132 2051/2135 
f 2110/2134 2058/2113 2106/2388 
f 2106/2388 2054/2138 2110/2134 
f 2065/2191 2129/2192 2130/2193 
f 2130/2193 2066/2190 2065/2191 
f 2066/2190 2130/2193 2131/2195 
f 2131/2195 2067/2194 2066/2190 
f 2067/2194 2131/2195 2132/2197 
f 2132/2197 2068/2196 2067/2194 
f 2069/2198 2068/2196 2132/2197 
f 2132/2197 2133/2200 2069/2198 
f 2070/2201 2069/2198 2133/2200 
f 2133/2200 2134/2202 2070/2201 
f 2059/2204 2060/2205 2112/2206 
f 2112/2206 2111/2203 2059/2204 
f 2060/2205 2061/2207 2113/2208 
f 2113/2208 2112/2206 2060/2205 
f 2061/2207 2062/2209 2114/2210 
f 2114/2210 2113/2208 2061/2207 
f 2062/2209 2063/2213 2115/2214 
f 2115/2214 2114/2210 2062/2209 
f 2063/2213 2064/2215 2116/2345 
f 2116/2345 2115/2214 2063/2213 
f 2111/2203 2112/2206 2118/2347 
f 2118/2347 2117/2346 2111/2203 
f 2112/2206 2113/2208 2119/2348 
f 2119/2348 2118/2347 2112/2206 
f 2113/2208 2114/2210 2120/2349 
f 2120/2349 2119/2348 2113/2208 
f 2114/2210 2115/2214 2121/2350 
f 2121/2350 2120/2349 2114/2210 
f 2115/2214 2116/2345 2122/2351 
f 2122/2351 2121/2350 2115/2214 
f 2117/2346 2118/2347 2124/2353 
f 2124/2353 2123/2352 2117/2346 
f 2118/2347 2119/2348 2125/2354 
f 2125/2354 2124/2353 2118/2347 
f 2119/2348 2120/2349 2126/2355 
f 2126/2355 2125/2354 2119/2348 
f 2120/2349 2121/2350 2127/2356 
f 2127/2356 2126/2355 2120/2349 
f 2121/2350 2122/2351 2128/2357 
f 2128/2357 2127/2356 2121/2350 
f 2123/2352 2124/2353 2130/2193 
f 2130/2193 2129/2192 2123/2352 
f 2124/2353 2125/2354 2131/2195 
f 2131/2195 2130/2193 2124/2353 
f 2125/2354 2126/2355 2132/2197 
f 2132/2197 2131/2195 2125/2354 
f 2126/2355 2127/2356 2133/2200 
f 2133/2200 2132/2197 2126/2355 
f 2127/2356 2128/2357 2134/2202 
f 2134/2202 2133/2200 2127/2356 
f 2065/2191 2076/2358 2073/2359 
f 2073/2359 2129/2192 2065/2191 
f 2129/2192 2073/2359 2074/2360 
f 2074/2360 2123/2352 2129/2192 
f 2123/2352 2074/2360 2072/2361 
f 2072/2361 2117/2346 2123/2352 
f 2117/2346 2072/2361 2071/2362 
f 2071/2362 2111/2203 2117/2346 
f 2111/2203 2071/2362 2075/2363 
f 2075/2363 2059/2204 2111/2203 
f 2116/2345 2064/2215 2083/2364 
f 2083/2364 2077/2365 2116/2345 
f 2134/2202 2080/2366 2084/2367 
f 2084/2367 2070/2201 2134/2202 
f 2116/2345 2077/2365 2078/2368 
f 2078/2368 2122/2351 2116/2345 
f 2128/2357 2081/2369 2080/2366 
f 2080/2366 2134/2202 2128/2357 
f 2079/2370 2082/2962 2136/2963 
f 2136/2963 2135/2964 2079/2370 
f 2136/2963 2082/2962 2081/2369 
f 2081/2369 2128/2357 2136/2963 
f 2136/2963 2128/2357 2122/2351 
f 2122/2351 2135/2964 2136/2963 
f 2135/2964 2122/2351 2078/2368 
f 2078/2368 2079/2370 2135/2964 
f 735/783 736/784 2137/2235 
f 2137/2235 2138/2234 735/783 
f 739/791 733/781 735/783 
f 735/783 2138/2234 739/791 
f 730/777 738/786 739/791 
f 739/791 2139/787 730/777 
f 2139/787 739/791 2138/2234 
f 2138/2234 2140/788 2139/787 
f 2141/2236 2140/788 2138/2234 
f 2138/2234 2137/2235 2141/2236 
f 729/776 2140/788 2141/2236 
f 2141/2236 685/722 729/776 
f 685/722 2141/2236 2142/2237 
f 2142/2237 686/719 685/722 
f 2142/2237 683/717 682/716 
f 682/716 686/719 2142/2237 
f 2143/2238 2142/2237 2141/2236 
f 2141/2236 2137/2235 2143/2238 
f 2143/2238 2137/2235 736/784 
f 736/784 684/718 2143/2238 
f 2143/2238 684/718 683/717 
f 683/717 2142/2237 2143/2238 
f 2144/2244 617/2147 616/1257 
f 616/1257 280/1256 2144/2244 
f 618/675 2144/2244 280/1256 
f 280/1256 278/297 618/675 
f 2145/2239 2146/2243 2144/2244 
f 2144/2244 618/675 2145/2239 
f 2144/2244 2146/2243 2147/2245 
f 2147/2245 617/2147 2144/2244 
f 617/2147 2147/2245 2148/2247 
f 2148/2247 614/1149 617/2147 
f 614/1149 2148/2247 2149/2249 
f 2149/2249 613/2250 614/1149 
f 2150/2251 2151/2252 2146/2243 
f 2146/2243 2145/2239 2150/2251 
f 642/691 2151/2252 2150/2251 
f 2150/2251 641/674 642/691 
f 618/675 641/674 2150/2251 
f 2150/2251 2145/2239 618/675 
f 2146/2243 2151/2252 2152/2262 
f 2152/2262 2147/2245 2146/2243 
f 2147/2245 2152/2262 2153/2264 
f 2153/2264 2148/2247 2147/2245 
f 2148/2247 2153/2264 2154/2377 
f 2154/2377 2149/2249 2148/2247 
f 642/691 643/679 2152/2262 
f 2152/2262 2151/2252 642/691 
f 2154/2377 2153/2264 2152/2262 
f 2152/2262 643/679 2154/2377 
f 643/679 644/678 2149/2249 
f 2149/2249 2154/2377 643/679 
f 613/2250 2149/2249 2155/2379 
f 2155/2379 611/2393 613/2250 
f 2156/2395 2155/2379 2149/2249 
f 2149/2249 644/678 2156/2395 
f 644/678 646/677 651/683 
f 651/683 2156/2395 644/678 
f 611/2393 2155/2379 2157/2396 
f 2157/2396 689/732 611/2393 
f 2158/741 2157/2396 2155/2379 
f 2155/2379 2156/2395 2158/741 
f 2157/2396 2158/741 690/736 
f 690/736 689/732 2157/2396 
f 604/733 606/649 2160/632 
f 2160/632 2159/631 604/733 
f 2160/632 606/649 608/647 
f 608/647 2161/635 2160/632 
f 2161/635 608/647 610/642 
f 610/642 2162/638 2161/635 
f 2163/640 1137/637 609/636 
f 609/636 2162/638 2163/640 
f 2164/2272 2159/631 603/625 
f 603/625 279/628 2164/2272 
f 2165/2273 276/621 278/297 
f 278/297 280/1256 2165/2273 
f 2159/631 2164/2272 2166/2274 
f 2166/2274 604/733 2159/631 
f 280/1256 604/1152 2166/3078 
f 2166/3078 2165/2273 280/1256 
f 2165/2273 2166/3078 279/1146 
f 279/1146 276/621 2165/2273 
f 2166/2274 2164/2272 279/628 
f 2168/2330 1086/299 1094/306 
f 1094/306 2167/2329 2168/2330 
f 1098/309 1097/2331 2167/2329 
f 2167/2329 1094/306 1098/309 
f 1099/2333 1261/2334 2169/2332 
f 2169/2332 1097/2331 1099/2333 
f 1262/1363 1263/1370 1261/1285 
f 1261/1285 1260/1283 1262/1363 
f 2170/2336 1263/2335 1096/1136 
f 1096/1136 1093/1138 2170/2336 
f 1263/2335 2170/2336 2169/2332 
f 2169/2332 1261/2334 1263/2335 
f 1086/299 2168/2330 2171/2337 
f 2171/2337 1085/1128 1086/299 
f 2171/2337 1095/1135 1087/1129 
f 1087/1129 1085/1128 2171/2337 
f 2172/2414 2171/2337 2168/2330 
f 2168/2330 2167/2329 2172/2414 
f 1095/1135 2171/2337 2172/2414 
f 2172/2414 1093/1138 1095/1135 
f 2172/2414 2167/2329 1097/2331 
f 1097/2331 2169/2332 2172/2414 
f 2172/2414 2169/2332 2170/2336 
f 2170/2336 1093/1138 2172/2414 
f 2173/2415 249/3 250/2 
f 250/2 3/276 2173/2415 
f 2174/2416 2173/2415 3/276 
f 3/276 1/279 2174/2416 
f 2175/2417 2174/2416 1/279 
f 1/279 258/280 2175/2417 
f 271/310 272/302 2175/2417 
f 2175/2417 258/280 271/310 
f 4/288 249/3 2173/2415 
f 2173/2415 2174/2416 4/288 
f 2/291 4/288 2174/2416 
f 2174/2416 2175/2417 2/291 
f 2175/2417 272/302 259/294 
f 259/294 2/291 2175/2417 
f 2229/1821 2230/2418 2223/2419 
f 2223/2419 2224/1822 2229/1821 
f 1787/2422 1812/2423 2177/2420 
f 2177/2420 2176/2421 1787/2422 
f 2178/2373 2177/2372 1812/1834 
f 1812/1834 1811/1807 2178/2373 
f 2178/2373 1811/1807 1810/1752 
f 1810/1752 1807/2457 2178/2373 
f 1793/2444 2178/2449 1807/2186 
f 1807/2186 1791/2185 1793/2444 
f 2178/2449 1793/2444 1792/2450 
f 1792/2450 2177/3216 2178/2449 
f 1792/3217 2223/2419 2230/2418 
f 2179/2451 240/261 239/259 
f 239/259 238/255 2179/2451 
f 2180/2561 2179/2451 238/255 
f 238/255 2434/2452 2180/2561 
f 2182/2566 2183/2567 2184/2564 
f 2184/2564 2181/2565 2182/2566 
f 2181/2565 2184/2564 2185/2568 
f 2185/2568 2180/2561 2181/2565 
f 2180/2561 2185/2568 2186/2569 
f 2186/2569 2179/2451 2180/2561 
f 2184/2564 2183/2567 242/263 
f 242/263 241/264 2184/2564 
f 241/264 260/282 2185/2568 
f 2185/2568 2184/2564 241/264 
f 260/282 261/285 2186/2569 
f 2186/2569 2185/2568 260/282 
f 2186/2569 261/285 240/261 
f 240/261 2179/2451 2186/2569 
f 1106/2317 1103/3180 1107/1759 
f 1107/1759 1110/1761 1106/2317 
f 1017/2546 2187/2550 956/1008 
f 956/1008 1013/1011 1017/2546 
f 2213/2551 2214/2313 996/2312 
f 996/2312 2187/3197 2213/2551 
f 1227/1262 1211/1243 1212/1244 
f 840/894 839/893 855/1148 
f 697/742 2188/744 692/727 
f 692/727 688/723 697/742 
f 2189/743 699/750 694/731 
f 694/731 693/729 2189/743 
f 697/742 652/746 698/745 
f 698/745 2188/744 697/742 
f 2188/744 698/745 699/750 
f 699/750 2189/743 2188/744 
f 651/683 646/677 648/681 
f 650/688 2190/684 648/681 
f 648/681 649/682 650/688 
f 655/689 652/746 2190/740 
f 2190/740 650/2970 655/689 
f 652/746 697/742 2191/2397 
f 2191/2397 2190/740 652/746 
f 690/2972 2191/2397 697/742 
f 697/742 1254/2971 690/2972 
f 2158/741 2156/2395 651/683 
f 651/683 2191/685 2158/741 
f 2195/2552 2193/3174 953/2553 
f 953/2553 2194/2554 2195/2552 
f 899/962 900/963 902/966 
f 901/964 946/2555 949/2556 
f 949/2556 2192/965 901/964 
f 949/2556 953/3177 2193/1007 
f 2193/1007 2192/965 949/2556 
f 2194/2554 955/2549 957/2548 
f 957/2548 2195/2552 2194/2554 
f 2195/2552 952/3173 2193/3174 
f 2943/3383 2196/2562 998/2315 
f 998/2315 2942/3382 2943/3383 
f 2197/2563 2196/2562 994/2310 
f 994/2310 969/1030 2197/2563 
f 2198/2571 995/2311 998/2315 
f 2196/2562 2197/2563 2198/2571 
f 2198/2571 998/2315 2196/2562 
f 2200/2572 940/997 939/998 
f 939/998 938/1004 2200/2572 
f 2201/2617 930/983 928/990 
f 928/990 931/992 2201/2617 
f 2202/2618 946/2555 901/964 
f 901/964 930/983 2202/2618 
f 931/992 933/993 934/996 
f 934/996 2201/2617 931/992 
f 2203/2619 2201/2617 934/996 
f 934/996 940/997 2203/2619 
f 2204/2620 2203/2619 940/997 
f 940/997 2200/2572 2204/2620 
f 944/1003 945/1017 2205/2621 
f 2205/2621 938/1004 944/1003 
f 2206/2622 2205/2621 945/1017 
f 945/1017 948/1015 2206/2622 
f 2207/2624 2199/2623 949/2556 
f 949/2556 946/2555 2207/2624 
f 2199/2623 2207/2624 2208/2625 
f 2208/2625 947/2626 2199/2623 
f 2208/2625 961/1014 950/2627 
f 950/2627 947/2626 2208/2625 
f 961/1014 2208/2625 2206/2622 
f 2206/2622 948/1015 961/1014 
f 2209/2628 2207/2624 946/2555 
f 946/2555 2202/2618 2209/2628 
f 2202/2618 2203/2619 2204/2620 
f 2204/2620 2209/2628 2202/2618 
f 2208/2625 2207/2624 2209/2628 
f 2209/2628 2206/2622 2208/2625 
f 2204/2620 2205/2621 2206/2622 
f 2206/2622 2209/2628 2204/2620 
f 2205/2621 2204/2620 2200/2572 
f 2200/2572 938/1004 2205/2621 
f 930/983 2201/2617 2203/2619 
f 2203/2619 2202/2618 930/983 
f 920/984 926/988 928/990 
f 928/990 930/983 920/984 
f 138/167 157/925 159/928 
f 159/928 136/165 138/167 
f 151/920 150/918 141/169 
f 141/169 140/170 151/920 
f 996/3196 956/1008 2187/2550 
f 982/2338 989/2339 2211/2340 
f 2211/2340 2212/1029 982/2338 
f 2935/3375 982/2338 2212/1029 
f 2210/2629 993/2309 2213/2551 
f 2213/2551 993/2309 2214/2313 
f 2937/3377 2938/3378 2214/2313 
f 2214/2313 993/2309 2937/3377 
f 2215/2341 999/1028 2212/1029 
f 2212/1029 2211/2340 2215/2341 
f 1024/1043 1020/1040 1019/1039 
f 1019/1039 1018/2342 1024/1043 
f 1026/1045 1028/1780 1029/1089 
f 1029/1089 1025/1044 1026/1045 
f 2216/2343 1027/1048 1024/1043 
f 1024/1043 1018/2342 2216/2343 
f 1030/1074 1027/1048 2216/2343 
f 2216/2343 1016/2344 1030/1074 
f 2217/2409 2216/2343 1018/2342 
f 1018/2342 2215/2341 2217/2409 
f 2215/2341 2211/2340 2210/2410 
f 2210/2410 2217/2409 2215/2341 
f 1036/1059 1035/1054 1014/1056 
f 1017/1038 1036/1059 1014/1056 
f 1017/1038 1014/1056 2218/1019 
f 1014/1056 1015/1055 2219/1023 
f 2219/1023 2218/1019 1014/1056 
f 2216/2343 2217/2409 2219/1023 
f 2219/1023 1016/2344 2216/2343 
f 2210/2410 2213/1009 2219/1023 
f 2219/1023 2217/2409 2210/2410 
f 1047/1071 1030/1074 1016/2344 
f 1016/2344 1015/1055 1047/1071 
f 1015/1055 1016/2344 2219/1023 
f 1031/1051 1015/1055 1032/1052 
f 1031/1051 1047/1071 1015/1055 
f 1011/2543 1009/2542 1010/3171 
f 1036/1059 1039/1058 1012/212 
f 1012/212 211/214 1036/1059 
f 1040/1061 2294/1060 2295/1063 
f 956/1008 996/3196 2220/2630 
f 2220/2630 954/2547 956/1008 
f 961/1014 954/2547 2220/2630 
f 2220/2630 950/2627 961/1014 
f 2197/2563 969/1030 958/1026 
f 956/1008 954/2547 959/1010 
f 1038/1065 1041/1064 2291/2411 
f 2291/2411 2292/2412 1038/1065 
f 1042/3156 1043/1069 2221/1068 
f 2221/1068 2222/2413 1042/3156 
f 1792/3217 1786/2570 2223/2419 
f 1786/2570 1785/2573 2224/1822 
f 2224/1822 2223/2419 1786/2570 
f 1785/2573 1052/2574 2225/1819 
f 2225/1819 2224/1822 1785/2573 
f 1052/2574 2248/2575 2249/1111 
f 2249/1111 2225/1819 1052/2574 
f 2244/2576 1043/1102 883/1094 
f 883/1094 2243/1093 2244/2576 
f 1065/1106 881/1122 2227/1095 
f 2227/1095 881/1122 2253/2577 
f 2253/2577 2242/1096 2227/1095 
f 878/2578 1067/2579 2251/2580 
f 1066/2581 1787/2422 2229/1821 
f 2229/1821 2228/1820 1066/2581 
f 1787/2422 2176/2421 2230/2418 
f 2230/2418 2229/1821 1787/2422 
f 2176/2421 2177/2420 1792/3217 
f 1792/3217 2230/2418 2176/2421 
f 1066/2581 2228/1820 2250/1110 
f 1066/2581 2250/1110 2255/2582 
f 1066/2581 2255/2582 2256/2583 
f 1837/1847 2231/1843 1845/1856 
f 1845/1856 1844/1854 1837/1847 
f 1837/1847 1816/1846 2232/1842 
f 2232/1842 2231/1843 1837/1847 
f 2232/2269 1816/2320 1808/2187 
f 1808/2187 2233/2268 2232/2269 
f 2233/2268 1808/2187 1809/2188 
f 1809/2188 2234/2240 2233/2268 
f 1809/2188 1810/2189 2235/2241 
f 2235/2241 2234/2240 1809/2188 
f 2235/2241 1810/2189 1814/2584 
f 1814/2584 2236/2242 2235/2241 
f 1814/1750 1835/1837 2237/1841 
f 2237/1841 2236/1840 1814/1750 
f 1835/1837 1849/1859 1854/1864 
f 1854/1864 2237/1841 1835/1837 
f 1821/2322 1812/2423 2252/2585 
f 2252/2585 1067/2579 1821/2322 
f 1824/2321 1825/2325 1821/2322 
f 1069/1113 1822/2323 2238/2586 
f 2238/2586 1068/1114 1069/1113 
f 1822/2323 1821/2322 2238/2586 
f 1067/2579 2239/2588 2238/2586 
f 2238/2586 1821/2322 1067/2579 
f 879/1107 874/1083 1068/1114 
f 1068/1114 2240/2590 879/1107 
f 2240/2590 1068/1114 2238/2586 
f 2238/2586 2239/2588 2240/2590 
f 2254/2591 882/1109 2242/1096 
f 2242/1096 2253/2577 2254/2591 
f 2242/1096 882/1109 2226/1112 
f 2226/1112 2243/1093 2242/1096 
f 2243/1093 2226/1112 1045/2592 
f 1045/2592 2244/2576 2243/1093 
f 2244/1070 1045/3165 1044/1793 
f 2245/1066 2244/1070 1044/1793 
f 2245/1066 1044/1793 2246/1067 
f 1044/1793 1778/1773 1763/1772 
f 1763/1772 2246/1067 1044/1793 
f 1044/1793 1045/3165 2248/1080 
f 2248/1080 2247/1079 1044/1793 
f 2250/1110 2228/1820 2225/1819 
f 2225/1819 2249/1111 2250/1110 
f 2248/2575 1045/2592 2226/1112 
f 2226/1112 2249/1111 2248/2575 
f 882/1109 2254/2591 2255/2582 
f 2255/2582 2250/1110 882/1109 
f 1812/2423 1787/2422 1066/2581 
f 1066/2581 2252/2585 1812/2423 
f 2256/2583 2251/2580 1067/2579 
f 1066/2581 2256/2583 1067/2579 
f 1066/2581 1067/2579 2252/2585 
f 881/1122 2241/2593 2253/2577 
f 2253/2577 2241/2593 878/2578 
f 878/2578 2254/2591 2253/2577 
f 2254/2591 878/2578 2251/2580 
f 2251/2580 2255/2582 2254/2591 
f 2255/2582 2251/2580 2256/2583 
f 2239/2588 1067/2579 878/2578 
f 878/2578 2241/2593 2239/2588 
f 2240/2590 2239/2588 2241/2593 
f 2241/2593 881/1122 2240/2590 
f 879/1107 2240/2590 881/1122 
f 881/1122 880/1108 879/1107 
f 949/2556 2258/2632 2259/2631 
f 2259/2631 953/3177 949/2556 
f 2220/3179 996/3176 955/2549 
f 2220/2630 2261/2634 2262/2633 
f 2262/2633 950/2627 2220/2630 
f 947/2626 950/2627 2262/2633 
f 2262/2633 2257/2635 947/2626 
f 2263/2637 2260/2636 955/2549 
f 955/2549 2194/2554 2263/2637 
f 2259/3181 2263/2637 2194/2554 
f 2194/2554 953/2553 2259/3181 
f 2260/2636 2220/3179 955/2549 
f 2220/3220 2260/3218 2261/3185 
f 2261/3200 2198/2571 2197/2563 
f 2197/2563 2262/3199 2261/3200 
f 2257/3201 2262/3199 2197/2563 
f 2197/2563 958/1026 2257/3201 
f 2258/3183 2264/2639 2265/2638 
f 2265/2638 2259/3221 2258/3183 
f 2264/3188 958/1026 952/1006 
f 952/3173 2195/2552 2265/2638 
f 2265/2638 2264/2639 952/3173 
f 2266/2640 2265/2638 2195/2552 
f 2195/2552 957/2548 2266/2640 
f 957/2548 995/3175 2198/3178 
f 2198/3178 2266/2640 957/2548 
f 2261/3185 2260/3218 2266/2640 
f 2266/2640 2198/3178 2261/3185 
f 2266/2640 2260/3218 2263/3219 
f 2263/3219 2265/2638 2266/2640 
f 2259/3221 2265/2638 2263/3219 
f 2258/2632 949/2556 2199/2623 
f 958/3198 2199/2623 947/2626 
f 947/2626 2257/2635 958/3198 
f 2258/2632 2199/2623 958/3198 
f 958/3198 2264/3202 2258/2632 
f 2267/26 22/23 2282/2641 
f 2282/2641 2281/2642 2267/26 
f 2267/26 24/29 40/28 
f 40/28 2268/25 2267/26 
f 2268/25 40/28 25/43 
f 25/43 2269/42 2268/25 
f 2269/42 25/43 43/44 
f 43/44 2270/45 2269/42 
f 31/36 2270/45 2271/2643 
f 2271/2643 30/34 31/36 
f 2271/2643 2270/45 43/44 
f 43/44 2272/47 2271/2643 
f 43/44 33/40 2273/46 
f 2273/46 2272/47 43/44 
f 28/32 30/34 2271/2643 
f 2271/2643 2272/47 28/32 
f 140/170 89/107 2274/110 
f 2274/110 139/168 140/170 
f 2274/110 89/107 87/106 
f 87/106 2275/102 2274/110 
f 2275/102 87/106 83/105 
f 83/105 2276/98 2275/102 
f 83/105 80/96 2277/94 
f 2277/94 2276/98 83/105 
f 2277/94 80/96 72/79 
f 72/79 2278/85 2277/94 
f 2278/85 72/79 71/78 
f 71/78 2279/84 2278/85 
f 71/78 66/77 2280/86 
f 2280/86 2279/84 71/78 
f 2280/86 70/83 69/82 
f 24/29 2267/26 2281/2642 
f 44/50 24/29 2281/2642 
f 44/50 2281/2642 2283/58 
f 2281/2642 2282/2641 2284/75 
f 2284/75 2283/58 2281/2642 
f 2282/2641 22/23 79/93 
f 2282/2641 79/93 63/73 
f 2284/75 2282/2641 63/73 
f 2280/86 66/77 68/81 
f 68/81 70/83 2280/86 
f 2283/58 2284/75 52/62 
f 52/62 2285/59 2283/58 
f 55/63 53/60 50/56 
f 50/56 2285/59 55/63 
f 1765/1769 1766/1777 2286/1771 
f 2287/2453 1764/1774 1033/1050 
f 1764/1774 1766/1777 1046/1072 
f 2289/2454 2287/2453 1033/1050 
f 1033/1050 1034/1053 2289/2454 
f 2287/2453 2289/2454 2290/2455 
f 2290/2455 2288/1788 2287/2453 
f 2290/2455 2222/2413 2221/1068 
f 2221/1068 2288/1788 2290/2455 
f 1038/1065 2292/2412 2293/1062 
f 2293/1062 1040/1061 1038/1065 
f 207/208 1038/1065 1040/1061 
f 1041/1064 1042/3156 2291/2411 
f 1042/3156 2222/2413 2291/2411 
f 2291/2411 2222/2413 2292/2412 
f 2222/2413 2290/2455 2293/1062 
f 2293/1062 2292/2412 2222/2413 
f 2293/1062 2290/2455 2289/2454 
f 2293/1062 2289/2454 1034/1053 
f 1034/1053 1032/1052 1035/1054 
f 1034/1053 1035/1054 2294/1060 
f 2293/1062 1034/1053 2294/1060 
f 2294/1060 1035/1054 1036/1059 
f 2294/1060 1036/1059 211/214 
f 211/214 2295/1063 2294/1060 
f 1763/1772 1764/1774 2287/2453 
f 2287/2453 2288/1788 1763/1772 
f 1764/1774 1763/1772 2286/1771 
f 2286/1771 1766/1777 1764/1774 
f 2298/2467 2388/2468 2296/2469 
f 2296/2469 2297/2466 2298/2467 
f 2301/2475 2300/2470 2298/2467 
f 2298/2467 2297/2466 2301/2475 
f 2302/2476 2303/2477 2300/2470 
f 2300/2470 2301/2475 2302/2476 
f 2307/2587 2305/2589 2304/2594 
f 2304/2594 2306/2524 2307/2587 
f 2309/2611 2303/2477 2302/2476 
f 2302/2476 2308/2595 2309/2611 
f 2311/2660 2300/2470 2303/2477 
f 2303/2477 2310/2659 2311/2660 
f 2300/2470 2311/2660 2312/2661 
f 2312/2661 2304/2594 2300/2470 
f 2304/2594 2312/2661 2313/2662 
f 2313/2662 2306/2524 2304/2594 
f 2312/2661 2311/2660 2310/2659 
f 2310/2659 2313/2662 2312/2661 
f 2314/2663 2310/2659 2303/2477 
f 2303/2477 2309/2611 2314/2663 
f 2313/2662 2310/2659 2314/2663 
f 2314/2663 2306/2524 2313/2662 
f 2316/2665 2309/2611 2308/2595 
f 2308/2595 2315/2664 2316/2665 
f 2309/2611 2307/2587 2306/2524 
f 2306/2524 2314/2663 2309/2611 
f 2317/2666 2307/2587 2309/2611 
f 2309/2611 2316/2665 2317/2666 
f 2307/2587 2317/2666 2318/2667 
f 2318/2667 2305/2589 2307/2587 
f 2025/2040 2385/2038 2299/2668 
f 2299/2668 2319/2669 2025/2040 
f 2025/2040 2319/2669 2320/2671 
f 2026/2039 2025/2040 2320/2671 
f 2321/2670 2026/2039 2320/2671 
f 2300/2470 2304/2594 2299/2668 
f 2299/2668 2298/2467 2300/2470 
f 2299/2668 2304/2594 2305/2589 
f 2299/2668 2305/2589 2318/2667 
f 2318/2667 2319/2669 2299/2668 
f 2319/2669 2318/2667 2322/2672 
f 2322/2672 2320/2671 2319/2669 
f 2320/2671 2322/2672 2323/2673 
f 2323/2673 2321/2670 2320/2671 
f 2324/2674 2322/2672 2318/2667 
f 2318/2667 2317/2666 2324/2674 
f 2322/2672 2324/2674 2325/2675 
f 2325/2675 2323/2673 2322/2672 
f 2326/2676 2027/2041 2026/2039 
f 2026/2039 2321/2670 2326/2676 
f 2327/2677 2326/2676 2321/2670 
f 2321/2670 2323/2673 2327/2677 
f 2328/2678 2327/2677 2323/2673 
f 2323/2673 2325/2675 2328/2678 
f 2027/2041 2326/2676 2329/2679 
f 2329/2679 2028/2042 2027/2041 
f 2329/2679 2326/2676 2330/2680 
f 2331/2681 2330/2680 2326/2676 
f 2326/2676 2327/2677 2331/2681 
f 2332/2682 2331/2681 2327/2677 
f 2327/2677 2328/2678 2332/2682 
f 2333/2683 2324/2674 2317/2666 
f 2317/2666 2316/2665 2333/2683 
f 2324/2674 2333/2683 2334/2684 
f 2334/2684 2325/2675 2324/2674 
f 2334/2684 2332/2682 2328/2678 
f 2328/2678 2325/2675 2334/2684 
f 2335/2685 2336/2686 2316/2665 
f 2316/2665 2315/2664 2335/2685 
f 2316/2665 2336/2686 2337/2687 
f 2337/2687 2333/2683 2316/2665 
f 2333/2683 2337/2687 2338/2688 
f 2338/2688 2334/2684 2333/2683 
f 2334/2684 2338/2688 2339/2689 
f 2339/2689 2332/2682 2334/2684 
f 2340/2690 2341/2691 2031/2278 
f 2031/2278 2032/2279 2340/2690 
f 2031/2278 2341/2691 2342/2692 
f 2342/2692 2030/2277 2031/2278 
f 2030/2277 2342/2692 2343/2693 
f 2343/2693 2029/2276 2030/2277 
f 2344/2694 2340/2690 2032/2279 
f 2032/2279 2028/3120 2344/2694 
f 2345/2695 2344/3121 2028/2042 
f 2028/2042 2329/2679 2345/2695 
f 2346/2696 2345/2695 2329/2679 
f 2329/2679 2330/2680 2346/2696 
f 2347/2697 2346/2696 2330/2680 
f 2330/2680 2331/2681 2347/2697 
f 2331/2681 2332/2682 2339/2689 
f 2339/2689 2347/2697 2331/2681 
f 2344/2694 2345/3135 2348/2698 
f 2348/2698 2340/2690 2344/2694 
f 2340/2690 2348/2698 2349/2699 
f 2349/2699 2341/2691 2340/2690 
f 2341/2691 2349/2699 2350/2700 
f 2350/2700 2342/2692 2341/2691 
f 2342/2692 2350/2700 2351/2701 
f 2351/2701 2343/2693 2342/2692 
f 2352/2702 2348/2698 2345/3135 
f 2345/3135 2346/3136 2352/2702 
f 2348/2698 2352/2702 2353/2703 
f 2353/2703 2349/2699 2348/2698 
f 2351/2701 2350/2700 2349/2699 
f 2349/2699 2353/2703 2351/2701 
f 2354/2704 2352/2702 2346/3136 
f 2346/3136 2347/3137 2354/2704 
f 2352/2702 2354/2704 2355/2705 
f 2355/2705 2353/2703 2352/2702 
f 2353/2703 2355/2705 2356/2706 
f 2356/2706 2351/2701 2353/2703 
f 2357/2707 2358/2708 2338/3133 
f 2338/3133 2337/3132 2357/2707 
f 2359/2709 2357/2707 2337/3132 
f 2337/3132 2336/3138 2359/2709 
f 2360/2710 2359/2709 2336/3138 
f 2336/3138 2335/3128 2360/2710 
f 2361/2711 2335/2685 2315/2664 
f 2315/2664 2308/2595 2361/2711 
f 2335/3128 2361/3130 2362/2712 
f 2362/2712 2360/2710 2335/3128 
f 2363/2713 2339/3134 2338/3133 
f 2338/3133 2358/2708 2363/2713 
f 2363/2713 2354/2704 2347/3137 
f 2347/3137 2339/3134 2363/2713 
f 2364/2714 2363/2713 2358/2708 
f 2358/2708 2357/2707 2364/2714 
f 2365/2715 2364/2714 2357/2707 
f 2357/2707 2359/2709 2365/2715 
f 2364/2714 2355/2705 2354/2704 
f 2354/2704 2363/2713 2364/2714 
f 2365/2715 2356/2706 2355/2705 
f 2355/2705 2364/2714 2365/2715 
f 2366/2716 2365/2715 2359/2709 
f 2359/2709 2360/2710 2366/2716 
f 2356/2706 2365/2715 2366/2716 
f 2366/2716 2367/2717 2356/2706 
f 2360/2710 2362/2712 2368/2718 
f 2368/2718 2366/2716 2360/2710 
f 2369/2719 2367/2717 2366/2716 
f 2366/2716 2368/2718 2369/2719 
f 2356/2706 2367/2717 2370/2720 
f 2370/2720 2351/2701 2356/2706 
f 2371/2721 2370/2720 2367/2717 
f 2367/2717 2369/2719 2371/2721 
f 2351/2701 2370/2720 2372/2722 
f 2372/2722 2343/2693 2351/2701 
f 2373/2723 2372/2722 2370/2720 
f 2370/2720 2371/2721 2373/2723 
f 2374/2275 2029/2276 2343/2693 
f 2384/2724 2374/2275 2343/2693 
f 2343/2693 2372/2722 2384/2724 
f 2375/2725 2384/2724 2372/2722 
f 2372/2722 2373/2723 2375/2725 
f 2376/2726 2377/2727 2371/2721 
f 2371/2721 2369/2719 2376/2726 
f 2377/2727 2375/2725 2373/2723 
f 2373/2723 2371/2721 2377/2727 
f 2378/2728 2376/2726 2369/2719 
f 2369/2719 2368/2718 2378/2728 
f 2379/2729 2378/2728 2368/2718 
f 2368/2718 2362/2712 2379/2729 
f 2380/2730 2379/2729 2362/2712 
f 2362/2712 2361/3130 2380/2730 
f 2380/2730 2361/2711 2308/2595 
f 2308/2595 2302/2476 2380/2730 
f 2380/2730 2302/2476 2301/2475 
f 2301/2475 2379/2729 2380/2730 
f 2378/2728 2379/2729 2301/2475 
f 2301/2475 2297/2466 2378/2728 
f 2378/2728 2297/2466 2381/2731 
f 2381/2731 2376/2726 2378/2728 
f 2376/2726 2381/2731 2382/2732 
f 2382/2732 2377/2727 2376/2726 
f 2381/2731 2297/2466 2296/2469 
f 2296/2469 2382/2732 2381/2731 
f 2377/2727 2382/2732 2383/2733 
f 2383/2733 2375/2725 2377/2727 
f 2384/2724 2375/2725 2383/2733 
f 2296/2469 2024/2037 2383/2733 
f 2383/2733 2382/2732 2296/2469 
f 2024/2037 2296/2469 2388/2468 
f 2388/2468 2385/2038 2024/2037 
f 2025/2040 2014/2026 2386/2034 
f 2386/2034 2385/2038 2025/2040 
f 2014/2026 1953/1965 2387/1981 
f 2387/1981 2386/2034 2014/2026 
f 1952/1963 2387/1981 1953/1965 
f 1953/1965 1938/1949 1952/1963 
f 2298/2467 2299/2668 2388/2468 
f 2384/2724 2383/2733 2024/2037 
f 2024/2037 2374/2275 2384/2724 
f 2388/2468 2299/2668 2385/2038 
f 2389/2456 201/205 202/203 
f 202/203 180/182 2389/2456 
f 179/181 135/2458 2460/2459 
f 135/2458 134/123 2390/2460 
f 135/2458 2390/2460 2459/2461 
f 2460/2459 135/2458 2459/2461 
f 2459/2461 2390/2460 2450/2462 
f 201/205 2391/2464 2392/2463 
f 2392/2463 204/206 201/205 
f 2393/2465 214/217 212/215 
f 212/215 205/207 2393/2465 
f 214/217 2393/2465 2394/2527 
f 2394/2527 200/218 214/217 
f 204/206 2392/2463 2395/2529 
f 2395/2529 205/207 204/206 
f 2393/2465 205/207 2395/2529 
f 2395/2529 2394/2527 2393/2465 
f 2395/2529 2392/2463 2396/2531 
f 2396/2531 2394/2527 2395/2529 
f 2394/2527 2396/2531 2397/2557 
f 2397/2557 200/218 2394/2527 
f 2398/2558 2397/2557 2396/2531 
f 2396/2531 2392/2463 2398/2558 
f 2399/2559 2398/2558 2392/2463 
f 2392/2463 2391/2464 2399/2559 
f 2398/2558 2399/2559 2400/2560 
f 2400/2560 2397/2557 2398/2558 
f 200/218 2397/2557 2400/2560 
f 2400/2560 199/219 200/218 
f 2435/2596 2181/2565 2180/2561 
f 2180/2561 2434/2452 2435/2596 
f 2436/2597 2182/2566 2181/2565 
f 2181/2565 2435/2596 2436/2597 
f 2412/2598 2402/2599 2408/2600 
f 2408/2600 7/2601 2412/2598 
f 2402/2599 2407/2615 220/2614 
f 220/2614 243/343 2402/2599 
f 2403/2616 2404/2645 2405/2646 
f 2405/2646 2407/2615 2403/2616 
f 215/257 2426/2647 2428/2648 
f 2428/2648 8/258 215/257 
f 2406/2650 2401/2649 2405/2646 
f 2405/2646 2404/2645 2406/2650 
f 2402/2599 2412/2598 2403/2616 
f 2403/2616 2407/2615 2402/2599 
f 2405/2646 220/2614 2407/2615 
f 2402/2599 243/343 244/342 
f 244/342 2408/2600 2402/2599 
f 2408/2600 244/342 246/346 
f 246/346 2409/2651 2408/2600 
f 2409/2651 246/346 317/351 
f 317/351 2411/2652 2409/2651 
f 2415/356 313/348 2410/266 
f 2410/266 2414/265 2415/356 
f 7/2601 2408/2600 2409/2651 
f 2409/2651 2418/2653 7/2601 
f 2182/2566 2436/2597 2437/2654 
f 2437/2654 245/270 2182/2566 
f 2416/2655 2418/2653 2409/2651 
f 2409/2651 2411/2652 2416/2655 
f 2411/2652 317/351 2415/356 
f 2415/356 2414/265 2411/2652 
f 317/351 318/352 321/355 
f 321/355 2415/356 317/351 
f 2411/2652 2414/265 2413/268 
f 2413/268 2416/2655 2411/2652 
f 2417/269 252/2656 253/272 
f 2438/2657 2419/271 245/270 
f 245/270 2437/2654 2438/2657 
f 2433/2752 248/2753 2432/2754 
f 2432/2754 2431/2658 2433/2752 
f 2432/2754 252/2656 2417/269 
f 2417/269 2419/271 2432/2754 
f 2433/2752 247/267 314/347 
f 314/347 248/2753 2433/2752 
f 2401/2649 2406/2650 2420/2755 
f 2420/2755 7/2601 2401/2649 
f 7/2601 2420/2755 2421/2756 
f 2421/2756 2412/2598 7/2601 
f 2421/2756 2420/2755 2406/2650 
f 2406/2650 2404/2645 2421/2756 
f 2421/2756 2404/2645 2403/2616 
f 2403/2616 2412/2598 2421/2756 
f 220/228 219/227 223/236 
f 223/236 2422/231 220/228 
f 223/236 225/235 2423/233 
f 2423/233 2422/231 223/236 
f 2423/233 225/235 222/230 
f 222/230 228/238 2423/233 
f 228/3205 308/340 309/440 
f 309/440 2424/2757 228/3205 
f 309/440 310/344 2425/2758 
f 2425/2758 2424/2757 309/440 
f 2425/2758 310/344 243/343 
f 243/343 220/2614 2425/2758 
f 2426/223 215/220 199/219 
f 199/219 2427/224 2426/223 
f 2426/2647 2405/2646 2401/2649 
f 2401/2649 2428/2648 2426/2647 
f 2429/2759 2430/274 5/1 
f 5/1 242/263 2429/2759 
f 2417/269 2430/274 2429/2759 
f 2429/2759 245/270 2417/269 
f 2429/2759 2183/2567 2182/2566 
f 2182/2566 245/270 2429/2759 
f 242/263 2183/2567 2429/2759 
f 2430/274 251/273 250/2 
f 250/2 5/1 2430/274 
f 2419/271 2438/2657 2431/2658 
f 2431/2658 2432/2754 2419/271 
f 2432/2754 248/2753 252/2656 
f 2413/268 247/267 2433/2752 
f 2433/2752 2431/2658 2413/268 
f 286/316 256/278 254/275 
f 238/255 8/258 2440/2760 
f 2440/2760 2434/2452 238/255 
f 8/258 2428/2648 2439/2761 
f 2439/2761 2440/2760 8/258 
f 2401/2649 7/2601 2436/2597 
f 2436/2597 2435/2596 2401/2649 
f 2436/2597 7/2601 2418/2653 
f 2418/2653 2437/2654 2436/2597 
f 2437/2654 2418/2653 2416/2655 
f 2416/2655 2438/2657 2437/2654 
f 2416/2655 2413/268 2431/2658 
f 2431/2658 2438/2657 2416/2655 
f 2428/2648 2401/2649 2435/2596 
f 2435/2596 2439/2761 2428/2648 
f 2434/2452 2440/2760 2439/2761 
f 2439/2761 2435/2596 2434/2452 
f 303/338 302/337 2441/448 
f 2441/448 307/339 303/338 
f 302/337 334/2762 2442/2763 
f 2442/2763 2441/448 302/337 
f 334/2762 336/2764 2443/2765 
f 2443/2765 2442/2763 334/2762 
f 2443/2765 336/2764 338/2766 
f 2441/448 2442/2763 2444/450 
f 2444/450 332/447 2441/448 
f 2442/2763 2443/2765 2445/452 
f 2445/452 2444/450 2442/2763 
f 2443/2765 338/2766 2446/454 
f 2446/454 2445/452 2443/2765 
f 2446/454 338/2766 340/873 
f 2447/2602 2448/2603 199/219 
f 199/219 2400/2560 2447/2602 
f 2449/2604 2447/2602 2400/2560 
f 2400/2560 2399/2559 2449/2604 
f 2450/2462 2449/2604 2399/2559 
f 2399/2559 2391/2464 2450/2462 
f 2450/2462 2390/2460 2451/2605 
f 164/136 2451/2605 2390/2460 
f 2390/2460 134/123 164/136 
f 199/219 2448/2603 2452/2606 
f 2452/2606 2427/224 199/219 
f 2453/2607 216/221 2427/224 
f 2427/224 2452/2606 2453/2607 
f 217/225 216/221 2453/2607 
f 217/225 2453/2607 2454/2608 
f 2454/2608 196/199 217/225 
f 2455/2609 184/194 2454/2608 
f 183/195 184/194 2455/2609 
f 185/185 183/195 2456/2610 
f 2456/2610 165/140 185/185 
f 118/147 126/158 2929/3368 
f 2929/3368 2930/3369 118/147 
f 2456/2610 126/132 118/141 
f 118/141 165/140 2456/2610 
f 2456/2610 183/195 164/136 
f 164/136 126/132 2456/2610 
f 183/195 2455/2609 2451/2605 
f 2451/2605 164/136 183/195 
f 2458/2612 2453/2607 2452/2606 
f 2452/2606 2448/2603 2458/2612 
f 2457/2613 2458/2612 2449/2604 
f 2458/2612 2448/2603 2447/2602 
f 2451/2605 2457/2613 2449/2604 
f 2449/2604 2450/2462 2451/2605 
f 2457/2613 2454/2608 2453/2607 
f 2453/2607 2458/2612 2457/2613 
f 2457/2613 2451/2605 2455/2609 
f 2455/2609 2454/2608 2457/2613 
f 2458/2612 2447/2602 2449/2604 
f 2450/2462 2391/2464 2389/2456 
f 2389/2456 2459/2461 2450/2462 
f 2459/2461 2389/2456 2460/2459 
f 2389/2456 180/182 179/181 
f 179/181 2460/2459 2389/2456 
f 2391/2464 201/205 2389/2456 
f 184/194 196/199 2454/2608 
f 2463/2398 676/710 2461/707 
f 2461/707 2462/706 2463/2398 
f 2461/707 676/710 677/708 
f 668/699 667/697 674/705 
f 674/705 2462/706 668/699 
f 675/714 676/710 2463/2398 
f 2463/2398 2464/2399 675/714 
f 2462/706 674/705 2464/2399 
f 2464/2399 2463/2398 2462/706 
f 2464/2399 674/705 665/2400 
f 665/2400 2465/2401 2464/2399 
f 682/716 679/711 676/710 
f 663/720 664/715 2466/2402 
f 2466/2402 662/737 663/720 
f 2467/2403 2466/2402 664/715 
f 664/715 675/714 2467/2403 
f 2464/2399 2465/2401 2467/2403 
f 2467/2403 675/714 2464/2399 
f 633/667 636/670 669/700 
f 2468/2405 626/662 427/661 
f 427/661 2495/2404 2468/2405 
f 1143/2767 1144/2768 2520/2769 
f 2520/2769 2521/2770 1143/2767 
f 2472/2406 627/724 2479/2407 
f 626/662 2468/2405 2473/2408 
f 2473/2408 629/664 626/662 
f 2495/2404 2470/2425 2474/2424 
f 2474/2424 2468/2405 2495/2404 
f 2468/2405 2474/2424 2475/2426 
f 2475/2426 2473/2408 2468/2405 
f 2470/2425 2469/2427 2476/2428 
f 2476/2428 2474/2424 2470/2425 
f 2474/2424 2476/2428 2477/2429 
f 2477/2429 2475/2426 2474/2424 
f 2478/2431 2476/2428 2469/2427 
f 2469/2427 2471/2430 2478/2431 
f 2472/2406 2479/2407 2518/2433 
f 2518/2433 2519/2432 2472/2406 
f 2476/2428 2478/2431 2480/2434 
f 2480/2434 2477/2429 2476/2428 
f 2479/2407 2483/2435 2481/2436 
f 2481/2436 2518/2433 2479/2407 
f 2482/2437 2483/2435 628/728 
f 628/728 640/730 2482/2437 
f 2484/2438 2482/2437 640/730 
f 640/730 662/737 2484/2438 
f 2485/2439 2481/2436 2483/2435 
f 2483/2435 2482/2437 2485/2439 
f 2481/2436 2485/2439 2486/2440 
f 2486/2440 2480/2434 2481/2436 
f 2480/2434 2486/2440 2487/2441 
f 2487/2441 2477/2429 2480/2434 
f 2477/2429 2487/2441 2488/2442 
f 2488/2442 2475/2426 2477/2429 
f 2475/2426 2488/2442 2489/2443 
f 2489/2443 2473/2408 2475/2426 
f 2473/2408 2489/2443 639/673 
f 639/673 629/664 2473/2408 
f 639/673 2489/2443 2490/2445 
f 2490/2445 666/698 639/673 
f 2491/2446 2490/2445 2489/2443 
f 2489/2443 2488/2442 2491/2446 
f 2492/2447 2491/2446 2488/2442 
f 2488/2442 2487/2441 2492/2447 
f 2493/2448 2492/2447 2487/2441 
f 2487/2441 2486/2440 2493/2448 
f 2494/2532 2493/2448 2486/2440 
f 2486/2440 2485/2439 2494/2532 
f 2482/2437 2484/2438 2494/2532 
f 2494/2532 2485/2439 2482/2437 
f 2466/2402 2494/2532 2484/2438 
f 2484/2438 662/737 2466/2402 
f 2467/2403 2493/2448 2494/2532 
f 2494/2532 2466/2402 2467/2403 
f 2493/2448 2467/2403 2465/2401 
f 2465/2401 2492/2447 2493/2448 
f 2492/2447 2465/2401 665/2400 
f 665/2400 2491/2446 2492/2447 
f 665/2400 2490/2445 2491/2446 
f 666/698 2490/2445 665/2400 
f 665/2400 674/705 666/698 
f 683/717 680/712 679/711 
f 2496/2771 2497/3011 2469/3122 
f 2469/3122 2470/3123 2496/2771 
f 2469/3122 2497/3011 2498/3124 
f 2498/3124 2522/3125 2469/3122 
f 2498/3124 1117/3126 1142/3127 
f 1142/3127 2522/3125 2498/3124 
f 2499/3139 2496/2771 2470/3123 
f 2470/3123 2495/3129 2499/3139 
f 2500/3141 2499/3139 2495/3129 
f 2495/3129 427/3140 2500/3141 
f 2501/3142 2502/3143 2498/3124 
f 2498/3124 2497/3011 2501/3142 
f 2501/3142 2497/3011 2496/2771 
f 2496/2771 2503/3144 2501/3142 
f 2498/3124 2502/3143 2504/3145 
f 2504/3145 1117/3126 2498/3124 
f 2505/3146 2500/3141 427/3140 
f 427/3140 430/3215 2505/3146 
f 2505/3146 430/3215 429/908 
f 429/908 426/906 2505/3146 
f 2505/3146 426/906 2506/3147 
f 2506/3147 2500/3141 2505/3146 
f 2507/3148 2506/3147 426/906 
f 426/906 424/904 2507/3148 
f 424/904 423/903 2525/3149 
f 2525/3149 2507/3148 424/904 
f 2508/3150 2525/3149 423/903 
f 423/903 1116/1801 2508/3150 
f 2500/3141 2506/3147 2507/3148 
f 2507/3148 2499/3139 2500/3141 
f 2509/3151 2503/3144 2496/2771 
f 2496/2771 2499/3139 2509/3151 
f 2525/3149 2524/3152 2509/3151 
f 2509/3151 2507/3148 2525/3149 
f 2510/2533 2511/2534 1125/1391 
f 1125/1391 1120/1393 2510/2533 
f 1122/1813 1125/3187 2511/3153 
f 2511/3153 1119/1811 1122/1813 
f 1116/1801 1119/1811 2511/3153 
f 2511/3153 2510/3154 1116/1801 
f 1287/1328 1288/1327 2512/2535 
f 2512/2535 1120/1393 1287/1328 
f 1120/1393 2512/2535 2513/2536 
f 2513/2536 2510/2533 1120/1393 
f 2514/2537 2512/2535 1288/1327 
f 1288/1327 1289/1326 2514/2537 
f 2512/2535 2514/2537 2515/2538 
f 2515/2538 2513/2536 2512/2535 
f 1289/1326 1290/1313 1275/1300 
f 1275/1300 2514/2537 1289/1326 
f 1286/1311 2515/2538 2514/2537 
f 2514/2537 1275/1300 1286/1311 
f 2515/2538 1286/1311 1117/1299 
f 1117/1299 2513/2536 2515/2538 
f 1116/1801 2510/3154 2516/3155 
f 2516/3155 2508/3150 1116/1801 
f 2517/3158 2516/3155 2510/3154 
f 2510/3154 2513/3157 2517/3158 
f 1117/3126 2504/3145 2517/3158 
f 2517/3158 2513/3157 1117/3126 
f 2508/3150 2516/3155 2524/3152 
f 2524/3152 2525/3149 2508/3150 
f 2524/3152 2516/3155 2517/3158 
f 2517/3158 2523/3159 2524/3152 
f 2523/3159 2517/3158 2504/3145 
f 2504/3145 2502/3143 2523/3159 
f 2478/2431 2518/2433 2481/2436 
f 2481/2436 2480/2434 2478/2431 
f 2478/2431 2471/2430 2519/2432 
f 2519/2432 2518/2433 2478/2431 
f 2522/3125 1142/3127 1143/2767 
f 1143/2767 2521/2770 2522/3125 
f 628/728 2483/2435 2479/2407 
f 2479/2407 627/724 628/728 
f 2472/2406 1144/2968 1145/725 
f 1145/725 627/724 2472/2406 
f 2472/3160 2519/3161 2520/2769 
f 2520/2769 1144/2768 2472/3160 
f 2520/2769 2519/3161 2471/3162 
f 2471/3162 2521/2770 2520/2769 
f 2522/3125 2521/2770 2471/3162 
f 2471/3162 2469/3122 2522/3125 
f 2501/3142 2503/3144 2523/3159 
f 2523/3159 2502/3143 2501/3142 
f 2503/3144 2509/3151 2524/3152 
f 2524/3152 2523/3159 2503/3144 
f 2509/3151 2499/3139 2507/3148 
f 2526/574 520/567 2527/572 
f 2527/572 2656/617 2526/574 
f 2527/572 521/618 2528/619 
f 2528/619 2656/617 2527/572 
f 2528/619 2545/615 523/620 
f 523/620 2781/1024 2528/619 
f 2529/1027 522/1037 2526/574 
f 2526/574 2656/617 2529/1027 
f 2530/1047 522/1037 2529/1027 
f 2529/1027 2657/1768 2530/1047 
f 523/620 2548/610 2531/2280 
f 2531/2280 2781/1024 523/620 
f 2531/2280 2552/609 525/2281 
f 525/2281 2780/2282 2531/2280 
f 2532/2283 524/2284 2530/1047 
f 2530/1047 2657/1768 2532/2283 
f 2533/2285 526/577 2534/2286 
f 2534/2286 2658/2287 2533/2285 
f 2534/2286 524/2284 2532/2283 
f 2532/2283 2658/2287 2534/2286 
f 525/2281 2555/608 2535/2288 
f 2535/2288 2780/2282 525/2281 
f 2535/2288 2782/2289 2533/2285 
f 2533/2285 2658/2287 2535/2288 
f 2536/2290 553/2291 2537/2292 
f 2537/2292 2659/2293 2536/2290 
f 2537/2292 521/618 2538/2294 
f 2538/2294 2659/2293 2537/2292 
f 2538/2294 519/3038 2539/2295 
f 2539/2295 2659/2293 2538/2294 
f 2539/2295 552/2296 2536/2290 
f 2536/2290 2659/2293 2539/2295 
f 2540/2297 551/612 2541/616 
f 2541/616 2660/2471 2540/2297 
f 2541/616 521/618 2537/2292 
f 2537/2292 2660/2471 2541/616 
f 2537/2292 553/2291 2542/2472 
f 2542/2472 2660/2471 2537/2292 
f 2542/2472 554/2473 2540/2297 
f 2540/2297 2660/2471 2542/2472 
f 2543/2474 556/2478 2544/2479 
f 2544/2479 2661/2480 2543/2474 
f 2544/2479 523/620 2545/615 
f 2545/615 2661/2480 2544/2479 
f 2545/615 550/611 2546/2481 
f 2546/2481 2661/2480 2545/615 
f 2546/2481 555/2482 2543/2474 
f 2543/2474 2661/2480 2546/2481 
f 2547/2483 549/604 2548/610 
f 2548/610 2662/2484 2547/2483 
f 2548/610 523/620 2544/2479 
f 2544/2479 2662/2484 2548/610 
f 2544/2479 556/2478 2549/2485 
f 2549/2485 2662/2484 2544/2479 
f 2549/2485 557/2486 2547/2483 
f 2547/2483 2662/2484 2549/2485 
f 2550/2487 559/2488 2551/2489 
f 2551/2489 2663/2490 2550/2487 
f 2551/2489 525/2281 2552/609 
f 2552/609 2663/2490 2551/2489 
f 2552/609 548/603 2553/2491 
f 2553/2491 2663/2490 2552/609 
f 2553/2491 558/2492 2550/2487 
f 2550/2487 2663/2490 2553/2491 
f 2554/2493 547/3100 2555/608 
f 2555/608 2664/2494 2554/2493 
f 2555/608 525/2281 2551/2489 
f 2551/2489 2664/2494 2555/608 
f 2551/2489 559/2488 2556/2495 
f 2556/2495 2664/2494 2551/2489 
f 2556/2495 560/2496 2554/2493 
f 2554/2493 2664/2494 2556/2495 
f 2557/2497 562/2498 2558/2499 
f 2558/2499 2665/2500 2557/2497 
f 2559/607 546/3099 2560/2501 
f 2560/2501 2665/2500 2559/607 
f 2560/2501 561/2502 2557/2497 
f 2557/2497 2665/2500 2560/2501 
f 2561/2503 529/580 2562/579 
f 2562/579 2666/2504 2561/2503 
f 2558/2499 562/2498 2563/2505 
f 2563/2505 2666/2504 2558/2499 
f 2563/2505 563/2506 2561/2503 
f 2561/2503 2666/2504 2563/2505 
f 2564/2507 514/3095 2565/582 
f 2565/582 2667/2508 2564/2507 
f 2565/582 529/580 2561/2503 
f 2561/2503 2667/2508 2565/582 
f 2561/2503 563/2506 2566/2509 
f 2566/2509 2667/2508 2561/2503 
f 2566/2509 564/2510 2564/2507 
f 2564/2507 2667/2508 2566/2509 
f 2567/2512 513/556 2568/560 
f 2568/560 2668/2513 2567/2512 
f 2568/560 514/559 2564/2514 
f 2564/2514 2668/2513 2568/560 
f 2564/2514 564/2515 2569/2516 
f 2569/2516 2668/2513 2564/2514 
f 2569/2516 565/2517 2567/2512 
f 2567/2512 2668/2513 2569/2516 
f 2570/2518 561/2519 2560/2520 
f 2560/2520 2669/2523 2570/2518 
f 2560/2520 546/2149 2571/2511 
f 2571/2511 2669/2523 2560/2520 
f 2571/2511 513/556 2567/2512 
f 2567/2512 2669/2523 2571/2511 
f 2567/2512 565/2517 2570/2518 
f 2570/2518 2669/2523 2567/2512 
f 2572/2734 511/554 2573/2271 
f 2573/2271 2670/2736 2572/2734 
f 2573/2271 547/2246 2554/2739 
f 2554/2739 2670/2736 2573/2271 
f 2554/2739 560/2740 2574/2742 
f 2574/2742 2670/2736 2554/2739 
f 2574/2742 566/2743 2572/2734 
f 2572/2734 2670/2736 2574/2742 
f 2575/2521 558/2492 2553/2491 
f 2553/2491 2671/2522 2575/2521 
f 2553/2491 548/603 2576/606 
f 2576/606 2671/2522 2553/2491 
f 2576/2744 511/554 2572/2734 
f 2572/2734 2671/2745 2576/2744 
f 2572/2734 566/2743 2575/2746 
f 2575/2746 2671/2745 2572/2734 
f 2577/2747 512/555 2578/2748 
f 2578/2748 2672/2749 2577/2747 
f 2578/605 549/604 2547/2483 
f 2547/2483 2672/2248 2578/605 
f 2547/2483 557/2486 2579/2735 
f 2579/2735 2672/2248 2547/2483 
f 2579/2750 567/2751 2577/2747 
f 2577/2747 2672/2749 2579/2750 
f 2580/2737 555/2482 2546/2481 
f 2546/2481 2673/2738 2580/2737 
f 2546/2481 550/611 2581/614 
f 2581/614 2673/2738 2546/2481 
f 2581/2772 512/555 2577/2747 
f 2577/2747 2673/2773 2581/2772 
f 2577/2747 567/2751 2580/2774 
f 2580/2774 2673/2773 2577/2747 
f 2582/2795 518/585 2583/2796 
f 2583/2796 2674/2797 2582/2795 
f 2583/613 551/612 2540/2297 
f 2540/2297 2674/3051 2583/613 
f 2540/2297 554/2473 2584/2741 
f 2584/2741 2674/3051 2540/2297 
f 2584/2798 568/2799 2582/2795 
f 2582/2795 2674/2797 2584/2798 
f 2585/2800 552/2801 2539/2802 
f 2539/2802 2675/2803 2585/2800 
f 2539/2802 519/588 2586/586 
f 2586/586 2675/2803 2539/2802 
f 2586/586 518/585 2582/2795 
f 2582/2795 2675/2803 2586/586 
f 2582/2795 568/2799 2585/2800 
f 2585/2800 2675/2803 2582/2795 
f 2587/2804 570/2809 2588/2827 
f 2588/2827 2676/2828 2587/2804 
f 2588/2827 565/2517 2569/2516 
f 2569/2516 2676/2828 2588/2827 
f 2569/2516 564/2515 2589/2830 
f 2589/2830 2676/2828 2569/2516 
f 2589/2830 569/2831 2587/2804 
f 2587/2804 2676/2828 2589/2830 
f 2590/2832 561/2519 2570/2518 
f 2570/2518 2677/2833 2590/2832 
f 2570/2518 565/2517 2588/2827 
f 2588/2827 2677/2833 2570/2518 
f 2588/2827 570/2809 2591/2834 
f 2591/2834 2677/2833 2588/2827 
f 2591/2834 571/2835 2590/2832 
f 2590/2832 2677/2833 2591/2834 
f 2589/3107 564/2510 2566/2509 
f 2566/2509 2678/2775 2589/3107 
f 2566/2509 563/2506 2592/2776 
f 2592/2776 2678/2775 2566/2509 
f 2592/2776 572/2777 2593/2778 
f 2593/2778 2678/2775 2592/2776 
f 2593/2778 569/3108 2589/3107 
f 2589/3107 2678/2775 2593/2778 
f 2592/2776 563/2506 2563/2505 
f 2563/2505 2679/2779 2592/2776 
f 2563/2505 562/2498 2594/2780 
f 2594/2780 2679/2779 2563/2505 
f 2594/2780 573/2781 2595/2782 
f 2595/2782 2679/2779 2594/2780 
f 2595/2782 572/2777 2592/2776 
f 2592/2776 2679/2779 2595/2782 
f 2596/2783 573/2781 2594/2780 
f 2594/2780 2680/2784 2596/2783 
f 2594/2780 562/2498 2557/2497 
f 2557/2497 2680/2784 2594/2780 
f 2557/2497 561/2502 2590/3109 
f 2590/3109 2680/2784 2557/2497 
f 2590/3109 571/3110 2596/2783 
f 2596/2783 2680/2784 2590/3109 
f 2597/2785 575/2786 2598/2787 
f 2598/2787 2681/2788 2597/2785 
f 2598/2787 559/2488 2550/2487 
f 2550/2487 2681/2788 2598/2787 
f 2550/2487 558/2492 2599/2789 
f 2599/2789 2681/2788 2550/2487 
f 2599/2789 574/2790 2597/2785 
f 2597/2785 2681/2788 2599/2789 
f 2600/2791 560/2496 2556/2495 
f 2556/2495 2682/2792 2600/2791 
f 2556/2495 559/2488 2598/2787 
f 2598/2787 2682/2792 2556/2495 
f 2598/2787 575/2786 2601/2793 
f 2601/2793 2682/2792 2598/2787 
f 2601/2793 576/2794 2600/2791 
f 2600/2791 2682/2792 2601/2793 
f 2602/2836 566/2743 2574/2742 
f 2574/2742 2683/2837 2602/2836 
f 2574/2742 560/2740 2600/2838 
f 2600/2838 2683/2837 2574/2742 
f 2600/2838 576/2847 2603/2848 
f 2603/2848 2683/2837 2600/2838 
f 2603/2848 577/2849 2602/2836 
f 2602/2836 2683/2837 2603/2848 
f 2602/2836 577/2849 2604/2850 
f 2604/2850 2684/2855 2602/2836 
f 2604/3079 574/2790 2599/2789 
f 2599/2789 2684/3080 2604/3079 
f 2599/2789 558/2492 2575/2521 
f 2575/2521 2684/3080 2599/2789 
f 2575/2746 566/2743 2602/2836 
f 2602/2836 2684/2855 2575/2746 
f 2605/2856 579/2857 2606/2858 
f 2606/2858 2685/2859 2605/2856 
f 2606/2858 567/2751 2579/2750 
f 2579/2750 2685/2859 2606/2858 
f 2579/2735 557/2486 2607/2805 
f 2607/2805 2685/3081 2579/2735 
f 2607/2805 578/2806 2605/3053 
f 2605/3053 2685/3081 2607/2805 
f 2608/2807 555/2482 2580/2737 
f 2580/2737 2686/2808 2608/2807 
f 2580/2774 567/2751 2606/2858 
f 2606/2858 2686/2860 2580/2774 
f 2606/2858 579/2857 2609/2861 
f 2609/2861 2686/2860 2606/2858 
f 2609/3055 580/2810 2608/2807 
f 2608/2807 2686/2808 2609/3055 
f 2610/2811 556/2478 2543/2474 
f 2543/2474 2687/2812 2610/2811 
f 2543/2474 555/2482 2608/2807 
f 2608/2807 2687/2812 2543/2474 
f 2608/2807 580/2810 2611/2813 
f 2611/2813 2687/2812 2608/2807 
f 2611/2813 581/2814 2610/2811 
f 2610/2811 2687/2812 2611/2813 
f 2612/2815 578/2806 2607/2805 
f 2607/2805 2688/2816 2612/2815 
f 2607/2805 557/2486 2549/2485 
f 2549/2485 2688/2816 2607/2805 
f 2549/2485 556/2478 2610/2811 
f 2610/2811 2688/2816 2549/2485 
f 2610/2811 581/2814 2612/2815 
f 2612/2815 2688/2816 2610/2811 
f 2613/2817 583/2818 2614/2819 
f 2614/2819 2689/2820 2613/2817 
f 2614/2819 553/2291 2536/2290 
f 2536/2290 2689/2820 2614/2819 
f 2536/2290 552/2296 2615/2821 
f 2615/2821 2689/2820 2536/2290 
f 2615/2821 582/2822 2613/2817 
f 2613/2817 2689/2820 2615/2821 
f 2616/2823 554/2473 2542/2472 
f 2542/2472 2690/2824 2616/2823 
f 2542/2472 553/2291 2614/2819 
f 2614/2819 2690/2824 2542/2472 
f 2614/2819 583/2818 2617/2825 
f 2617/2825 2690/2824 2614/2819 
f 2617/2825 584/2826 2616/2823 
f 2616/2823 2690/2824 2617/2825 
f 2618/2864 568/2799 2584/2798 
f 2584/2798 2691/2873 2618/2864 
f 2584/2741 554/2473 2616/2823 
f 2616/2823 2691/3060 2584/2741 
f 2616/2823 584/2826 2619/2829 
f 2619/2829 2691/3060 2616/2823 
f 2619/2874 585/2875 2618/2864 
f 2618/2864 2691/2873 2619/2874 
f 2618/2864 585/2875 2620/2876 
f 2620/2876 2692/2881 2618/2864 
f 2620/2876 582/2890 2615/2891 
f 2615/2891 2692/2881 2620/2876 
f 2615/2891 552/2801 2585/2800 
f 2585/2800 2692/2881 2615/2891 
f 2585/2800 568/2799 2618/2864 
f 2618/2864 2692/2881 2585/2800 
f 2621/2892 587/2893 2622/2894 
f 2622/2894 2693/2895 2621/2892 
f 2622/2894 570/2809 2587/2804 
f 2587/2804 2693/2895 2622/2894 
f 2587/2804 569/2831 2623/2900 
f 2623/2900 2693/2895 2587/2804 
f 2623/2900 586/2914 2621/2892 
f 2621/2892 2693/2895 2623/2900 
f 2623/3113 569/3108 2593/2778 
f 2593/2778 2694/2839 2623/3113 
f 2593/2778 572/2777 2624/2840 
f 2624/2840 2694/2839 2593/2778 
f 2624/2840 588/2841 2625/541 
f 2625/541 2694/2839 2624/2840 
f 2625/541 586/3044 2623/3113 
f 2623/3113 2694/2839 2625/541 
f 2624/2840 572/2777 2595/2782 
f 2595/2782 2695/2843 2624/2840 
f 2595/2782 573/2781 2626/2844 
f 2626/2844 2695/2843 2595/2782 
f 2626/2844 589/2845 2627/2846 
f 2627/2846 2695/2843 2626/2844 
f 2627/2846 588/2841 2624/2840 
f 2624/2840 2695/2843 2627/2846 
f 2628/2915 571/2835 2591/2834 
f 2591/2834 2696/2916 2628/2915 
f 2591/2834 570/2809 2622/2894 
f 2622/2894 2696/2916 2591/2834 
f 2622/2894 587/2893 2629/2922 
f 2629/2922 2696/2916 2622/2894 
f 2629/2922 590/2930 2628/2915 
f 2628/2915 2696/2916 2629/2922 
f 2630/562 589/2845 2626/2844 
f 2626/2844 2697/2852 2630/562 
f 2626/2844 573/2781 2596/2783 
f 2596/2783 2697/2852 2626/2844 
f 2596/2783 571/3110 2628/3115 
f 2628/3115 2697/2852 2596/2783 
f 2628/3115 590/3045 2630/562 
f 2630/562 2697/2852 2628/3115 
f 2625/541 588/2841 2627/2846 
f 2627/2846 2698/2853 2625/541 
f 2627/2846 589/2845 2630/562 
f 2630/562 2698/2842 2627/2846 
f 2630/562 590/3045 2631/2854 
f 2631/2854 2698/2842 2630/562 
f 2631/2851 586/3044 2625/541 
f 2625/541 2698/2853 2631/2851 
f 2629/2922 587/2893 2621/2892 
f 2621/2892 2699/2931 2629/2922 
f 2621/2892 586/2914 2631/2932 
f 2631/2932 2699/2931 2621/2892 
f 2631/3046 590/2930 2629/2922 
f 2629/2922 2699/2931 2631/3046 
f 2632/2933 592/2934 2633/2935 
f 2633/2935 2700/2936 2632/2933 
f 2633/2935 577/2849 2603/2848 
f 2603/2848 2700/2936 2633/2935 
f 2603/2848 576/2847 2634/2937 
f 2634/2937 2700/2936 2603/2848 
f 2634/2937 591/2938 2632/2933 
f 2632/2933 2700/2936 2634/2937 
f 2635/2862 574/2790 2604/3079 
f 2604/3079 2701/2863 2635/2862 
f 2604/2850 577/2849 2633/2935 
f 2633/2935 2701/2939 2604/2850 
f 2633/2935 592/2934 2636/2941 
f 2636/2941 2701/2939 2633/2935 
f 2636/3041 593/2865 2635/2862 
f 2635/2862 2701/2863 2636/3041 
f 2637/2866 575/2786 2597/2785 
f 2597/2785 2702/2867 2637/2866 
f 2597/2785 574/2790 2635/2862 
f 2635/2862 2702/2867 2597/2785 
f 2635/2862 593/2865 2638/2868 
f 2638/2868 2702/2867 2635/2862 
f 2638/2868 594/2869 2637/2866 
f 2637/2866 2702/2867 2638/2868 
f 2639/564 591/3040 2634/3118 
f 2634/3118 2703/2871 2639/564 
f 2634/3118 576/2794 2601/2793 
f 2601/2793 2703/2871 2634/3118 
f 2601/2793 575/2786 2637/2866 
f 2637/2866 2703/2871 2601/2793 
f 2637/2866 594/2869 2639/564 
f 2639/564 2703/2871 2637/2866 
f 2638/2868 593/2865 2636/3041 
f 2636/3041 2704/2872 2638/2868 
f 2636/3041 592/3083 2632/3082 
f 2632/3082 2704/2872 2636/3041 
f 2632/3057 591/3040 2639/564 
f 2639/564 2704/3056 2632/3057 
f 2639/564 594/2869 2638/2868 
f 2638/2868 2704/3056 2639/564 
f 2640/2942 596/2943 2641/2944 
f 2641/2944 2705/2951 2640/2942 
f 2641/2944 579/2857 2605/2856 
f 2605/2856 2705/2951 2641/2944 
f 2605/3053 578/2806 2642/2877 
f 2642/2877 2705/3064 2605/3053 
f 2642/2877 595/2878 2640/3062 
f 2640/3062 2705/3064 2642/2877 
f 2643/2879 580/2810 2609/3055 
f 2609/3055 2706/2880 2643/2879 
f 2609/2861 579/2857 2641/2944 
f 2641/2944 2706/2952 2609/2861 
f 2641/2944 596/2943 2644/2953 
f 2644/2953 2706/2952 2641/2944 
f 2644/3066 597/2882 2643/2879 
f 2643/2879 2706/2880 2644/3066 
f 2645/2883 581/2814 2611/2813 
f 2611/2813 2707/2884 2645/2883 
f 2611/2813 580/2810 2643/2879 
f 2643/2879 2707/2884 2611/2813 
f 2643/2879 597/2882 2646/2885 
f 2646/2885 2707/2884 2643/2879 
f 2646/2885 598/2886 2645/2883 
f 2645/2883 2707/2884 2646/2885 
f 2645/2883 598/2886 2647/2887 
f 2647/2887 2708/2888 2645/2883 
f 2647/2887 595/2878 2642/2877 
f 2642/2877 2708/2888 2647/2887 
f 2642/2877 578/2806 2612/2815 
f 2612/2815 2708/2888 2642/2877 
f 2612/2815 581/2814 2645/2883 
f 2645/2883 2708/2888 2612/2815 
f 2647/2887 598/2886 2646/2885 
f 2646/2885 2709/2889 2647/2887 
f 2646/2885 597/2882 2644/3024 
f 2644/3024 2709/2889 2646/2885 
f 2644/3024 596/3063 2640/3022 
f 2640/3022 2709/2889 2644/3024 
f 2640/3022 595/2878 2647/2887 
f 2647/2887 2709/2889 2640/3022 
f 2648/2954 600/2955 2649/2956 
f 2649/2956 2710/2959 2648/2954 
f 2649/2956 582/2890 2620/2876 
f 2620/2876 2710/2959 2649/2956 
f 2620/2876 585/2875 2650/2960 
f 2650/2960 2710/2959 2620/2876 
f 2650/2960 599/3016 2648/2954 
f 2648/2954 2710/2959 2650/2960 
f 2651/2896 583/2818 2613/2817 
f 2613/2817 2711/2897 2651/2896 
f 2613/2817 582/2822 2649/3069 
f 2649/3069 2711/2897 2613/2817 
f 2649/3069 600/3068 2652/2898 
f 2652/2898 2711/2897 2649/3069 
f 2652/2898 601/2899 2651/2896 
f 2651/2896 2711/2897 2652/2898 
f 2650/2960 585/2875 2619/2874 
f 2619/2874 2712/3017 2650/2960 
f 2619/2829 584/2826 2653/2901 
f 2653/2901 2712/3073 2619/2829 
f 2653/2901 602/2902 2654/2903 
f 2654/2903 2712/3073 2653/2901 
f 2654/3018 599/3016 2650/2960 
f 2650/2960 2712/3017 2654/3018 
f 2655/2904 602/2902 2653/2901 
f 2653/2901 2713/2905 2655/2904 
f 2653/2901 584/2826 2617/2825 
f 2617/2825 2713/2905 2653/2901 
f 2617/2825 583/2818 2651/2896 
f 2651/2896 2713/2905 2617/2825 
f 2651/2896 601/2899 2655/2904 
f 2655/2904 2713/2905 2651/2896 
f 2655/2904 601/2899 2652/2898 
f 2652/2898 2714/2906 2655/2904 
f 2652/2898 600/3068 2648/3067 
f 2648/3067 2714/2906 2652/2898 
f 2648/3067 599/3070 2654/3075 
f 2654/3075 2714/2906 2648/3067 
f 2654/3075 602/2902 2655/2904 
f 2655/2904 2714/2906 2654/3075 
f 2715/2907 497/533 2716/534 
f 2716/534 2749/2908 2715/2907 
f 2716/534 496/532 2717/2909 
f 2717/2909 2749/2908 2716/534 
f 2717/2909 524/2284 2718/576 
f 2718/576 2749/2908 2717/2909 
f 2718/576 527/575 2715/2907 
f 2715/2907 2749/2908 2718/576 
f 2719/2910 497/533 2715/2907 
f 2715/2907 2750/2911 2719/2910 
f 2715/2907 527/575 2720/583 
f 2720/583 2750/2911 2715/2907 
f 2720/583 509/3092 2721/2912 
f 2721/2912 2750/2911 2720/583 
f 2721/2912 530/2913 2719/2910 
f 2719/2910 2750/2911 2721/2912 
f 2722/3019 532/3020 2723/593 
f 2723/593 2751/3021 2722/3019 
f 2723/593 531/592 2724/590 
f 2724/590 2751/3021 2723/593 
f 2724/590 533/589 2725/2917 
f 2725/2917 2751/3021 2724/590 
f 2725/2917 530/2913 2722/3019 
f 2722/3019 2751/3021 2725/2917 
f 2726/2918 530/2913 2721/2912 
f 2721/2912 2752/2919 2726/2918 
f 2721/2912 509/3092 2727/3098 
f 2727/3098 2752/2919 2721/2912 
f 2727/3098 535/3097 2728/2920 
f 2728/2920 2752/2919 2727/3098 
f 2728/2920 536/2921 2726/2918 
f 2726/2918 2752/2919 2728/2920 
f 2729/601 532/3020 2722/3019 
f 2722/3019 2753/3023 2729/601 
f 2722/3019 530/2913 2726/2918 
f 2726/2918 2753/3023 2722/3019 
f 2726/2918 536/2921 2730/2923 
f 2730/2923 2753/3023 2726/2918 
f 2730/2923 537/602 2729/601 
f 2729/601 2753/3023 2730/2923 
f 2731/2924 539/2925 2732/2926 
f 2732/2926 2754/2927 2731/2924 
f 2732/2926 536/2921 2728/2920 
f 2728/2920 2754/2927 2732/2926 
f 2728/2920 535/3097 2733/2928 
f 2733/2928 2754/2927 2728/2920 
f 2733/2928 538/2929 2731/2924 
f 2731/2924 2754/2927 2733/2928 
f 2733/3025 535/598 2734/597 
f 2734/597 2755/3036 2733/3025 
f 2734/597 534/3042 2735/3043 
f 2735/3043 2755/3036 2734/597 
f 2735/3043 540/3047 2736/3048 
f 2736/3048 2755/3036 2735/3043 
f 2736/3048 538/3049 2733/3025 
f 2733/3025 2755/3036 2736/3048 
f 2735/3043 534/3042 2737/641 
f 2737/641 2756/3050 2735/3043 
f 2737/641 537/602 2738/3052 
f 2738/3052 2756/3050 2737/641 
f 2738/3052 541/3054 2739/3058 
f 2739/3058 2756/3050 2738/3052 
f 2739/3058 540/3047 2735/3043 
f 2735/3043 2756/3050 2739/3058 
f 2738/3052 537/602 2730/2923 
f 2730/2923 2757/3059 2738/3052 
f 2730/2923 536/2921 2732/2926 
f 2732/2926 2757/3059 2730/2923 
f 2732/2926 539/2925 2740/2940 
f 2740/2940 2757/3059 2732/2926 
f 2740/2940 541/3054 2738/3052 
f 2738/3052 2757/3059 2740/2940 
f 2741/3065 543/3074 2742/3085 
f 2742/3085 2758/3087 2741/3065 
f 2742/3085 541/3054 2740/2940 
f 2740/2940 2758/3087 2742/3085 
f 2740/2940 539/2925 2743/2945 
f 2743/2945 2758/3087 2740/2940 
f 2743/2945 542/2946 2741/3065 
f 2741/3065 2758/3087 2743/2945 
f 2743/2945 539/2925 2731/2924 
f 2731/2924 2759/2947 2743/2945 
f 2731/2924 538/2929 2744/2948 
f 2744/2948 2759/2947 2731/2924 
f 2744/2948 544/2949 2745/2950 
f 2745/2950 2759/2947 2744/2948 
f 2745/2950 542/2946 2743/2945 
f 2743/2945 2759/2947 2745/2950 
f 2744/3088 538/3049 2736/3048 
f 2736/3048 2760/3089 2744/3088 
f 2736/3048 540/3047 2746/3090 
f 2746/3090 2760/3089 2736/3048 
f 2746/3090 545/3091 2747/3096 
f 2747/3096 2760/3089 2746/3090 
f 2747/3096 544/3101 2744/3088 
f 2744/3088 2760/3089 2747/3096 
f 2746/3090 540/3047 2739/3058 
f 2739/3058 2761/3102 2746/3090 
f 2739/3058 541/3054 2742/3085 
f 2742/3085 2761/3102 2739/3058 
f 2742/3085 543/3074 2748/3103 
f 2748/3103 2761/3102 2742/3085 
f 2748/3103 545/3091 2746/3090 
f 2746/3090 2761/3102 2748/3103 
f 2748/3103 543/3074 2741/3065 
f 2741/3065 2762/2957 2748/3103 
f 2741/3065 542/2946 2745/538 
f 2745/538 2762/2957 2741/3065 
f 2745/538 544/537 2747/3131 
f 2747/3131 2762/2957 2745/538 
f 2747/3131 545/3091 2748/3103 
f 2748/3103 2762/2957 2747/3131 
f 534/3042 2734/597 2763/600 
f 2763/600 508/551 534/3042 
f 2727/599 509/552 508/551 
f 508/551 2763/600 2727/599 
f 2764/2148 508/551 532/3020 
f 532/3020 2729/601 2764/2148 
f 2737/641 534/3042 508/551 
f 508/551 2764/2148 2737/641 
f 532/3020 508/551 2765/594 
f 2765/594 2723/593 532/3020 
f 2765/594 508/551 505/548 
f 505/548 2766/595 2765/594 
f 2766/595 505/548 502/547 
f 502/547 2767/596 2766/595 
f 2725/2917 533/589 2719/2910 
f 2719/2910 530/2913 2725/2917 
f 2768/542 499/536 2724/590 
f 2724/590 531/592 2768/542 
f 533/589 498/535 497/533 
f 497/533 2719/2910 533/589 
f 2718/576 524/2284 2534/2286 
f 2534/2286 526/577 2718/576 
f 2533/2285 2782/2289 2562/579 
f 2562/579 526/577 2533/2285 
f 522/1037 2530/1047 2769/2958 
f 2769/2958 495/531 522/1037 
f 524/2284 2717/2909 2769/2958 
f 2769/2958 2530/1047 524/2284 
f 496/532 495/531 2769/2958 
f 2769/2958 2717/2909 496/532 
f 522/1037 495/531 2770/573 
f 2770/573 2526/574 522/1037 
f 2770/573 495/531 494/530 
f 494/530 2771/568 2770/573 
f 494/530 493/529 2772/569 
f 2772/569 2771/568 494/530 
f 2772/569 493/529 517/3037 
f 517/3037 2773/570 2772/569 
f 2774/571 2775/3039 519/3038 
f 519/3038 2538/2294 2774/571 
f 2774/571 2538/2294 521/618 
f 521/618 2527/572 2774/571 
f 2774/571 2773/570 517/3037 
f 517/3037 2775/3039 2774/571 
f 517/566 516/565 2776/587 
f 2776/587 2775/591 517/566 
f 2573/2271 511/554 513/556 
f 513/556 2571/2511 2573/2271 
f 2578/2748 512/555 511/554 
f 511/554 2576/2744 2578/2748 
f 2583/2796 518/585 512/555 
f 512/555 2581/2772 2583/2796 
f 513/556 506/549 2777/557 
f 2777/557 2568/560 513/556 
f 2777/557 506/549 510/553 
f 510/553 2778/558 2777/557 
f 2778/3094 510/3093 528/578 
f 528/578 2779/581 2778/3094 
f 2779/581 528/578 529/580 
f 529/580 2565/582 2779/581 
f 2559/607 2535/2288 2555/608 
f 2552/609 2531/2280 2548/610 
f 2545/615 2528/619 2541/616 
f 2559/607 2782/2289 2535/2288 
f 2528/619 521/618 2541/616 
f 2532/2283 2780/2282 2535/2288 
f 2535/2288 2658/2287 2532/2283 
f 2531/2280 2780/2282 2532/2283 
f 2532/2283 2657/1768 2531/2280 
f 2529/1027 2781/1024 2531/2280 
f 2531/2280 2657/1768 2529/1027 
f 2528/619 2781/1024 2529/1027 
f 2529/1027 2656/617 2528/619 
f 2558/2499 2782/2289 2559/607 
f 2559/607 2665/2500 2558/2499 
f 2562/579 2782/2289 2558/2499 
f 2558/2499 2666/2504 2562/579 
f 485/521 496/532 2716/534 
f 2716/534 487/523 485/521 
f 2767/596 2784/3104 2783/539 
f 2783/539 2768/542 2767/596 
f 2783/539 2784/3104 2785/3105 
f 2785/3105 2786/540 2783/539 
f 2784/3104 2767/596 502/547 
f 502/547 500/546 2784/3104 
f 500/546 501/545 2785/3105 
f 2785/3105 2784/3104 500/546 
f 2785/3105 501/545 490/526 
f 490/526 2786/540 2785/3105 
f 516/565 504/544 2787/584 
f 2787/584 2776/587 516/565 
f 2787/584 504/544 512/555 
f 512/555 518/585 2787/584 
f 1070/1115 1071/1116 1823/2327 
f 2788/3163 1826/2326 1824/2321 
f 1824/2321 1822/2323 2788/3163 
f 1823/2327 1826/2326 2788/3163 
f 2788/3163 1070/1115 1823/2327 
f 1069/1113 1070/1115 2788/3163 
f 2788/3163 1822/2323 1069/1113 
f 1018/2342 1019/1039 999/1028 
f 999/1028 2215/2341 1018/2342 
f 989/2305 993/2309 2210/2629 
f 2210/2629 2211/2644 989/2305 
f 616/1257 615/1166 604/1152 
f 604/1152 280/1256 616/1257 
f 1131/630 1134/634 1133/2160 
f 1133/2160 1130/2158 1131/630 
f 2789/3222 106/128 2790/3223 
f 2790/3223 2873/3312 2789/3222 
f 2790/3223 104/126 2791/3224 
f 2791/3224 2873/3312 2790/3223 
f 2791/3224 12/9 2792/3225 
f 2792/3225 2873/3312 2791/3224 
f 2792/3225 105/127 2789/3222 
f 2789/3222 2873/3312 2792/3225 
f 2793/3226 108/130 2794/3227 
f 2794/3227 2874/3313 2793/3226 
f 2794/3227 106/128 2789/3222 
f 2789/3222 2874/3313 2794/3227 
f 2789/3222 105/127 2795/3228 
f 2795/3228 2874/3313 2789/3222 
f 2795/3228 107/129 2793/3226 
f 2793/3226 2874/3313 2795/3228 
f 2792/3225 12/9 2796/3229 
f 2796/3229 2875/3314 2792/3225 
f 2796/3229 13/7 2797/3230 
f 2797/3230 2875/3314 2796/3229 
f 2797/3230 109/131 2798/3231 
f 2798/3231 2875/3314 2797/3230 
f 2798/3231 105/127 2792/3225 
f 2792/3225 2875/3314 2798/3231 
f 2797/3230 13/7 2799/3232 
f 2799/3232 2876/3315 2797/3230 
f 2799/3232 884/6 2800/3233 
f 2800/3233 2876/3315 2799/3232 
f 2800/3233 110/133 2801/3235 
f 2801/3235 2876/3315 2800/3233 
f 2801/3235 109/131 2797/3230 
f 2797/3230 2876/3315 2801/3235 
f 2802/3236 111/135 2803/3237 
f 2803/3237 2877/3316 2802/3236 
f 2803/3237 109/131 2801/3235 
f 2801/3235 2877/3316 2803/3237 
f 2801/3235 110/133 2804/3238 
f 2804/3238 2877/3316 2801/3235 
f 2804/3238 977/134 2802/3236 
f 2802/3236 2877/3316 2804/3238 
f 2803/3237 111/135 2805/3240 
f 2805/3240 2878/3317 2803/3237 
f 2805/3240 107/129 2795/3228 
f 2795/3228 2878/3317 2805/3240 
f 2795/3228 105/127 2798/3231 
f 2798/3231 2878/3317 2795/3228 
f 2798/3231 109/131 2803/3237 
f 2803/3237 2878/3317 2798/3231 
f 2806/3241 113/138 2807/3242 
f 2807/3242 2879/3318 2806/3241 
f 2807/3242 111/135 2802/3236 
f 2802/3236 2879/3318 2807/3242 
f 2802/3236 977/134 2808/3244 
f 2808/3244 2879/3318 2802/3236 
f 2808/3244 112/137 2806/3241 
f 2806/3241 2879/3318 2808/3244 
f 2809/3245 115/143 2810/3246 
f 2810/3246 2880/3319 2809/3245 
f 2810/3246 113/138 2806/3241 
f 2806/3241 2880/3319 2810/3246 
f 2806/3241 112/137 2811/3247 
f 2811/3247 2880/3319 2806/3241 
f 2811/3247 114/139 2809/3245 
f 2809/3245 2880/3319 2811/3247 
f 2812/3249 117/145 2813/3250 
f 2813/3250 2881/3320 2812/3249 
f 2813/3250 115/143 2809/3245 
f 2809/3245 2881/3320 2813/3250 
f 2809/3245 114/139 2814/3251 
f 2814/3251 2881/3320 2809/3245 
f 2814/3251 116/144 2812/3249 
f 2812/3249 2881/3320 2814/3251 
f 2815/3253 117/145 2812/3249 
f 2812/3249 2882/3321 2815/3253 
f 2812/3249 116/144 2816/3254 
f 2816/3254 2882/3321 2812/3249 
f 2816/3254 120/149 2817/3256 
f 2817/3256 2882/3321 2816/3254 
f 2817/3256 119/148 2815/3253 
f 2815/3253 2882/3321 2817/3256 
f 2818/3257 107/129 2805/3240 
f 2805/3240 2883/3322 2818/3257 
f 2805/3240 111/135 2807/3242 
f 2807/3242 2883/3322 2805/3240 
f 2807/3242 113/138 2819/3258 
f 2819/3258 2883/3322 2807/3242 
f 2819/3258 121/150 2818/3257 
f 2818/3257 2883/3322 2819/3258 
f 2820/3259 108/130 2793/3226 
f 2793/3226 2884/3323 2820/3259 
f 2793/3226 107/129 2818/3257 
f 2818/3257 2884/3323 2793/3226 
f 2818/3257 121/150 2821/3260 
f 2821/3260 2884/3323 2818/3257 
f 2821/3260 122/151 2820/3259 
f 2820/3259 2884/3323 2821/3260 
f 2819/3258 113/138 2810/3246 
f 2810/3246 2885/3324 2819/3258 
f 2810/3246 115/143 2822/3261 
f 2822/3261 2885/3324 2810/3246 
f 2822/3261 123/152 2823/3262 
f 2823/3262 2885/3324 2822/3261 
f 2823/3262 121/150 2819/3258 
f 2819/3258 2885/3324 2823/3262 
f 2822/3261 115/143 2813/3250 
f 2813/3250 2886/3325 2822/3261 
f 2813/3250 117/145 2824/3263 
f 2824/3263 2886/3325 2813/3250 
f 2824/3263 124/153 2825/3264 
f 2825/3264 2886/3325 2824/3263 
f 2825/3264 123/152 2822/3261 
f 2822/3261 2886/3325 2825/3264 
f 2824/3263 117/145 2815/3253 
f 2815/3253 2887/3326 2824/3263 
f 2815/3253 119/148 2826/3265 
f 2826/3265 2887/3326 2815/3253 
f 2826/3265 125/154 2827/3266 
f 2827/3266 2887/3326 2826/3265 
f 2827/3266 124/153 2824/3263 
f 2824/3263 2887/3326 2827/3266 
f 2828/3267 122/151 2821/3260 
f 2821/3260 2888/3327 2828/3267 
f 2821/3260 121/150 2823/3262 
f 2823/3262 2888/3327 2821/3260 
f 2823/3262 123/152 2829/3268 
f 2829/3268 2888/3327 2823/3262 
f 2829/3268 127/155 2828/3267 
f 2828/3267 2888/3327 2829/3268 
f 2829/3268 123/152 2825/3264 
f 2825/3264 2889/3328 2829/3268 
f 2825/3264 124/153 2830/3269 
f 2830/3269 2889/3328 2825/3264 
f 2830/3269 128/156 2831/3270 
f 2831/3270 2889/3328 2830/3269 
f 2831/3270 127/155 2829/3268 
f 2829/3268 2889/3328 2831/3270 
f 2830/3269 124/153 2827/3266 
f 2827/3266 2890/3329 2830/3269 
f 2827/3266 125/154 2832/3271 
f 2832/3271 2890/3329 2827/3266 
f 2832/3271 129/157 2833/3272 
f 2833/3272 2890/3329 2832/3271 
f 2833/3272 128/156 2830/3269 
f 2830/3269 2890/3329 2833/3272 
f 2834/3273 887/950 2835/3274 
f 2835/3274 2891/3330 2834/3273 
f 2835/3274 971/1032 2836/3275 
f 2836/3275 2891/3330 2835/3274 
f 2836/3275 973/1034 2837/3276 
f 2837/3276 2891/3330 2836/3275 
f 2837/3276 972/1033 2834/3273 
f 2834/3273 2891/3330 2837/3276 
f 2838/3277 972/1033 2837/3276 
f 2837/3276 2892/3331 2838/3277 
f 2837/3276 973/1034 2839/3278 
f 2839/3278 2892/3331 2837/3276 
f 2839/3278 975/1036 2840/3279 
f 2840/3279 2892/3331 2839/3278 
f 2840/3279 974/1035 2838/3277 
f 2838/3277 2892/3331 2840/3279 
f 2841/3280 976/1046 2842/3281 
f 2842/3281 2893/3332 2841/3280 
f 2842/3281 885/949 2843/3282 
f 2843/3282 2893/3332 2842/3281 
f 2843/3282 887/950 2834/3273 
f 2834/3273 2893/3332 2843/3282 
f 2834/3273 972/1033 2841/3280 
f 2841/3280 2893/3332 2834/3273 
f 2844/3283 110/3190 2800/3234 
f 2800/3234 2894/3333 2844/3283 
f 2800/3234 884/3189 2845/3284 
f 2845/3284 2894/3333 2800/3234 
f 2845/3284 885/949 2842/3281 
f 2842/3281 2894/3333 2845/3284 
f 2842/3281 976/1046 2844/3283 
f 2844/3283 2894/3333 2842/3281 
f 2804/3239 110/3190 2844/3283 
f 2844/3283 2895/3334 2804/3239 
f 2844/3283 976/1046 2846/3285 
f 2846/3285 2895/3334 2844/3283 
f 2846/3285 978/1049 2847/3286 
f 2847/3286 2895/3334 2846/3285 
f 2847/3286 977/3191 2804/3239 
f 2804/3239 2895/3334 2847/3286 
f 2841/3280 972/1033 2838/3277 
f 2838/3277 2896/3335 2841/3280 
f 2838/3277 974/1035 2848/3287 
f 2848/3287 2896/3335 2838/3277 
f 2848/3287 978/1049 2846/3285 
f 2846/3285 2896/3335 2848/3287 
f 2846/3285 976/1046 2841/3280 
f 2841/3280 2896/3335 2846/3285 
f 2808/3243 977/3191 2847/3286 
f 2847/3286 2897/3336 2808/3243 
f 2847/3286 978/1049 2849/3288 
f 2849/3288 2897/3336 2847/3286 
f 2849/3288 979/1770 2850/3289 
f 2850/3289 2897/3336 2849/3288 
f 2850/3289 112/3192 2808/3243 
f 2808/3243 2897/3336 2850/3289 
f 2811/3248 112/3192 2850/3289 
f 2850/3289 2898/3337 2811/3248 
f 2850/3289 979/1770 2851/3290 
f 2851/3290 2898/3337 2850/3289 
f 2851/3290 980/2199 2852/3291 
f 2852/3291 2898/3337 2851/3290 
f 2852/3291 114/3193 2811/3248 
f 2811/3248 2898/3337 2852/3291 
f 2814/3252 114/3193 2852/3291 
f 2852/3291 2899/3338 2814/3252 
f 2852/3291 980/2199 2853/3292 
f 2853/3292 2899/3338 2852/3291 
f 2853/3292 981/2211 2854/3293 
f 2854/3293 2899/3338 2853/3292 
f 2854/3293 116/3194 2814/3252 
f 2814/3252 2899/3338 2854/3293 
f 2855/3294 120/3195 2816/3255 
f 2816/3255 2900/3339 2855/3294 
f 2816/3255 116/3194 2854/3293 
f 2854/3293 2900/3339 2816/3255 
f 2854/3293 981/2211 2856/3295 
f 2856/3295 2900/3339 2854/3293 
f 2856/3295 983/2212 2855/3294 
f 2855/3294 2900/3339 2856/3295 
f 2857/3296 979/1770 2849/3288 
f 2849/3288 2901/3340 2857/3296 
f 2849/3288 978/1049 2848/3287 
f 2848/3287 2901/3340 2849/3288 
f 2848/3287 974/1035 2858/3297 
f 2858/3297 2901/3340 2848/3287 
f 2858/3297 984/2299 2857/3296 
f 2857/3296 2901/3340 2858/3297 
f 2859/3298 984/2299 2858/3297 
f 2858/3297 2902/3341 2859/3298 
f 2858/3297 974/1035 2840/3279 
f 2840/3279 2902/3341 2858/3297 
f 2840/3279 975/1036 2860/3299 
f 2860/3299 2902/3341 2840/3279 
f 2860/3299 985/2301 2859/3298 
f 2859/3298 2902/3341 2860/3299 
f 2861/3300 986/2302 2862/3301 
f 2862/3301 2903/3342 2861/3300 
f 2862/3301 980/2199 2851/3290 
f 2851/3290 2903/3342 2862/3301 
f 2851/3290 979/1770 2857/3296 
f 2857/3296 2903/3342 2851/3290 
f 2857/3296 984/2299 2861/3300 
f 2861/3300 2903/3342 2857/3296 
f 2863/3302 987/2303 2864/3303 
f 2864/3303 2904/3343 2863/3302 
f 2864/3303 981/2211 2853/3292 
f 2853/3292 2904/3343 2864/3303 
f 2853/3292 980/2199 2862/3301 
f 2862/3301 2904/3343 2853/3292 
f 2862/3301 986/2302 2863/3302 
f 2863/3302 2904/3343 2862/3301 
f 2865/3304 988/2304 2866/3305 
f 2866/3305 2905/3344 2865/3304 
f 2866/3305 983/2212 2856/3295 
f 2856/3295 2905/3344 2866/3305 
f 2856/3295 981/2211 2864/3303 
f 2864/3303 2905/3344 2856/3295 
f 2864/3303 987/2303 2865/3304 
f 2865/3304 2905/3344 2864/3303 
f 2867/3306 986/2302 2861/3300 
f 2861/3300 2906/3345 2867/3306 
f 2861/3300 984/2299 2859/3298 
f 2859/3298 2906/3345 2861/3300 
f 2859/3298 985/2301 2868/3307 
f 2868/3307 2906/3345 2859/3298 
f 2868/3307 990/2306 2867/3306 
f 2867/3306 2906/3345 2868/3307 
f 2869/3308 991/2307 2870/3309 
f 2870/3309 2907/3346 2869/3308 
f 2870/3309 987/2303 2863/3302 
f 2863/3302 2907/3346 2870/3309 
f 2863/3302 986/2302 2867/3306 
f 2867/3306 2907/3346 2863/3302 
f 2867/3306 990/2306 2869/3308 
f 2869/3308 2907/3346 2867/3306 
f 2871/3310 992/2308 2872/3311 
f 2872/3311 2908/3347 2871/3310 
f 2872/3311 988/2304 2865/3304 
f 2865/3304 2908/3347 2872/3311 
f 2865/3304 987/2303 2870/3309 
f 2870/3309 2908/3347 2865/3304 
f 2870/3309 991/2307 2871/3310 
f 2871/3310 2908/3347 2870/3309 
f 970/1031 971/1032 2835/3274 
f 2843/3282 885/949 2910/3349 
f 2910/3349 2909/3348 2843/3282 
f 2910/3349 885/949 2845/3284 
f 2845/3284 2911/3350 2910/3349 
f 2911/3350 9/5 886/948 
f 886/948 2910/3349 2911/3350 
f 886/948 888/951 2909/3348 
f 2909/3348 2910/3349 886/948 
f 2796/3229 12/9 11/10 
f 11/10 2912/3351 2796/3229 
f 2914/3353 9/5 884/6 
f 884/6 2799/3232 2914/3353 
f 2912/3351 11/10 10/8 
f 10/8 2913/3352 2912/3351 
f 2913/3352 10/8 9/5 
f 9/5 2914/3353 2913/3352 
f 2791/3224 104/126 103/125 
f 103/125 2915/3354 2791/3224 
f 84/99 18/19 2916/3355 
f 2916/3355 2917/3356 84/99 
f 2916/3355 2915/3354 103/125 
f 103/125 2917/3356 2916/3355 
f 2918/3357 2919/3358 102/122 
f 102/122 2920/3359 2918/3357 
f 2920/3359 102/122 92/111 
f 92/111 2921/3360 2920/3359 
f 92/111 91/109 2922/3361 
f 2922/3361 2921/3360 92/111 
f 2922/3361 91/109 2923/3362 
f 143/175 127/155 2831/3270 
f 128/156 144/176 143/175 
f 143/175 2831/3270 128/156 
f 132/161 144/176 2924/3363 
f 2924/3363 2925/3364 132/161 
f 129/157 2925/3364 2924/3363 
f 2924/3363 2833/3272 129/157 
f 130/159 133/162 2926/3365 
f 2926/3365 2927/3366 130/159 
f 2925/3364 129/157 2927/3366 
f 2927/3366 2926/3365 2925/3364 
f 125/154 126/158 2928/3367 
f 2928/3367 2832/3271 125/154 
f 2928/3367 2927/3366 129/157 
f 129/157 2832/3271 2928/3367 
f 119/148 2930/3369 2929/3368 
f 2929/3368 2826/3265 119/148 
f 120/149 2935/146 2931/3370 
f 2931/3370 2817/3256 120/149 
f 2930/3369 119/148 2817/3256 
f 2817/3256 2931/3370 2930/3369 
f 982/2298 2935/3374 2932/3371 
f 2932/3371 2933/3372 982/2298 
f 2932/3371 2855/3294 983/2212 
f 983/2212 2933/3372 2932/3371 
f 988/2304 989/2305 2934/3373 
f 2934/3373 2866/3305 988/2304 
f 2933/3372 983/2212 2866/3305 
f 2866/3305 2934/3373 2933/3372 
f 2936/3376 2937/3377 993/2309 
f 993/2309 989/2305 2936/3376 
f 992/2308 2937/3377 2936/3376 
f 2936/3376 2872/3311 992/2308 
f 2937/3377 992/2308 2938/3378 
f 2939/3379 2940/3380 995/2311 
f 995/2311 996/2312 2939/3379 
f 992/2308 2940/3380 2939/3379 
f 2939/3379 2938/3378 992/2308 
f 991/2307 998/2315 2941/3381 
f 2941/3381 2871/3310 991/2307 
f 2941/3381 2940/3380 992/2308 
f 992/2308 2871/3310 2941/3381 
f 2860/3299 975/1036 997/2314 
f 997/2314 985/2301 2860/3299 
f 2869/3308 990/2306 997/2314 
f 997/2314 2942/3382 2869/3308 
f 994/2310 2196/2562 2943/3383 
f 2943/3383 2944/3384 994/2310 
f 2942/3382 997/2314 2944/3384 
f 2944/3384 2943/3383 2942/3382 
f 997/2314 975/1036 2839/3278 
f 2839/3278 2944/3384 997/2314 
f 2836/3275 971/1032 969/1030 
f 125/154 2826/3265 2929/3368 
f 2929/3368 126/158 125/154 
f 102/122 2919/3358 2945/3385 
f 2945/3385 131/160 102/122 
f 146/178 148/180 157/925 
f 157/925 138/167 146/178 
f 146/178 138/167 131/160 
f 2946/3386 143/175 146/178 
f 146/178 131/160 2946/3386 
f 127/155 143/175 2946/3386 
f 2946/3386 2828/3267 127/155 
f 2917/3356 103/125 2948/3388 
f 2948/3388 2918/3357 2917/3356 
f 2918/3357 2948/3388 2949/3389 
f 2949/3389 2919/3358 2918/3357 
f 104/126 2949/3389 2948/3388 
f 2948/3388 103/125 104/126 
f 2950/3390 2949/3389 104/126 
f 104/126 2790/3223 2950/3390 
f 2949/3389 2950/3390 2947/3387 
f 2947/3387 2919/3358 2949/3389 
f 2950/3390 2790/3223 106/128 
f 106/128 2794/3227 2950/3390 
f 2947/3387 2950/3390 2794/3227 
f 2794/3227 108/130 2947/3387 
f 2951/3391 2947/3387 108/130 
f 108/130 2820/3259 2951/3391 
f 2947/3387 2951/3391 2945/3385 
f 2945/3385 2919/3358 2947/3387 
f 2945/3385 2951/3391 2946/3386 
f 2946/3386 131/160 2945/3385 
f 2951/3391 2820/3259 122/151 
f 122/151 2946/3386 2951/3391 
f 122/151 2828/3267 2946/3386 
# 5906 faces

